months_active,bill_payment_ratio,qr_transaction_consistency,airtime_topup_frequency,psychometric_score,network_trust_score,avg_transaction_value,transaction_volatility,days_since_last_transaction,community_fraud_flag,risk_band
7,0.11566237472322866,0.49096436217508826,0.1656756001152424,1.1621792566571683,0.06534525902160175,6533,0.4108399810575185,41,1,0
13,0.9376267228955573,0.8085202669654278,0.6262638910377096,3.0711417340710967,0.6476566775596156,28552,0.35957994847228447,0,0,3
21,0.46972411164646016,0.6398602665301079,0.5091189974906422,3.199303105907713,0.263595626591108,9507,0.6356302928473347,19,0,1
5,0.5813392944398843,0.7439710235008149,0.6784655836786195,4.1291304242270055,0.474792597892196,5514,0.3291257252813093,16,0,2
20,0.535934844685866,0.3154831741080158,0.15614533057783545,3.415552795660318,0.3638464545581023,10862,0.30554564023125924,19,1,1
4,0.7311457708362934,0.40674856853168584,0.5589573130233324,3.0617854804716114,0.4244693392593375,10988,0.631808875160234,40,0,1
25,0.7667882413954646,0.6487742659305813,0.4135596641119508,2.723271858792123,0.7052182928078126,11679,0.5953663462597456,10,0,2
6,0.3910624946812343,0.18951109773313485,0.292697218694964,1.9107167759902486,0.30185873392030554,13108,0.9977629406819225,44,1,0
40,0.7378011845713315,0.7892664804207569,0.8114686914675593,4.430981814198549,0.7012301280930683,22835,0.10963698096193786,15,0,3
22,0.2569908564856824,0.2693879420563154,0.562804336253797,3.0674834315173767,0.6252751859718781,15937,0.2917551084377854,23,1,1
58,0.8948292737685178,0.7817071888876399,0.759130183338196,4.627532576639172,0.9039783881693095,31369,0.4317003834285009,12,0,3
14,0.722558753671273,0.4129342804415719,0.4853316580010497,2.0335274399629073,0.5698122479307803,19145,0.5478186234797842,36,0,1
14,0.5120188349337935,0.46617386397731436,0.16058190699101912,1.774275385667373,0.4826020517405336,15749,0.2964923740814497,38,0,1
4,0.7932143671481979,0.4169032832922513,0.6320467337377498,3.617906480540754,0.3112246242156623,10232,0.4871523843704594,1,1,2
26,0.9951899485533853,0.8924094685833126,0.5516544785620079,3.020855398794806,0.4721483359070054,23878,0.14762090124482108,14,0,3
31,0.7875463071426008,0.9941469248966939,0.7396394642881436,4.565392081488298,0.5918000994643269,11036,0.32955688223476326,18,0,3
20,0.8236772682748816,0.6728473380786416,0.6235002973730992,3.312812573601991,0.5522123730317184,21996,0.39144241310466765,1,1,2
12,0.8795029223832598,0.8159442548451347,0.5045362023263624,4.070716203685322,0.8695491639108028,16654,0.33805411570720556,11,0,3
21,0.59932849004062,0.265367369728925,0.23080803036514871,2.6064175931955322,0.3905335954237368,7152,0.8237555188164287,39,0,1
7,0.2090642723810103,0.35314440701950367,0.4381708057387808,1.1871782641448452,0.02287469889600689,1597,0.8426906365521676,29,0,0
21,0.821624817893079,0.43719182742034524,0.3611014795432192,3.59865273037203,0.3941925046674365,2080,0.6015298666647542,2,0,2
5,0.7120389026471348,0.5928910751968771,0.3714352530529452,1.7326474332123858,0.37971937330918926,3671,0.6169189567688643,12,0,1
14,0.3457517194799623,0.1889091419224525,0.27825902054035,2.401248716324602,0.2871627698209609,9612,0.6058142636688342,42,1,0
26,0.7908022451686586,0.4973695545893753,0.39734879985717636,3.6816317497910154,0.6370988114324648,6377,0.5532989997939473,15,1,2
13,0.04459638769645758,0.05645516942943796,0.0950646288647618,2.7547300914261363,0.2781901542890513,11240,0.7539539069642891,10,1,0
29,0.982201006056985,0.7565928440806008,0.7606301560902075,3.1740779251753173,0.7121779461511925,7912,0.2916332589065227,2,0,3
10,0.6241981781048715,0.5878273176630167,0.5050725187982517,2.9098478856555285,0.37605110288215715,5647,0.48064535854911095,25,0,1
19,0.8628554556311321,0.7670925962200428,0.532888343450962,2.8443373771052984,0.3461345022813814,27395,0.11692634804253806,15,0,2
16,0.5943584546089794,0.7593752696507945,0.5635449575713503,3.949862395039238,0.397554410012105,5407,0.20925785897462654,3,0,2
27,0.8697630452320226,0.9989022139073578,0.5547337993395576,3.8763446928239755,0.8549110066459225,17567,0.4109633179699648,10,0,3
16,0.8389244085687666,0.6342964208481927,0.40880268368596806,3.179385236959174,0.728306168112463,5891,0.10087155445648706,22,0,2
19,0.45975627509826317,0.4129989441616245,0.7523032390625628,4.217683166828521,0.6932629435517956,19743,0.5577051337691568,11,0,2
29,0.547658207851995,0.6473464902373008,0.4849434207998292,4.216738813439317,0.580792180483454,2799,0.36933721752182025,12,0,2
12,0.8666561875216943,0.5285403877708642,0.37775356262943083,2.901264180293147,0.4962938751805556,8192,0.2701878590332158,24,1,2
10,0.5906390420214984,0.4599376369148429,0.6931000348725951,2.807368271614494,0.6634889597642155,6675,0.23132124170218532,8,0,2
30,0.8804204725434398,0.7265845186060107,0.7762849997390302,3.3274657951606597,0.5640237245018996,7205,0.2723018061259983,17,0,2
17,0.4075279846593272,0.40703430972022125,0.3384098030739854,1.8466950839716874,0.2787056150983527,2916,0.5870787115972829,30,0,1
10,0.697151446659324,0.637125938342168,0.4468262897234052,2.913143021429481,0.4705597325259897,11613,0.6775628105528397,34,0,1
14,0.8810936781576856,0.8549421116869393,0.406567657930452,4.333922226204978,0.5819335159458833,2442,0.15761939504829203,14,1,2
16,0.6613105828883776,0.9392512381867534,0.797388318688468,3.24407010424879,0.9381747582541206,10069,0.20782109334295285,14,0,3
47,0.7820406791297916,0.7515286262227663,0.6632167882516464,3.3059676016571253,0.7514860875831412,6321,0.4377556132763081,16,0,3
13,0.37049834516115343,0.42299443869361575,0.18623193505747518,2.805825783933538,0.06145511701648518,13530,0.6841610808968106,78,0,0
11,0.7761207833218439,0.6347700059801397,0.9757749871776635,3.46510271673076,0.5874094611313081,21284,0.2486562230844862,7,0,3
25,0.68023912405734,0.7581662265050908,0.3629605312459334,3.1727874468058186,0.5999428940263873,5367,0.4579414795788589,6,1,2
5,0.3874541687411204,0.6272825844706202,0.5299985791654842,1.6343912789655228,0.4331953603155487,13294,0.44353554197996103,31,0,1
21,0.7459253221211386,0.513278370836434,0.4979420573995025,3.6046429947485557,0.6627390170077434,23703,0.3682453775734532,3,1,2
12,0.7052091223244765,0.8014794863583312,0.4576995289463114,3.9046499588394137,0.6055117057709622,20402,0.4697533562107441,10,0,2
23,0.5790181365483268,0.5056432317026908,0.3623617531308432,3.119731298816969,0.4192135894767418,7957,0.1349849478970754,14,1,2
45,0.6703677584279553,0.8983898102194872,0.7287160488868536,3.1425605401103276,0.5303254586147264,45604,0.09392142626888705,2,0,3
4,0.6764780568368745,0.624293828515439,0.22698717558284195,2.248397974190851,0.2986718737700228,1744,0.2983099351549071,21,0,1
14,0.5501012735462903,0.4883804237179621,0.2555191651043077,1.9839671126054919,0.2676627754798748,4624,0.5677378561890023,42,0,1
58,0.8763969265840533,0.9777638902309094,0.8465969704113405,4.332613771670079,0.45642166266055983,29039,0.030314463033234096,9,0,3
6,0.6686199997577297,0.4262822517177913,0.19001628488296832,2.5945527749078288,0.40455684624443955,5876,0.6270018191791922,7,1,1
38,0.909340851318734,0.8349814416936298,0.8257597334011324,3.5594070769429584,0.8495702276174659,6134,0.1455721238925895,1,0,3
29,0.8555735249501648,0.4439140088259802,0.4421237542774995,3.1299041238375187,0.7161195533542208,18528,0.38806717310406746,19,0,2
2,0.44705286706794733,0.27653655368360774,0.11089542635714501,2.606038764598733,0.27099380891169156,12515,0.6281727337017112,63,0,0
8,0.6000941296470266,0.3325904375651614,0.5860148674214334,2.328270745624709,0.6201170964364447,16202,0.4609168249581282,3,1,1
16,0.4432077809152906,0.4014864000616971,0.20225378132136204,3.533361251656182,0.43811470588896717,10424,0.7127881799350084,33,0,1
2,0.2770672042011604,0.5394391161952983,0.38761373350087014,3.7000970356906886,0.3192402551839888,6077,0.38409925261278655,23,0,1
27,0.6950619394048754,0.9922307200719953,0.7231843232562928,3.709682720513781,0.8246129957983712,3882,0.42292477522998384,8,0,3
24,0.5987306336133634,0.6156620356426248,0.36974625628493185,2.212476714865313,0.3693811103258149,15844,0.27694569790523893,12,0,1
26,0.7271371427212274,0.8483094275893692,0.7981971420953149,3.4128268794248484,0.6917919473714418,17217,0.21207681880508505,15,0,2
9,0.373308711345337,0.24351678254577713,0.1696217880202732,1.9106256804413442,0.15878272785198347,16421,0.29313965119449764,3,0,1
22,0.6094335402441384,0.6115547397204465,0.5363591815605943,4.070013672416524,0.32321682774140614,25480,0.45056587386432423,21,1,2
9,0.04670618646276779,0.18923752536368577,0.3160415332735874,1.216245214592123,0.3793232879447677,1843,0.8727821604449583,78,1,0
9,0.27152997023314257,0.3041651275734955,0.2854338347341487,2.7977580811586495,0.027530946413282943,327,0.5015295400836948,79,0,0
23,0.8508754004116532,0.7086900892565682,0.5368200542257897,3.080736424972041,0.677982924465624,10656,0.24356576591139711,8,0,2
9,0.5032506005184627,0.36818435594185484,0.47340283017454843,3.0065568017317066,0.5084420877986386,18370,0.7477138993004528,16,0,1
29,0.8727412591061039,0.8965843644556182,0.9806576440924537,3.7215450382211994,0.7825319586821379,24386,0.47149190840802124,7,0,3
7,0.5754394187478886,0.6449829343733406,0.42860952246502193,2.4473642002328555,0.6375509505501001,1669,0.755919484974211,35,0,1
21,0.7431584211360065,0.6197833532377109,0.4143429268394099,3.387553381822462,0.40228848394640027,12882,0.7821594377903032,18,0,1
9,0.6965909250056174,0.8578186602503288,0.7900561148477341,3.948672219812428,0.8381476882540875,24083,0.41239392813889336,17,0,3
4,0.6885774501855971,0.6731544496041937,0.31703860870892364,2.8928116299560394,0.6221661178741458,8121,0.28646870117764206,7,0,1
17,0.4880482559743734,0.753676698760722,0.5677324865149505,2.833528537745384,0.5185860247800886,2634,0.46664983982618313,10,0,2
19,0.5756851808818906,0.4274736128880685,0.7704890975791312,2.9365463975629877,0.5580674023372489,19529,0.19715366642875826,2,0,2
16,0.8078186565956366,0.9816347746158532,0.7563076026029025,3.784787443056949,0.4022902804746083,23219,0.49504318803374103,15,0,3
21,0.6200746968487953,0.5907451216292859,0.48218770542578115,2.576027430186844,0.3789547034823577,6221,0.4844215304128656,19,0,1
32,0.730984793817472,0.852338290944839,0.5539703573397596,3.9747459440613424,0.6860447619406425,13953,0.273019850600425,10,0,2
56,0.7049421889506678,0.8353055027879724,0.6155654562138233,4.029315173147023,0.7355108840975959,43697,0.12765453825196582,8,0,3
7,0.26957087373512817,0.2794161587774087,0.028282805216025785,1.9777515215069892,0.11401022810164807,11722,0.7656678443054032,25,0,0
55,0.8909749652678782,0.9402909840065818,0.9300634082089618,4.793428579680245,0.8682398656883648,13332,0.37980571434989824,16,0,3
27,0.7605753089547279,0.7944411601529874,0.7616125521516757,3.517367901368158,0.5441548214129226,8999,0.37768114830241895,9,0,2
24,0.5033456005031494,0.6087491282628332,0.588423887077056,3.153214780086059,0.487661763403583,17173,0.506876830426085,23,1,1
5,0.48690421748006935,0.6416841490154559,0.5294659743073408,1.9162380471494052,0.4205151445314057,16582,0.2740836328992461,9,0,1
3,0.7121581775037146,0.41749009894402256,0.577801313527014,2.5465253743060017,0.606447990153117,10644,0.7466026813415165,13,1,1
12,0.5031155180454401,0.3825228467380567,0.1802234614926351,2.0527426257131105,0.2670381019920576,8695,0.3402075248390599,20,0,1
7,0.15836510508705415,0.39585894078176415,0.13544392916780257,1.357462473190454,0.278602387808328,9700,0.7174128043357144,20,0,0
25,0.5097352329026664,0.7416534135956558,0.3746119285593204,3.8317155324325545,0.7588793213175804,20276,0.28021023002598855,8,0,2
57,0.654785187689449,0.8795383412643618,0.7168276669781944,3.4577892096932272,0.998246894248997,9139,0.2612698583660266,5,0,3
14,0.37858856801221363,0.30753573573252624,0.2964178112301302,3.050260211990105,0.17292600918735077,15485,0.5102367297375867,26,0,1
2,0.45726041469509054,0.2801969375030726,0.29854027493899915,3.333695758990647,0.6136328163157045,1594,0.5779565580983468,10,0,1
0,0.49460333589498323,0.23346108878185762,0.16796473155741395,1.6477920555421026,0.23037116811548394,1813,0.7005770958156186,64,1,0
14,0.791820730373496,0.7510903789760677,0.6127700712218678,4.019448493503396,0.9171921450425634,16467,0.41488156014382244,15,1,3
40,0.9149496962602801,0.8880810326529183,0.7079536830734704,3.497160515429884,0.9928393399916644,4932,0.427110953170434,17,0,3
8,0.3299693602724588,0.43790992102576304,0.17801195036224352,2.1146239439680468,0.34842003488447115,10294,0.4294532499693944,63,0,0
10,0.05824848489612782,0.25244540713948055,0.10842841918662427,2.0145715105812694,0.1251241001835244,12468,0.49797500919853543,85,1,0
7,0.49919770615170067,0.8082420295977266,0.372861165360024,4.063865159576418,0.501196782407215,14482,0.12544200409370615,18,0,2
8,0.5148874576283993,0.5356517565467581,0.4832692276488444,2.549042418889589,0.3219803067917838,6285,0.42802377350193976,3,0,1
19,0.6467955986011618,0.39975323763028214,0.5284973797448278,2.5466189210587187,0.29673928867950716,10037,0.8045426204884797,28,0,1
4,0.12962876515853067,0.16099154364206197,0.09622586505020876,1.1424001969489963,0.000903170627538319,10486,0.9729298232605302,70,0,0
4,0.45858928277004796,0.8766128635757955,0.4217929805097906,3.1572086789596856,0.4490196660472255,23408,0.13473829049027664,3,0,2
28,0.7415134365063887,0.46409643191715977,0.7513429085037845,2.985890723374088,0.31002635489200425,17355,0.3943890040461201,5,0,2
18,0.49633928821371015,0.8505830249795368,0.45002724498736335,4.48366358492726,0.5620773338473779,22169,0.5459554623492491,2,0,2
21,0.3655444610672843,0.4895362638429972,0.2654701796103669,3.4370831844835976,0.17169834707802592,16235,0.7607733035785089,35,1,1
59,0.9079852470450567,0.9549841930054012,0.7671211029882226,3.627455382388192,0.879006512934597,14738,0.4532104819572184,14,0,3
14,0.5638220856633112,0.5898007697163414,0.6647231334443153,2.712183559225818,0.39787301477408266,25576,0.36682254924288415,15,0,2
23,0.8911724622478849,0.6425753231228463,0.5935571964952235,3.2524587567223824,0.6818015335440069,23787,0.27435053335386717,9,0,2
43,0.7939223523052652,0.9505776303501176,0.806472087432803,4.872898347767321,0.6685617641921302,22799,0.3805441530119378,14,0,3
9,0.7187409784899108,0.5640955690231125,0.5223063563167606,3.182298651639366,0.5228194004110809,25406,0.6332562813727519,24,0,2
24,0.7698623360361777,0.5661745056065572,0.44594176912511074,4.466774440921145,0.7374938440263257,8450,0.21601003485858156,24,0,2
39,0.5587015663084991,0.5717222863809829,0.35716412026825933,4.215528291572059,0.7439364659256651,18391,0.29660830502595786,5,0,2
2,0.48623105695744523,0.6664812742835398,0.19749332248865606,3.7248340961303597,0.4160599301023532,14753,0.2575855608400111,42,0,1
11,0.5588515416390325,0.7357764436554515,0.5172771430774072,4.141680473409702,0.43232475249938074,22933,0.2658186284448977,24,0,2
3,0.45665653349936386,0.4118649400670849,0.07591546302310968,2.9410845123115195,0.37653190647521356,3016,0.7495196982926884,45,1,0
7,0.6782540267071103,0.8274116550405212,0.58439698030138,3.9107127403882362,0.44943159439343383,18944,0.46393131593032677,1,0,2
24,0.7017086821671794,0.8089738304284676,0.9865488740351732,3.2504671408656542,0.5358108966048916,31753,0.17630130296442909,11,0,3
9,0.6572095986073374,0.6941017463634871,0.59484686266378,3.3342246487399394,0.31710764668537994,11230,0.3671601611146324,30,0,1
8,0.7577209137942682,0.5272543601992714,0.5719763723023521,3.808155105911495,0.3204757660747399,28267,0.5576521048457133,15,0,2
25,0.7283471730672122,0.8762240929782562,0.9742916774257169,3.210735067905612,0.4773092272001529,10684,0.21569032438703734,15,0,3
12,0.4517851962248007,0.6304652412893479,0.156829941717646,2.358625434641664,0.16777593877452754,5017,0.8340275174650703,16,1,1
0,0.5263369043406709,0.2965958787789729,0.24879122708659707,2.8900438350704776,0.1588865208303897,10932,0.9813644263045598,65,0,0
16,0.49092346662133485,0.8386606193544622,0.7966814968037916,2.8192655135468803,0.5911977542042515,26841,0.5176857877260677,1,0,2
5,0.2601181163199752,0.2835208906690763,0.33593005766654715,2.727069748109381,0.38403273021311557,13914,0.3701325614731996,35,0,1
19,0.4568465627331011,0.5235899085489879,0.473761147619509,2.68936198100959,0.41962943137573194,27473,0.45707582874752994,5,0,2
11,0.7137993574665853,0.9215907917603591,0.5811909473311605,3.1900233979846093,0.9028913101311546,42852,0.030665477821641307,3,0,3
5,0.35796910201006754,0.39929983135922786,0.5865178007630684,3.422682955096607,0.5136211597849895,5405,0.8315452782748227,36,0,1
11,0.4549320113357739,0.5470085857622151,0.580967227056699,2.774606750283209,0.5459339109586034,15765,0.4763807577503967,6,0,2
19,0.5007736100210423,0.45713022615670773,0.40310271197871866,3.528904868803079,0.6742031722025189,22059,0.19443546010266996,3,0,2
9,0.7026865941312137,0.21010876007389873,0.5570259632107148,2.5740986649264066,0.28267123740346656,17215,0.7781747578080581,12,1,1
43,0.8907246509836291,0.8679669858200156,0.9933464901785808,3.8485937717697762,0.9890792159563766,10166,0.272252884524614,15,0,3
3,0.03626748843260779,0.44198456472364883,0.0742259973411847,1.7779169712558747,0.3143745999244928,7736,0.9262958812108066,32,0,0
12,0.04439781752060294,0.15952201567683133,0.0011491147206286801,2.4173694376201906,0.3280198552731167,5261,0.9710398654146556,43,0,0
25,0.8316764771740792,0.45372859750469885,0.7369733213825342,2.5078282114707813,0.37527229403111234,6060,0.3681698818681939,3,0,2
26,0.5033641018933548,0.5814371385405535,0.42980811274688424,3.4848035184086714,0.3878919079151909,12559,0.4390534830258387,15,0,2
35,0.7215791466103748,0.8056058738347724,0.599384442952156,2.6263765585490324,0.7981484021226128,15465,0.15825362929582543,2,0,2
17,0.7029759595973222,0.6702006861310927,0.6433982970899483,3.597034963603397,0.6411322806778481,10899,0.6815031537052751,18,0,1
9,0.5309917580697259,0.17932279920076238,0.278739699270546,1.89710971209141,0.29362472127412703,8411,0.4451157086210539,41,1,0
6,0.2863298992416396,0.06777244180575742,0.2878659279715962,1.6826692016624365,0.21354589190167816,6714,0.4258485820035549,88,0,0
13,0.2615427402758851,0.37959670119459077,0.4839301111198402,2.0176341946837457,0.5422550678387765,10441,0.8148467088511007,20,0,1
7,0.3264435578239991,0.47351407321222383,0.24325550625202988,2.9146686820425742,0.2599671569152906,7716,0.690464188528676,31,0,1
9,0.5444718242536744,0.5633674181766712,0.5446502245540751,2.180655025644545,0.3308226638775098,17730,0.5100285088689644,41,1,1
53,0.9887908179039381,0.8293177512717602,0.5146972228782536,4.668606731909535,0.46776592504670417,3340,0.30153215308525827,14,0,3
22,0.715633313700669,0.21874397843482968,0.49123953311843094,3.711292018481675,0.6298634190194806,6872,0.7704424679347405,26,0,1
10,0.45077256584285136,0.7413568420133277,0.5876306364194355,4.11885497692563,0.4623043990484723,17551,0.40064410526878536,9,0,2
7,0.49758579612333315,0.27052989974614855,0.5510312796554016,3.210664898959151,0.3898159780997634,1854,0.6431394907458065,13,0,1
4,0.88124521453726,0.8709671482210443,0.35316931158086384,4.173459372287572,0.37246626355475027,23904,0.6422574624335098,1,1,2
19,0.47862390855676185,0.7137216496213216,0.7701112052030102,3.710888970610685,0.6853459853801169,2646,0.330966276941531,8,0,2
8,0.5182773355053997,0.2707744254939117,0.632742828503967,3.006333789975913,0.4327694573098301,10762,0.49889840313337236,14,0,1
54,0.7081754011682385,0.7015554256173218,0.7411781907757957,3.4472288689926227,0.7347884432695839,8906,0.44803755589728667,16,0,3
40,0.8780196701502259,0.797592594852345,0.8783179018924674,4.619059951536883,0.7393299789528642,9588,0.4221243512029092,19,0,3
23,0.45316151592278964,0.2082685622803354,0.2547099084001404,1.6929758462048554,0.5657178096463555,1080,0.4969069617395262,3,0,1
39,0.5307819607038844,0.7131884586434714,0.5676608704160573,3.0481663912819914,0.6857848630279131,18243,0.3335734568301522,13,0,2
29,0.7935134229614376,0.5834237962364741,0.6189345979410052,4.449539686840826,0.3358658689074542,23676,0.2515018505759936,20,0,2
13,0.26539155111882007,0.6256411061082654,0.20193689513940524,1.9476481885674166,0.5503464004583656,11277,0.6420591545046173,17,0,1
17,0.6809428781779763,0.9352427852713183,0.6977575849245077,4.258597612021473,0.4523076806990987,46949,0.41770391542106294,17,0,3
28,0.771917811558619,0.8864716298931808,0.6960756057225983,4.264030972040837,0.6611082395532141,49737,0.24928539975285458,0,0,3
38,0.5298401193701039,0.6479812440900522,0.4119803444995139,4.248218236051661,0.7360805759847533,9634,0.31912025663518345,17,1,2
5,0.4801634923889164,0.2577783494181694,0.5423871605813947,3.6464949354359635,0.5848796247838441,5563,0.4621827178840662,25,0,1
15,0.9019594293116979,0.5660122518281292,0.41948709089264585,4.4411093414569915,0.6897764343976309,22102,0.4443957405866421,23,0,2
19,0.557321409467443,0.6498798076841287,0.26669772586420337,1.9010204275970048,0.3151788443495305,14888,0.31206109998925735,6,1,1
19,0.5701995397277012,0.7235381763639792,0.35219078344497645,3.1913138710837186,0.4181682951343756,3909,0.5930600714926125,16,1,2
12,0.6979549150297274,0.5171908290433155,0.4787404649140673,2.749913132168036,0.6466909503074276,22895,0.31696654724112794,14,0,2
12,0.9804880589938085,0.9514516461493753,0.5946107698925029,4.29321182684572,0.579666106295132,37285,0.28590458180357686,18,0,3
15,0.4970628705706353,0.6383026391852992,0.35137680937372096,1.9957495557404543,0.3999111288742945,18997,0.4232976579517652,37,0,1
13,0.4049677587895009,0.15737824643038456,0.27904928940727075,1.2693178532483704,0.18012465333651606,12834,0.9029152208701504,83,1,0
14,0.5386708625981851,0.3526907409842318,0.46214520039163487,2.9932582855273324,0.381267471647853,6276,0.5970839506011314,41,0,1
9,0.36534243742707573,0.3277448117665005,0.27355902642312346,2.297586231174335,0.4400602031658124,2772,0.9242942424120041,26,1,0
21,0.37701057454778136,0.5108147890216067,0.2414468861645996,3.5039276875200076,0.20513836413828343,18470,0.41949930210840425,13,0,1
42,0.8500155588217537,0.9346259253169331,0.580412734539095,4.650572216465793,0.6760973586930639,42758,0.30307328246673987,3,1,3
0,0.22543437620155887,0.09315480875122512,0.2744419132153601,1.7455054401343462,0.4186381108440997,5918,0.819811851960861,49,1,0
23,0.6765067794939628,0.655798443280137,0.22223784829730267,1.6786465505275288,0.5909937953830648,14467,0.36360863417791517,34,0,1
8,0.4816671296153051,0.4629081427860594,0.7102412473070365,3.719378122499136,0.7609937379825863,20074,0.5085943477541376,9,0,2
8,0.42320629694624384,0.3005812688555335,0.1871505959454878,1.7500825889898037,0.007236038882657686,8812,0.9655888650596506,35,0,0
6,0.22752744505645214,0.08976962609979638,0.12355728779238367,2.369706006656415,0.44743483521181737,4417,0.9149070317863774,70,0,0
31,0.6450314049574498,0.6943129173294487,0.6527742604641935,2.6202171121567917,0.7622471413870264,27104,0.48235805283676625,15,0,2
17,0.6359027342391173,0.35001524029774833,0.618386974761501,2.303729573802345,0.46269881494020637,17355,0.34217891223596,12,1,1
26,0.8594882648773667,0.7001037400150903,0.5380477984779244,2.7856918151838475,0.7559107968183714,27128,0.4761136668549488,18,0,2
21,0.733929962040708,0.4290334695364456,0.18351403951876136,3.00786608786313,0.23205721979789515,18314,0.3439047394482739,24,0,1
5,0.8618104647866913,0.6381005084879598,0.7460696298096166,3.2752492504049187,0.717967745008254,22043,0.34242119079009775,16,0,2
5,0.407392811858479,0.6028184626374591,0.5313430852273042,1.6214966823135144,0.3852161238316206,15378,0.5476179365521265,3,0,1
20,0.5123442060467387,0.4200721032689684,0.1710752084814671,2.9856080107326823,0.2773793975999227,11932,0.633634531541801,22,0,1
13,0.827525105192459,0.6736871832422531,0.553078329729938,3.778590945330915,0.6768050657389936,10907,0.14355252500974422,10,0,2
7,0.34418881179167704,0.06061343467011476,0.20731454448574424,2.30291837143214,0.12862716509876795,12689,0.43189245126224785,65,0,0
23,0.32964151867472924,0.6271338463287652,0.20714564291842827,1.9463239245648913,0.19268438966328263,5480,0.5773446080472671,28,0,1
33,0.8882697940872069,0.44346854444844186,0.7587562446093543,3.588059930589151,0.5787146396321599,6019,0.5386483634426629,13,0,2
16,0.5484442116694702,0.6952310223317495,0.7161696218407886,3.0582882664446087,0.6470361667654922,18877,0.617624571667746,22,1,2
5,0.19326608886448193,0.19111535400875235,0.36587967716505093,1.0798553176103425,0.03610285322296758,3641,0.43141267011147927,86,0,0
7,0.5063440361644057,0.651779651848641,0.4584428916304081,2.160913422006592,0.21077831475913453,8963,0.8394684142282448,29,0,1
21,0.5562447535485417,0.6709872160717951,0.3689988739477771,2.2442284892908773,0.48671040012343525,3123,0.5585958873459154,26,0,1
23,0.7382413881004355,0.5001093055309846,0.21371039167969955,1.647023277641459,0.18122467783339088,9871,0.8347655265179449,8,0,1
9,0.7676078076607552,0.7339815841315578,0.5458817258844353,4.2628206646465,0.6928345749389095,6578,0.13667526519966353,19,0,2
34,0.922160799307329,0.6878042100323835,0.5819997404947486,4.238995502815175,0.8791559634296507,5169,0.33717448951173445,17,0,3
18,0.3549659158367422,0.482908996429734,0.24280203197771658,2.8344056505320276,0.6475263762396236,6318,0.42871000677166166,15,0,1
54,0.8933938930873266,0.7631937981459379,0.7854522509220822,3.0457876499522403,0.7361093550249471,21990,0.3628136001372079,15,0,3
23,0.939754151325656,0.9071118005771355,0.6920453057456248,4.285151937894379,0.8890710306882208,14190,0.4210372186992896,0,0,3
9,0.6486483358808104,0.8457265031347064,0.6085619888983458,3.038835778659143,0.3566348765323429,25323,0.501727564084986,23,0,2
8,0.3758942266734422,0.4996896111305508,0.6251420250852427,2.2234560244877226,0.5501624297032446,19776,0.4493040757188142,10,0,1
19,0.4716496399305294,0.5105532278477812,0.36559281941630767,3.8330516635707674,0.7808010127874394,25426,0.4056376732155703,24,1,2
9,0.5750189157535492,0.6282225309611777,0.7911175435174247,2.896006060615107,0.6228796461306529,2672,0.5992987217775725,1,0,2
9,0.6449340536898714,0.5381168675202387,0.6397253815564119,3.2354036070787986,0.41821477294917886,11766,0.30967695847131393,22,0,1
3,0.11641895485247679,0.162323695001938,0.18130302496395256,1.2359744166487905,0.045826803719909735,14652,0.8203592865688969,38,1,0
15,0.9174535348465722,0.45483382652387,0.37078841744073293,4.440877097768195,0.5427488201413317,16210,0.6462347569745883,23,0,2
50,0.9811680900085915,0.682231923350255,0.9340271612661464,3.8927047023952843,0.7289923502358546,9031,0.4555343513836918,1,0,3
12,0.7415744884981489,0.58040918328735,0.5196534703814351,4.248950206567285,0.42549360315803536,6761,0.404770793915751,22,0,2
5,0.5428904336778312,0.8618090099992133,0.48497232040912863,2.885382189385936,0.3097231292097733,24421,0.29290551412236987,4,0,2
7,0.8939237695523352,0.7357084983584764,0.9706187521161933,4.15032670099325,0.569458539211907,47014,0.49082666192622393,2,0,3
23,0.31428863039843924,0.46504424845721193,0.6371212627608682,1.963920481988816,0.5986020654658957,7168,0.8420864090792535,31,0,1
22,0.4779579685110569,0.6736421615448839,0.2719195498479702,2.4049016257047784,0.3214675579183527,2830,0.7688066515513902,17,0,1
4,0.6859438529374157,0.5220443972746867,0.6684889434224293,3.980035600316426,0.5036911395595702,20602,0.14546687089259827,20,0,2
35,0.7537785502767295,0.9223459546964574,0.9264109108459506,3.1809633905741013,0.45512253262602687,9317,0.02208096808891563,15,0,3
12,0.2717151210767779,0.07829068808948192,0.17282132224088598,1.496636966049685,0.07239751548392652,5790,0.6360102559381976,75,1,0
13,0.8017322581532598,0.6010843597657318,0.9487180740231019,4.0988284768609065,0.9051822228980252,43583,0.42111537317197395,16,0,3
16,0.9149784207148596,0.8732735425781926,0.5407632447762134,3.8095968581703996,0.5258517686102089,39575,0.41469581347925627,8,0,3
11,0.7991320162664294,0.6662053269711895,0.8574620201011238,3.7650525604880167,0.9804137066729651,15336,0.13362631489679766,19,0,3
22,0.4589043395859467,0.7489009149470904,0.4103112024435463,3.958830897453081,0.6529952014809968,4287,0.16072522372219944,15,0,2
6,0.20980798519660795,0.17432223917785883,0.221674355483772,1.6204757228814688,0.28407251548852164,5412,0.8844023024318849,85,1,0
21,0.563809936991353,0.42519503820296545,0.31442264410449483,1.6871977282558608,0.6268282254816356,16950,0.8389663933854598,31,0,1
12,0.7707789197378354,0.6346820847448734,0.6796253739581228,4.017158578895157,0.8814125974955584,4207,0.28166232101652333,16,0,3
20,0.5733611750069944,0.6967795834022983,0.5443952171585484,3.8549267084799466,0.4107254456866225,13704,0.42032053067736697,24,0,2
14,0.5238699547345684,0.6176227738690012,0.2625201995220997,2.880285061860842,0.4964545757840404,11439,0.28799154818339257,13,0,1
24,0.8296968534714713,0.673111933265979,0.3904199582415221,4.183967056116453,0.7123131764004464,19500,0.37834570265728107,9,0,2
33,0.9520984826961514,0.9902165262731025,0.7268468173026413,3.18585828875878,0.9883100932006637,16749,0.09086959535473149,9,0,3
24,0.7543052321504067,0.7335608222951235,0.7161239660153103,3.4993664605658084,0.6479407871842424,16961,0.6498392008020071,17,0,2
23,0.6743763502826174,0.39601476740179564,0.38193261071442375,3.2597564740116542,0.1919758307498919,4247,0.4830201266029285,22,1,1
5,0.29159612337191776,0.07434443619749015,0.08051783020237616,1.1535334742899614,0.22496147454008697,12652,0.42440321102206896,20,1,0
2,0.020587587599188578,0.006409166732796845,0.3031643884457573,1.393882346489783,0.10748694583495134,12547,0.7057611332947675,47,1,0
26,0.6990860602800677,0.6007797333248732,0.7527844516228304,3.7974702777514686,0.540993093413203,18301,0.5023823872857076,18,0,2
31,0.9603381355543166,0.8127429918752695,0.9340804020257735,4.631497287008562,0.6240775576865041,7648,0.23348399998180536,18,0,3
14,0.7243280788532824,0.5943432146157119,0.1562963063337474,3.3973779377592823,0.32243689184660485,10335,0.4899152170823293,42,0,1
40,0.8473877822065927,0.815360596152315,0.5941745418828007,3.751985779882623,0.5711742030143898,11016,0.18108812739936414,1,0,3
0,0.31419129589670786,0.1437858744459642,0.06764019807049333,1.9366138536782926,0.3785518010584334,4781,0.41062894570538155,22,0,0
37,0.679011962592674,0.6411925917325262,0.6977725419399843,4.00230599836402,0.6038664829371311,48734,0.029858244485444663,8,0,3
5,0.32469227338561396,0.5802790577599615,0.3177383052804349,3.2584965515313344,0.32324753158841246,16740,0.6097840864413797,34,0,1
20,0.7189136034961916,0.20885222253661861,0.5542301447385741,3.0948085059762684,0.4403805459761265,13565,0.7177806136800875,27,0,1
9,0.02605940318082778,0.4007216343640571,0.36740161893445716,2.1553383404663378,0.1143805834096185,14573,0.9712609214262533,50,1,0
46,0.8941836507939261,0.6009357562503113,0.9418548348303764,3.211386959812548,0.7904611285352484,4708,0.013759592570207646,13,0,3
30,0.693127936611559,0.796016953188544,0.5499984309521744,3.445151706087711,0.5496214537623874,18648,0.3870642302355174,15,1,2
33,0.8026225732210384,0.6321039283793771,0.39286202028779127,4.174901789669468,0.5294848590326744,11650,0.11400998045430893,21,0,2
21,0.4715379664667244,0.2988354684371345,0.6374362667156215,1.538040733366716,0.3007124558992792,1921,0.5149040459735026,15,0,1
24,0.5843732508724652,0.8169073735597412,0.6690339202056999,4.346337423508359,0.7717765728247047,28502,0.1696920043788314,18,0,2
24,0.8831112941964865,0.6697289216894384,0.5914365237770517,2.5497190318315885,0.6129919569589768,22534,0.1592857360510477,15,0,2
13,0.6672271074458481,0.40785178914246445,0.21852984176829063,2.684378908483223,0.42463750406412426,8210,0.38485614259529166,17,0,1
25,0.6635108464912166,0.8530134934568172,0.6335787881991687,4.282627871212911,0.4315180887694651,27473,0.1325728179681341,13,0,2
15,0.817775067858738,0.5721574542527004,0.7499359325662158,2.9678456415587697,0.44633572287971207,11990,0.45668986475331164,6,0,2
16,0.539805449614142,0.675801781249894,0.5631288646660345,1.7320442448434754,0.5133702826146598,17790,0.8193289749396783,33,0,1
29,0.6949751236318686,0.8827921844973836,0.90997345870405,3.5112899956185446,0.9946758590927822,47363,0.33757003057483403,17,0,3
25,0.9178728516030028,0.80550283897031,0.6789546571127674,4.382429388241371,0.7065749941819071,13284,0.3033037146923868,1,0,2
7,0.2220330384429076,0.09600488826179726,0.1151791493624686,2.779181282733729,0.0875502725351724,10741,0.43585996458480775,26,0,0
22,0.888916993137737,0.7206415603566467,0.622058349616209,3.6195914443595285,0.7342380756013848,2815,0.39585573948108377,12,0,2
18,0.27398377928973794,0.3513111425409443,0.15741508121585393,3.253130816176989,0.29410879147793345,6349,0.7751123280752373,31,1,1
35,0.8843143047574711,0.6227202055342846,0.5838582640176696,4.4379357241646,0.7209126821826313,22803,0.3487509817590264,16,0,2
6,0.9357350073245718,0.7977095400553086,0.7940291890450396,3.6470007898229477,0.5466039644718796,7857,0.427603492509185,4,0,3
9,0.7262456502171623,0.2666906183188714,0.44020908289007354,3.2906719586926467,0.3553885447621453,8719,0.7092111963517922,6,0,1
29,0.5389633135805244,0.8312105320804793,0.35795152015794524,3.257348419945567,0.39872440854556584,24174,0.21559670937865788,8,0,2
3,0.3569668914005236,0.658762363615174,0.2290663228596823,2.867289866299023,0.25968403253263506,9264,0.7035244907070323,30,0,1
16,0.7433931463888336,0.8174158997114856,0.4702664083161778,3.7722673354561316,0.49258131388627024,13102,0.6470075273353568,19,0,2
31,0.47395819220054797,0.552346648013385,0.4075153299621722,2.6600365395153585,0.5847382573315054,2427,0.6292666407458521,18,0,2
8,0.7793409950036041,0.544868497438093,0.6825187049072625,4.15120684981403,0.6299349334145194,25029,0.5439660480339796,22,0,2
13,0.13213505663599365,0.3576803200249014,0.0029665824025225554,2.526372875925614,0.3061109208143356,4852,0.5692050020638336,85,1,0
9,0.7145381801284119,0.41611353774552107,0.4348523160177049,1.7580865402687276,0.5735234594352774,16052,0.2863313537447564,9,0,1
34,0.8308436900992984,0.6192378575856351,0.965794744159495,4.234703514825949,0.6326041568502365,8808,0.23158635837567088,19,0,3
4,0.347140865884489,0.04864068417343109,0.17209966727437218,2.1688978086230257,0.1821562174442404,3234,0.9170709079226224,72,0,0
54,0.788874339524861,0.9669582452342127,0.9782078487797126,3.634391433530797,0.4635584275350958,45533,0.3500171363860522,3,0,3
16,0.6596152884200511,0.5805552942426289,0.45607491080669516,3.070340926887096,0.29575692917217666,15534,0.5126797187648642,40,0,1
22,0.8512176380023226,0.5910209662627635,0.6850686391833842,4.104406017671713,0.6691756385605974,20044,0.4411587589237217,16,0,2
6,0.6950575681549047,0.39078719391275885,0.5600296828731268,2.7659898922783768,0.46817215765904463,18342,0.8016577603350445,24,0,1
53,0.860677388439336,0.9160054235167424,0.7939421855551935,4.604261116255175,0.62896716392032,19859,0.11244510840795624,6,0,3
37,0.7742168166619522,0.6943624138380324,0.972151817478915,3.54229487300037,0.9118537740421903,14381,0.28958762768736107,4,0,3
18,0.8185834457874404,0.7239747705074444,0.5927294373383272,3.1262180661583003,0.5356882309539645,13213,0.28532481194046744,1,0,3
34,0.5827129219500484,0.8172891044763267,0.7498889512264328,2.5309964836523804,0.46334451126587417,23351,0.5289782532972163,1,1,2
8,0.2687780348700948,0.5898043212712325,0.644592082183048,2.4950777053892823,0.4110367855686665,794,0.813448782932212,19,0,1
6,0.438396175497007,0.33283241747133085,0.4234621871959086,2.569208250688936,0.20288550717792403,9769,0.4570580016094684,18,1,0
7,0.5662778811174225,0.7717213574110255,0.45062567890669913,2.5657133954807927,0.44026391092770045,5424,0.18995012775327663,13,0,2
3,0.47406434973257977,0.27579395595115974,0.4905688495361953,2.4645966273272952,0.4335822731479353,8923,0.7096479994709327,31,0,1
5,0.5477251314868861,0.208781309724008,0.40119752223579186,2.2538636618597154,0.10481155240006503,11255,0.5566764769354482,32,0,0
0,0.3824992178636688,0.3749196418227121,0.09706111558779856,2.6401282390867413,0.3143758505664241,13630,0.5769774496982515,88,0,0
38,0.793181523056018,0.8570059127934034,0.7920152274214767,3.8120027093062188,0.5239768485905928,25697,0.5216878808982482,4,0,2
34,0.5888699245745769,0.8106645392492188,0.4640207294732005,3.3535807443878385,0.79729709361097,26134,0.5939681090920833,20,0,2
4,0.6843140852551806,0.3119486166528425,0.5722028061460329,3.257193213434949,0.22414126894795797,9674,0.7639506665364746,22,0,1
59,0.7900780125052087,0.7988047795284996,0.7322992983179051,4.133150724342837,0.8763938298208036,23384,0.3016459028574715,6,0,3
10,0.22677466794571868,0.32507086732348206,0.1590464495206955,1.0980624927313622,0.10729066522291,10313,0.931050471624068,26,0,0
2,0.6948676673915284,0.6627721629311116,0.18634115779490742,1.687919107085126,0.3067376449670508,11084,0.8425574647079686,43,0,1
18,0.6723229265712197,0.4476302061254305,0.7410315972594033,3.0739735989430867,0.7749146027431828,9145,0.28924152135369563,12,0,2
22,0.6282763300289081,0.643282056315576,0.18874289872524572,1.6235035322605609,0.4567287133156286,2881,0.7462901173023262,19,0,1
9,0.6722131665600435,0.6485192581253423,0.5903742885370947,1.5354548819760403,0.6494224135923156,1362,0.7398386358169423,31,1,1
33,0.9893379034899557,0.6806921849320944,0.6301166839757637,4.053247594537919,0.8497272906813329,24259,0.07616479473226773,19,0,3
12,0.666413763726927,0.6426314920514697,0.9231226460095246,3.2676074725589777,0.9407776064647893,13913,0.3865445208487331,1,0,3
7,0.12138521981056197,0.35086800523028955,0.05527194415862816,1.3909668127270058,0.3805394041738442,101,0.480900490871327,22,1,0
11,0.7339255757050911,0.9963717905829562,0.7383384141651842,3.7601490178744106,0.4011279301149464,33119,0.22697342405417853,3,0,3
56,0.9465001004334564,0.6491243127382935,0.7342697083842922,4.280336447656332,0.4938290826420688,7658,0.2340770706505152,8,1,3
21,0.5768014762676132,0.4117929134395394,0.29524080280447185,3.414119295160071,0.1517554254553253,7346,0.6460015627447597,32,0,1
15,0.4197469575299714,0.4253117125540845,0.38689168115391115,3.5578340474817907,0.4327217497826713,11801,0.45427041732616347,38,0,1
5,0.6112167115112066,0.3411631753659712,0.34586388181558914,1.99792830471207,0.4020884101690215,1429,0.6421390916086612,19,0,1
22,0.42695291312842937,0.41601239981687077,0.26558794156869714,2.910551697736367,0.3361689091926905,12183,0.2940304099912051,7,0,1
25,0.8309200620912691,0.5303442184851932,0.6298913555422434,3.987205035121235,0.384562431322089,15747,0.4790842109791128,1,0,2
21,0.8660422992340522,0.6272998821416366,0.7329064035101243,3.2984755559003522,0.8428414740031103,33654,0.4041377197779688,0,0,3
12,0.6635921570502982,0.6798027709353279,0.6152845979025094,3.888838905502403,0.9278898915651632,49571,0.050470599988760745,7,0,3
4,0.384799066850748,0.08420705340257051,0.13619057048631403,1.41656271725016,0.002653623016554041,12311,0.9313508736571534,55,1,0
9,0.014768574718778273,0.30135313470309877,0.11682634440326417,1.813360368193317,0.11293776696593448,11267,0.7690793108880105,56,1,0
20,0.4697231145185081,0.754320769857685,0.7645147460813788,3.9657549057677968,0.316473934122765,7794,0.3571739216743217,23,0,2
34,0.6027137133711215,0.5891632733317616,0.46195867868891655,3.9291246921863126,0.6768402577714951,24591,0.29897350317513904,9,0,2
9,0.9771148990688985,0.9705797694358844,0.5177111842092725,3.389116646370602,0.5001310707129226,20839,0.3185454185404525,18,0,3
1,0.5280178956700979,0.3507598885559074,0.02012486811838552,1.7345878952303362,0.09413201381106331,4796,0.808419157648346,17,1,0
14,0.5653898665524659,0.5645067106464843,0.37650737519009425,3.291939630878887,0.17563516623157663,19232,0.2918246478813767,36,0,1
15,0.5607427400600747,0.5666522404298617,0.7110121306558014,4.27706657704897,0.3027218545958453,29420,0.3306633073358273,18,0,2
13,0.29178770025069195,0.08130306614369176,0.1867704722792551,2.9563062441680783,0.2838390763416439,11901,0.7889656146562238,28,1,0
18,0.4563815363743968,0.20907898280353943,0.43471634154742733,1.962240275419851,0.36428191890284867,10450,0.45271233141718226,42,1,1
5,0.7044437201932339,0.2749471476640791,0.6434568571091062,3.1226561195252156,0.35186650205246506,945,0.2866877086286117,40,1,1
15,0.5978755871995435,0.5251402115837691,0.6374026862541824,3.4668044730460084,0.7434710554414337,23448,0.2421753122347767,3,0,2
49,0.7179958837292149,0.9586441051896083,0.695815070270178,4.802751299176888,0.8460542716459656,17868,0.4045915855695155,9,0,3
39,0.46930204121149055,0.8024318262842511,0.4707126615150398,2.7709890378576896,0.7607096674381638,3031,0.22334211073317745,2,0,2
6,0.3247543197603481,0.2019646607111089,0.5804275140217243,2.9435498162741123,0.23213183186031197,12670,0.7511303563652613,25,1,1
3,0.45491923905479703,0.5619013883152616,0.2980410445677252,2.2197749199012247,0.24186946292121395,13640,0.6910694949042375,20,0,1
30,0.6432659115895715,0.6073650682865741,0.3517819743554642,3.5231812212930986,0.5636598397999298,14742,0.2986965136232943,3,0,2
26,0.8242613118051121,0.8791930031540592,0.6524088929812408,3.511545667738422,0.3667344396410642,12599,0.4979851907668733,16,0,2
8,0.7310642851445124,0.43029105717546223,0.5072852605262291,3.3981667853522266,0.47313302076737423,13384,0.5600113295971741,15,0,2
15,0.5443797317825048,0.6422482673969316,0.2809877821392588,2.0954441065321605,0.2567239406630212,7788,0.6531736842969472,19,0,1
7,0.5546113313846773,0.5546619263879836,0.5444754482706168,3.137328796027365,0.5937944953594292,6973,0.45419044257891483,24,0,1
14,0.40548683381620515,0.4504274149885639,0.42912151548785754,2.1989233515733138,0.3605463845293663,10849,0.7260219323463909,12,0,0
9,0.6250751406492588,0.48519304978811334,0.3137736354692464,3.105935876570199,0.47956495631158036,7639,0.49008973234350706,15,0,1
56,0.7375879761805524,0.8843809915346993,0.9189128676416227,4.091373776990947,0.5163723203606649,14093,0.003044374119919535,1,0,3
5,0.37731343332644773,0.5118129736486321,0.5991145965814151,2.4213693604421263,0.5392729107113445,12829,0.6456941026525911,17,1,1
9,0.6791495439183409,0.7245777056182565,0.6491872154949963,3.3806497256381354,0.5891137126584154,22539,0.39100766746648363,16,0,3
54,0.9409800215218754,0.7002922642246391,0.7716502616816442,3.3793896963493544,0.9278931483710172,49633,0.4800838923643727,17,0,3
12,0.6867336463842724,0.505533739057109,0.3547482365671552,3.9217886609210835,0.5417610336824857,2065,0.5655393469690189,16,0,2
25,0.4760454675678549,0.5366081835062468,0.3744566442568957,2.560915616140994,0.33562916632411394,13498,0.25652768699475514,3,0,2
14,0.17847762934100525,0.22035322120486805,0.21205664676016647,2.641376004188504,0.2024792036013825,11917,0.5288884384624808,34,0,0
30,0.8113924209484491,0.6125580977844756,0.41548278517434123,2.8798655324607183,0.6724326792331398,12639,0.26031627526339507,19,1,2
22,0.3473096271622826,0.5771879777624548,0.3311464991582431,2.3260770588580924,0.3882416039276352,18466,0.7720287979638351,35,0,1
15,0.48873080677511566,0.42424354834374717,0.6807617670972945,2.525155624972391,0.6439550457276622,9942,0.6257285237976857,7,0,2
38,0.8630215474026699,0.485639726350478,0.760234811168814,3.6228767558662485,0.4600550705029506,14997,0.499632440532528,12,0,2
28,0.7730289144137833,0.808456911715264,0.75959749473499,3.746823462672529,0.7840561182030583,20922,0.10569007805998498,5,1,2
23,0.43431032624914434,0.6287938378812008,0.3115217923093012,1.736944147217074,0.5811358646764696,12317,0.25513286207090213,18,0,1
26,0.5448656626209664,0.5225696081098727,0.6108185273357033,2.724771864583052,0.5389997725271557,8884,0.5170664394657852,17,0,2
40,0.8546681370822038,0.6303733641478488,0.6185139285541681,3.9012393134595156,0.435456334046952,27842,0.43867780610263,19,0,3
1,0.20032316354957713,0.405076867638349,0.42736238141364563,1.7131509985657452,0.2956503989841967,14733,0.6318940636351088,10,0,0
50,0.8290799547415415,0.6176661750840401,0.5614854042648134,3.1652353269185376,0.7728066983521178,15982,0.1022304430273559,2,0,3
47,0.9429373559830809,0.9650997851516515,0.8729185060154822,3.60170621670651,0.602957863199409,41244,0.19882378979601806,19,0,3
5,0.4302664589258239,0.3673717658996811,0.5665284706321068,2.3354662106930073,0.23935306046630442,3905,0.3215797483610875,41,1,1
7,0.4137482035199368,0.21141168144496048,0.09900449012788734,2.5866363426689,0.3962387365437731,10655,0.6884876735780596,28,0,0
3,0.40047885777933623,0.572151858668683,0.3737711177331371,1.5802834758681514,0.5287411623700595,17046,0.2526890159953173,18,0,1
31,0.6577646597106056,0.7054735210538465,0.8676751493328763,4.580675471720296,0.5884364769956392,24300,0.11601991445055299,5,0,3
13,0.393659221450257,0.39766267700409397,0.3836353530697936,2.7436711527998208,0.12066602893459916,11324,0.4440666820955339,84,1,0
37,0.47639614465455715,0.7140863006333718,0.45690200655549645,3.320585605887893,0.7666647095581736,29414,0.41440013988577296,4,0,2
28,0.8056763024160563,0.8131834897194377,0.5847800384839605,3.7153712821016223,0.6179697883707168,9423,0.4914251326452973,9,0,2
4,0.6357732286561888,0.5620679894163165,0.3937202368798942,1.8152562678430306,0.28041758140198814,16415,0.30200713669049845,26,1,1
26,0.9905886222445366,0.9848395143056471,0.7247169176068688,4.318071068407361,0.5360382297541064,29086,0.3397749635669542,9,0,3
8,0.45788169268973594,0.02054965767650907,0.25731449757345765,2.7744086285157836,0.3925945608908153,8730,0.9700645856116835,78,0,0
12,0.41976445956534664,0.2405938935252156,0.5464968256962557,2.8875704744076396,0.31273449433831135,14179,0.4288857826888841,34,1,1
36,0.8227704128426365,0.6808168809849577,0.4216215877972234,2.5986991273948425,0.7610244010635536,7113,0.32970145322778655,16,0,2
48,0.6897126107061068,0.8414886126920555,0.5156511568737581,4.160950013433349,0.929281368569236,9439,0.35469148354369545,15,0,3
35,0.8756032538265835,0.45827915464238667,0.5439426779816914,3.9158818314799895,0.6871255738503355,2797,0.5958280906982167,12,0,2
11,0.36343525816574707,0.38590149563726783,0.24810782558514763,3.575046472280154,0.19952821710799398,10515,0.5196755159102446,21,0,1
22,0.5118361999994926,0.3268484149979054,0.4640913022551776,2.927286149463697,0.34072054105280447,15793,0.25816263727040095,42,0,1
10,0.7251061918979309,0.8145925405938379,0.5420491122339923,3.847889625826604,0.8201511756667126,36755,0.1271156918743478,0,0,3
20,0.8683648851200496,0.47433163555783425,0.6604060612907898,3.6079398997565497,0.7910675922180752,5088,0.2873769829661409,23,0,2
0,0.34576845968406117,0.12474179326539098,0.21806463743892812,2.9273665445210044,0.13693962441596547,5225,0.5241718911691776,49,0,0
5,0.09327230045139238,0.07951256538321327,0.1829857750303736,1.7546555486044386,0.24586582096176182,9924,0.711549542550932,29,1,0
14,0.567000383707994,0.21381591642796532,0.2693573419675318,1.9347392548694748,0.25123928207069,2148,0.30835252951331943,24,0,1
18,0.415316477429771,0.3549649546145832,0.46171589672168045,1.933197808565735,0.4290244878147438,3069,0.743521611348083,41,0,1
22,0.6573407595483972,0.5576250398159706,0.5411525036858839,3.813630462176898,0.5858138466805827,18538,0.4281618405983997,3,0,2
40,0.9447319952565484,0.938563139725823,0.7897074496717504,3.152833718876103,0.6042280556000049,15452,0.016308974170783253,12,0,3
6,0.48852389528252127,0.778336446336019,0.7339291155160101,4.264411474453981,0.721185666909161,26488,0.21114574075435805,18,0,2
35,0.7316298253485848,0.6850723137364905,0.5455822452030958,3.487313432127733,0.8102524633462256,37587,0.1912901617853177,5,0,3
39,0.6911922886725569,0.41557651685952435,0.447976204459506,3.2806515585231093,0.5938423751975054,29328,0.191292971882132,2,0,2
31,0.4560663971510662,0.4486623243855345,0.3890523293292457,3.4857925711692053,0.38617460707248163,24551,0.4938818283816321,2,0,2
3,0.3828842283970316,0.07613534283614876,0.4088671145623692,2.7462051312178604,0.15133344357139092,8597,0.9767787844797656,19,0,0
29,0.9042389614275799,0.9797227188231062,0.816270266613153,4.228162622369473,0.4638062357534648,42420,0.45069154832096747,5,0,3
23,0.682714702541343,0.37338003596003433,0.17139163412363392,3.316881020464188,0.2579628004694787,17623,0.7292227443055833,39,0,1
38,0.9568315200740274,0.7380768579525102,0.798737931315965,3.383564911183721,0.6182158748536841,14826,0.2804372316813088,2,0,3
24,0.556104531628608,0.4730122966603751,0.45823967927062226,3.1609578324282435,0.3119248153729224,10159,0.6269676754391281,9,0,1
13,0.07315221154321182,0.19107209395994418,0.22716091494332688,2.0974025112124726,0.236417075903181,11768,0.4246028132168695,25,0,0
22,0.6783055383160193,0.9177157799865849,0.5174325801169124,4.644786837634117,0.6312255298284171,27000,0.10731403662940142,12,0,3
14,0.35758592140617174,0.007043206081434994,0.22472124554435619,1.4652488920187494,0.34070572078974426,12944,0.45142605606297037,58,0,0
4,0.4100054946235317,0.44063807525580834,0.2375874318520905,1.9290968771597172,0.48970427879756495,12521,0.8412624306217961,15,0,1
7,0.679523164853328,0.5700179724920884,0.6478043557572131,1.7807964697978351,0.4000461678911166,8546,0.46212893353807305,32,0,1
39,0.6658857771762552,0.6796893503461998,0.39624570919240176,4.408845560642147,0.7920594419131186,3883,0.37372837775127465,1,1,2
14,0.11944048377604326,0.205715288193565,0.03191106293103046,2.9900974468154313,0.1711548770622926,13473,0.46129794034373317,76,1,0
5,0.31259098793903584,0.12680602784597328,0.4443554776320348,2.213051011592982,0.12781290069125203,13500,0.7228131778814051,56,0,0
12,0.41946810996851314,0.2848963197754737,0.22779516219250392,2.9690079182312967,0.3319125203988603,18333,0.6422737905020337,32,1,1
16,0.628754911409253,0.4083543319236149,0.3145683527780402,1.5804597231085444,0.23511651621916527,5744,0.3184688543120671,7,0,1
5,0.5593392200417843,0.4330853815046314,0.6904426252518083,3.161983895206806,0.7806673155974031,28624,0.45957047670127993,17,1,2
21,0.7675420155111744,0.4106012057445663,0.4479780048573201,2.712491416939121,0.3044993286416279,12780,0.16100612698114358,8,0,2
6,0.5332333029898171,0.23568350694469004,0.39274794558293624,1.950106640396991,0.5484557828713149,18874,0.5649263308033494,16,0,1
20,0.42560850981924403,0.27363690424916337,0.47715316076702796,2.137964370666593,0.15239991240868536,11993,0.26327996533487086,9,0,1
18,0.5786382751088344,0.7953498854814836,0.35028238248280524,4.277710196786839,0.39400785859814447,29212,0.28443095410241453,16,0,2
38,0.5771913975059905,0.535048298489844,0.5559847177247961,3.7440183776179614,0.62630100760772,27713,0.11115417319201945,21,0,2
12,0.7084893745092513,0.5025357425903834,0.41607874249241783,3.2401660482324988,0.2058015997259459,1717,0.3587955136625879,11,1,1
25,0.5099579820485444,0.8025322660163019,0.5082740501055435,3.59952910253204,0.3630765481439084,6925,0.1965800768396846,7,0,2
22,0.2903896069371718,0.39456150480751506,0.46279479173487637,3.2198862680258316,0.18233277192528533,8928,0.28784510460578006,38,0,1
1,0.2782545369783821,0.11466062064384419,0.26156791728868184,2.575542960177137,0.4328058364318008,11477,0.6958092770205626,55,0,0
5,0.42849184607005647,0.39285835638051003,0.26629731848192517,2.872324685944707,0.5701807526926593,6346,0.5642165993468129,40,0,1
14,0.5417426673487848,0.7551365567681937,0.4503888505380387,2.9165553503070916,0.4060224246914872,24418,0.16106920766312277,13,0,2
28,0.5357552791066703,0.6503444722772642,0.3722806833660321,3.863449700824684,0.3121030222112649,4886,0.5862414129706017,16,0,2
6,0.696702993761144,0.6039776891499666,0.6554993017349533,3.9119705321016367,0.6787125516866623,16114,0.6114221752753085,9,0,2
20,0.8976828911517614,0.5274676470459585,0.7142162949966256,4.201023303954133,0.664758464286561,22202,0.43960451135227174,19,0,2
2,0.7297197978705825,0.45510796703920203,0.20003233578326665,3.696246333021293,0.4869722245365117,18119,0.7783494658725799,10,0,1
0,0.07264333029102439,0.11332364941653517,0.035108414550331445,2.842430200212571,0.14966823797818535,10446,0.40278449529880417,62,1,0
11,0.9791861394973842,0.734346342859934,0.8917113629708073,3.0353756192265147,0.9383118045787714,45138,0.46433014350744145,15,0,3
24,0.6620607999818402,0.5837839106964081,0.45655891345528105,2.9764188709512323,0.6787741965666856,7369,0.3097784390808461,12,0,2
10,0.728344057685777,0.7953982662163842,0.4293978967116576,3.812358072445374,0.4864382546010889,2331,0.6123607390043552,19,0,2
28,0.9703390195841872,0.8226886339133465,0.9412667429098001,4.212741888866751,0.6231596007501189,31797,0.0819405118902411,14,0,3
18,0.48333050095935026,0.7823895371272662,0.744789381286866,2.5300450839611326,0.37008271669136517,12979,0.10074553847387187,14,1,2
23,0.5879613524555705,0.5415739955403243,0.5335720182655285,3.3618826730366536,0.5783410263408768,19285,0.12882312755365935,15,1,2
32,0.589759919714982,0.6058068597350481,0.7050171607769957,4.395539164064297,0.7372085018333392,25357,0.10156318451518485,9,0,2
31,0.8414805743897706,0.6598540664301433,0.6359425643163374,2.535976263144775,0.702928852667031,9058,0.5579757729910282,1,0,2
10,0.48997168797924207,0.0666712318220477,0.3234685696530873,1.4263570584465664,0.12002241877529446,4162,0.9136861588420117,17,0,0
43,0.8184008879197027,0.620638322663484,0.517093882969579,3.1374256650365355,0.9036765457004602,15869,0.4444437120018149,11,0,3
32,0.7849528409236759,0.6824155308244753,0.5935416945970843,3.844565305026304,0.7647528526840743,9876,0.18079989996260984,14,0,2
13,0.562923333025305,0.27672841605408105,0.15282605242059236,3.663649283169949,0.4092037723672879,12035,0.36214572089624636,25,0,1
24,0.7377696098761201,0.657923438484727,0.552354639732674,3.892724865066061,0.32800115446950007,7229,0.34685743124935675,17,0,2
38,0.519196724972943,0.4225880221408091,0.7181655115075106,3.0677563631814264,0.579996835731779,19139,0.3658656366751696,6,0,2
8,0.022761307634846715,0.4248373090673039,0.030800814718073843,1.8755526221166867,0.08154522781704333,1494,0.766116898989178,56,1,0
39,0.7874283647418479,0.6625029634179678,0.7797784342068065,3.558781242695067,0.6674252602498005,15406,0.48541726709184385,8,0,2
9,0.9703248046692682,0.7634073171743667,0.6955848830401898,4.909320060066615,0.4826937394955413,5800,0.35989572667734304,14,0,3
5,0.41954380663134,0.5755741839112913,0.4055023817722935,3.527047245769389,0.6074391903086852,2606,0.5913820202567446,24,0,1
57,0.6966147938283124,0.9642496014161216,0.9736752313155194,4.702897275102531,0.7680838831835057,7652,0.4811551014938921,4,0,3
30,0.9878381406367694,0.8024415825437388,0.9786351314916628,4.000890618261483,0.8127304659279491,35327,0.23912994209761174,6,0,3
44,0.7328398177887275,0.8229221475560191,0.5089309462391597,4.57580397658453,0.6423867257959289,38426,0.16604968269656822,0,1,3
2,0.08977214726952933,0.1088070122244128,0.34582504831325006,1.1826984543411618,0.37019532765979146,8435,0.47847946686481596,60,1,0
18,0.5997841138755461,0.7073827583892357,0.48607808313676504,4.299201189526472,0.5400092549223104,20570,0.4920145651194213,11,0,2
53,0.9191212094603891,0.9820945250893915,0.8313106395041602,3.5587354278694328,0.9198319085508052,21951,0.02885146420794943,14,0,3
24,0.5275092621026456,0.2540801761175911,0.613278557570919,2.239110303375018,0.26150632070593904,16380,0.6729381453728775,9,0,1
19,0.793834196193733,0.8055860097472487,0.7815879090270816,3.1345779675518104,0.5201108631280826,28616,0.3959753872409867,14,0,2
22,0.36449359265015585,0.3915328380428893,0.2698049160141026,3.6754421408442446,0.34101741520563544,13607,0.7475720065183085,18,0,1
10,0.1917251327071207,0.3430198493740142,0.17088504054703055,1.5826148925489756,0.3044625166889445,4834,0.67040575260499,89,0,0
8,0.3195939013789935,0.6474553212823329,0.21509722993518335,2.0630606112479066,0.45068810572158025,7459,0.5253499145792412,9,0,1
20,0.7370156124860319,0.6306246925915324,0.4648206171162287,3.255798560415127,0.4100449688029172,12423,0.42081878133253325,20,1,1
27,0.7140759812104738,0.689388583650609,0.5579177042778001,4.241342936428642,0.4582990302052845,24462,0.16437478998847938,6,0,2
5,0.5570813513080994,0.5021197551660711,0.36333699030790234,2.360973153502501,0.4767803627725964,11347,0.6843972304868428,6,0,1
24,0.551010769751758,0.46641673642633125,0.356591207272619,4.284117720419388,0.448839379281186,10953,0.6207634034171338,21,0,2
21,0.3650002262741999,0.3676115901067858,0.24297672269551332,2.2550262751837478,0.40636160053677606,14008,0.8475138575068973,16,0,1
7,0.3572291146620808,0.2935865574634735,0.641020043795491,1.7786187198524734,0.3630004052512047,15482,0.5336241391817735,26,0,1
20,0.5415435439129962,0.7452325211411904,0.42774054031079445,2.9813631794517708,0.5676854363191972,20799,0.36183232322609826,1,0,2
5,0.3091080599986633,0.31056722533597436,0.07523870826066137,1.8865623528534672,0.06957339153166874,14986,0.9937298747948962,32,1,0
9,0.20684769205958112,0.41254573039892156,0.34405048463896365,2.3963152880396903,0.3762606909504333,1844,0.49522162741500186,34,0,0
14,0.3723947595147124,0.5090187623384785,0.28558889285560174,2.461069229000902,0.39428058029242075,13928,0.7242491501915261,17,0,1
35,0.7953130280245622,0.4619613736683817,0.6781449268253839,2.509424851044482,0.47788704210033006,14714,0.13856492516084432,14,1,2
34,0.7316257440424304,0.7707268226619457,0.9816734164101995,3.547582615028213,0.7440096073811309,48895,0.005045303344512364,13,0,3
3,0.3040729711685993,0.5135691970305587,0.43935032384612116,3.0384702429228208,0.4841185084886719,13042,0.3394810647085227,11,0,1
12,0.5197293585260729,0.6475247445169952,0.7247121858572391,2.7810146062171865,0.3215851454314707,6233,0.4787547787454145,14,0,2
49,0.701311687592209,0.7110348690517673,0.5796228691396322,4.474360450014486,0.6507939603222905,41392,0.287677701625778,1,0,3
8,0.35999556344846534,0.2221976324846635,0.28784294845135017,1.9796133426881317,0.2678211659998435,2002,0.36113399849856276,4,0,1
26,0.6422700198583918,0.7881138563907474,0.5480811479137369,3.4047060769574324,0.3616419637262064,26431,0.13549473611457194,16,0,2
3,0.31440653688149406,0.4421065328798953,0.5132206790537084,2.294412322746271,0.5128794377266378,19928,0.5276983943192847,12,0,1
33,0.8173673022850262,0.7568488834989733,0.5051463951049433,2.9408757697852277,0.7438041647469775,27411,0.5906841042784785,6,0,2
16,0.7788103705210583,0.7563034032322933,0.5751307334051808,2.6447787965286205,0.4064471273299967,8185,0.11446374967656772,18,0,2
18,0.6033826409308156,0.5443146449502716,0.2035783484634617,3.3915713130374376,0.24357251573111308,2974,0.5354780889967605,7,0,1
38,0.6002793018416166,0.794897402424259,0.366700993983036,4.091930179201215,0.39727398484995563,11104,0.5202202527421095,5,0,2
19,0.6843786152682936,0.39188696517781185,0.20266694712248215,3.752247787135964,0.24062390303307749,16647,0.2672808223416001,9,0,1
27,0.7982148298078415,0.7694387449681932,0.973648944128169,3.885433933559054,0.9456341152050377,19977,0.3853903091319399,1,0,3
22,0.5810929428559168,0.5542391265684176,0.36494137906242397,1.9633269077853257,0.63476627076751,5805,0.30859979087567374,11,0,1
34,0.993116054300616,0.8595291361166304,0.9951706566708886,3.7485935342795855,0.4076289339921361,45946,0.015395024830223925,3,0,3
3,0.39840010252591945,0.6718168353242473,0.26974435728506496,2.3510081433225722,0.5575038884918788,14122,0.8313410302684228,12,0,1
7,0.11223787876330762,0.18073756266996932,0.41285729576688557,2.663826625141921,0.3216793179802609,9913,0.9564324140089294,42,1,0
13,0.584180351058697,0.34332962422362634,0.6439913222101304,2.365138813024127,0.45960396251491153,19311,0.6794042661132037,41,1,1
23,0.7695471236597908,0.8819702198755812,0.7942063166703027,3.9002488648395195,0.942164706608077,13238,0.20780194795366774,3,0,3
7,0.2203819373760302,0.35284382322619123,0.32333998183651635,1.9787062508151705,0.22091927886740947,3240,0.6007346756986499,87,1,0
13,0.39227030513602806,0.40045136128956305,0.4330929921586876,1.8977217445427006,0.3522582015575658,17263,0.7336670905950429,6,0,1
20,0.8426250892335957,0.7461435315312754,0.5797341175844801,3.9273041489874854,0.6281014901868033,10209,0.11910697109462982,15,0,2
21,0.6789619470123571,0.9322618026260999,0.7765007262959792,4.128882181357765,0.4200301610718288,28833,0.22929897175692,17,0,3
38,0.9734146156876016,0.6461128084989137,0.8441039329332978,3.521426599839833,0.55798947025192,5808,0.23000119779039946,12,1,3
14,0.45320290801306023,0.6193886364475727,0.49554928479508853,3.2649689211651887,0.6448192598294531,28411,0.5366138110773238,12,0,2
6,0.563663951845216,0.41038986944655215,0.6518891991508577,2.651260727669099,0.38730545849113096,24115,0.29601256318766556,14,0,2
14,0.7124255880801335,0.45191440699521124,0.7676064065282215,4.198087518357194,0.719176452024508,10007,0.6108011531025346,9,0,2
8,0.8181295286532242,0.9898189060795479,0.7193036082447692,3.594710096473678,0.9806535262620333,21556,0.06849953152683569,15,0,3
7,0.8908105035612637,0.6131386680973753,0.8622113363070585,3.002473359518819,0.5147144208788734,34705,0.020828409191341213,8,0,3
9,0.8468279861516198,0.7466637273633502,0.7642826615198491,2.7308059186288163,0.4871529967031623,7938,0.5530125880411857,24,1,2
6,0.6873646230775595,0.8412789608707918,0.6610473511096677,3.635062895753474,0.6646432949504703,16703,0.16867007050851174,16,0,3
13,0.7965826738266147,0.655110038215274,0.4655735169763333,3.4657095299658938,0.6041750232658394,18056,0.49447057705573105,10,0,2
15,0.6708602248557898,0.680281258845345,0.7248654187734815,3.6661353688442873,0.7980818465851316,11255,0.4199082329701538,24,0,2
20,0.48194745091511976,0.5931390643467844,0.648952714972557,3.0174101406485736,0.6142114144588364,23529,0.25254071894854613,1,0,2
22,0.5939614685371426,0.5612048737788717,0.4447068524794404,4.113556285012628,0.6494168352230164,19648,0.3017432368270031,6,0,2
10,0.7013880238822725,0.6575881685932988,0.5449560008514227,2.5717235208281144,0.48767731350432963,15227,0.5567947261966759,11,1,1
5,0.4845830242836993,0.4427831011417146,0.19117649516837906,1.5540555724821452,0.5371992685086278,1758,0.5900004722500987,5,0,1
38,0.5437234509465114,0.6338617633225188,0.5037869790466672,2.8964125304710393,0.3232014430075628,23346,0.43264096901418014,14,0,2
33,0.8408241695787029,0.7827492917957337,0.7305389412309897,3.011745081624426,0.39752736111818165,19140,0.477081686599681,2,0,2
21,0.5348435673444392,0.6571045602820358,0.35862554938624,3.7127722339661053,0.7864808174760207,17926,0.5167542194762615,2,0,2
41,0.7818586394782793,0.6456951703681587,0.7966393241550893,3.3413295170999966,0.4705863928955951,9313,0.2636163303769563,17,1,3
15,0.7273187566800279,0.6709524864191645,0.5774584792798855,3.6634640668543588,0.5419582548396014,14816,0.8170475186846992,24,0,1
7,0.32147034823872467,0.05494098486760052,0.20674868034314312,2.036661574019663,0.24994858609837187,4552,0.9118620249580156,61,1,0
18,0.29428408691254004,0.49512668262984716,0.6139845308935223,2.5376772084814707,0.6082341743330283,6385,0.4965059064885458,39,1,1
37,0.7430782737374837,0.7295960244427199,0.8351927291772061,4.012215109693502,0.5658650143500377,8744,0.4653034024232685,12,1,3
19,0.5136170544374435,0.5438409682439156,0.7776381561812815,3.7309028407688123,0.30670472693606154,8431,0.22690385213336534,24,0,2
19,0.6380759320528114,0.3563281571776097,0.5461111736219643,3.0220598558730103,0.618908482616281,10386,0.8198796120772018,25,0,1
8,0.47305715356259387,0.6478994287544207,0.5461085165776759,2.4771962322564254,0.5604266523473317,13234,0.40472200212880516,32,0,1
15,0.8785111621490047,0.7433828882457545,0.7856939783883075,2.5832880446799606,0.5112696901119274,19810,0.28319792223616236,8,0,2
37,0.8180160884564663,0.768814423820275,0.8964780473028158,3.0852664185740655,0.9432159245667222,11491,0.27599515106036054,12,0,3
15,0.5552445562643971,0.8366769696220883,0.5252822116754339,4.208910166370806,0.6528296669369733,23326,0.5749505924192858,12,0,2
53,0.6718194768789345,0.7820574740144625,0.6615653285351393,3.6444310068892567,0.4445445237930319,6802,0.3869531108853326,5,0,3
9,0.3031942027070387,0.3878243677465004,0.3865175625418501,1.6663143219774204,0.24882389055980766,14538,0.5152622477246673,18,1,1
33,0.7781532624179549,0.5860936743227232,0.5676085635667404,3.791191745499617,0.5300320583737809,27135,0.3393768949051832,23,0,2
0,0.5392119417544401,0.3744176429483585,0.2300430344965348,1.6963979644273208,0.08125425750385114,4389,0.8259296132657887,51,1,0
5,0.8364993823847183,0.7801290990226067,0.3845580579290303,3.0539092362492197,0.757263076901028,5688,0.5731393075198374,20,1,2
21,0.4620178055721753,0.7768911445229638,0.36410420098649,3.1784746810577342,0.34476009839842114,5186,0.3236332191753526,23,0,2
11,0.8785547554824631,0.7403207254366622,0.7833923589040112,3.991467467362718,0.6265683666459276,26014,0.5487203906601298,24,0,2
16,0.5190397714370272,0.2711431093054679,0.38893865282652884,3.700062490077175,0.604520470657118,6729,0.25103489326590445,16,0,1
11,0.6649982362588475,0.45094028103567785,0.3818561462050285,4.10160537595705,0.468908521660782,20038,0.28166922815628315,6,0,2
24,0.33293896233126774,0.3317018059779222,0.45701559922432533,2.7551169368757815,0.4605667034241657,15350,0.27395931355936554,8,1,1
6,0.6064070084115739,0.7633252764838919,0.6425509505386462,3.3760435927006585,0.30675863584986,10630,0.49669184936360367,13,0,2
12,0.47392289240697877,0.4530537999309369,0.18472361990530037,2.25298626367041,0.08555665396008658,9409,0.4835835200036548,44,1,0
26,0.7925295244605908,0.8247078145747124,0.3916378494650236,3.0735337551157675,0.545347172963492,2390,0.5969898283892909,12,0,2
37,0.9170784684277409,0.400996728448039,0.3509828642857619,4.011772759135633,0.7987912964729862,7745,0.11739102103060518,16,0,2
21,0.3327004522506795,0.3992718571826912,0.19541909053070708,1.680972410966365,0.6265232930799225,1816,0.7469937811851055,11,0,1
16,0.5285329663419586,0.2611443605902998,0.3458473877554197,1.990697121488291,0.5863183438455989,11405,0.37771046257594826,17,1,1
8,0.0042081851136699,0.49141927400971913,0.15741393690923747,2.7949997548024084,0.0766492354664413,9155,0.9268700332634092,10,1,0
22,0.4316962397160633,0.6897099365689261,0.5285059338736802,1.6476496177949729,0.5637228679898066,11174,0.46114303345519647,10,0,1
27,0.8970410193575431,0.9673818899757205,0.6559759952475652,3.845378226792379,0.4869790434278902,27364,0.3624282496575085,5,0,3
3,0.35909945799361487,0.1867742770706522,0.26898484012689733,2.0157001454351233,0.2528346077457294,5237,0.8854517894820066,11,0,0
11,0.5280286675957307,0.30474311135979987,0.208731036398192,3.06325280162346,0.6338235463664044,18926,0.7829067462270296,15,1,1
42,0.8608543240653916,0.8431577575177035,0.8864113900084023,3.756952846971738,0.4518547664575279,37396,0.04993341056808909,6,0,3
55,0.7217658649772838,0.9260217713609828,0.7091998943338264,4.05100924393728,0.602104301116662,48123,0.3491555786137864,6,0,3
14,0.4604426865520228,0.527300097758478,0.4596686953569542,3.574166911180207,0.30566629660224376,16184,0.16870589590734839,12,0,2
22,0.4362003330176781,0.49055312234894816,0.5849061829069615,3.5596962768758997,0.5701681191105415,13606,0.428111220567991,23,0,1
3,0.3941473743709761,0.3166635661825415,0.39066599192789553,1.7733291136040077,0.19212950047341465,13784,0.5014008078559019,56,0,0
5,0.5456214528753071,0.674977504666102,0.2152267435886804,3.101405993191226,0.33270306545077843,4387,0.3752005747069551,27,1,1
5,0.8342829878031086,0.5550350479248969,0.455466540805044,4.415824151431297,0.42680781381928207,18120,0.3569827394248605,3,0,2
25,0.9948501177329265,0.9119035099152123,0.8624132799370292,3.860674355017842,0.9141243616450565,25052,0.4974906846625465,9,0,3
17,0.50719162325551,0.35417753531615515,0.3534320537696499,2.62295459769689,0.408400297345312,17483,0.5730036942100097,35,0,1
30,0.7908849296466409,0.8471099164464067,0.7839944808055914,3.1975224947921768,0.37076060122498006,24076,0.2618615756938074,12,1,2
8,0.41835636676791416,0.3589606616963596,0.2417415689659874,2.5990250079241832,0.27487739546322015,6702,0.752202616355016,56,1,0
32,0.9539053874624555,0.7892840472325333,0.61235058848634,3.45568483508622,0.7810534635458313,31064,0.01640481206430422,12,0,3
21,0.6013914385829875,0.47588964186284766,0.18763612050180192,1.83775078886888,0.6167363959737789,6400,0.6089163271107361,18,0,1
26,0.8277649609255284,0.7938614309180738,0.7842178706758217,2.5868667144712747,0.6417172435269585,9630,0.434797618198019,4,0,2
33,0.7470490279585451,0.7052371675406744,0.7789923674904322,4.106074321534944,0.3400447548355806,10381,0.1266177350701711,17,0,2
39,0.6593424749197199,0.7421835372854735,0.47337381695253505,3.828901314186519,0.7214749965695535,22316,0.25851148161752135,1,0,2
18,0.8652754223339896,0.48620789509124607,0.4848003438267038,4.0075364040901045,0.7809441193628539,25123,0.2142738461918506,17,0,2
40,0.6660514432416216,0.8493330203619963,0.8260616227652189,3.506116865601569,0.6162266919582086,17852,0.1377739696097417,18,0,3
34,0.8585121829794511,0.6641686138426005,0.4350435469870288,3.2304558525137637,0.43811947081157177,8026,0.5398695085373819,16,0,2
14,0.5806519811434334,0.5032288877717728,0.33673210839636103,2.445822934052819,0.6238258265405445,18768,0.4637489518525503,25,1,1
18,0.6585725293733552,0.6371099915872902,0.7318729483544509,2.9974507875812493,0.34599225533539996,20563,0.10454591387022212,11,1,2
3,0.437549902030279,0.34110030296659727,0.08454444252351569,1.1601273253204525,0.3951814706119393,12270,0.922360505545427,57,0,0
45,0.7755263734536574,0.7321393925123656,0.6991436919878178,4.154370473423496,0.4323149241988157,49087,0.3665255949299967,13,0,3
25,0.4768450667841083,0.5494633311484405,0.3863013953260298,3.111512255024749,0.6658397993937408,2496,0.10992085022755446,19,0,2
19,0.7014343365024387,0.8157889746777649,0.798028576830218,4.484149529182712,0.4165223141334362,21476,0.6493946078753946,1,0,2
0,0.2395449338805416,0.37493822729897985,0.3369256358834982,1.4468546334993384,0.29554876874698754,3957,0.8533463171703238,20,1,0
4,0.2626857440211578,0.23473999244176597,0.6369702917866286,3.5863700641143046,0.37368991131903373,7473,0.459218737216982,4,0,1
29,0.60074052649618,0.6133098968565187,0.7654282948786693,2.952303199604237,0.3142854588620052,9272,0.31706304837247024,19,0,2
38,0.8706806857600855,0.5272390164825149,0.39825007739381935,3.172691453431164,0.6921399074772845,23942,0.2979527199184499,23,0,2
14,0.4620156479387986,0.016648891782585995,0.3759425825705468,2.16814381986754,0.22458748547903631,2139,0.6474005293799935,36,1,0
38,0.9676927972219912,0.9442528071562936,0.8983989139320138,4.72937238406708,0.7255274820372537,39268,0.17090185274609127,15,0,3
2,0.679145667776553,0.2898169131860704,0.5695608015530824,3.2793642835132495,0.5965693591897168,15993,0.4455874262612873,11,0,1
14,0.8620084986974691,0.6404993137526096,0.6777901192847472,3.7133230595517355,0.43973472061482427,22015,0.2698321120939223,20,0,2
14,0.6347426936577936,0.3908105220883019,0.40126481335082775,1.9920226021493508,0.42648779300871986,15924,0.5421644279435489,37,0,1
9,0.43207640955230275,0.6169953810495482,0.4949206417179821,1.941341364351619,0.48412971860408727,16177,0.7633766089211402,15,1,1
30,0.747633704756423,0.6433598176688068,0.3667497670561981,3.7825314185137398,0.39492633013548456,8255,0.5243738754572977,16,0,2
28,0.5213865009982163,0.5222793795216251,0.46600031969179606,3.5591453614253497,0.6094675813817169,29073,0.29808918426758535,10,0,2
0,0.06339257596432024,0.19674633555930487,0.4141984664176284,1.4855965290553448,0.254970606127586,12997,0.8752304742701748,42,0,0
1,0.5207396027876675,0.11554823912165596,0.2349006525684244,1.6951837644595258,0.13309475903869314,1723,0.9141135528253802,40,0,0
7,0.030548992854913817,0.30518088466095333,0.2451671493533868,2.6655933475355895,0.20515024086040842,904,0.44708116704643286,19,1,0
4,0.5039341917245027,0.6627158484829534,0.5123628401201011,4.3155016004824756,0.42759111438711533,14879,0.5795918029347265,13,0,2
42,0.9511416164090863,0.9871976266016937,0.7007901182127437,4.192970949970843,0.5667412583493208,11770,0.34887813803671475,8,0,3
24,0.9123524049916252,0.8263106479866242,0.825147092936727,3.149259628674163,0.8438381992513244,11315,0.19592914820453944,5,0,3
31,0.6321092379962256,0.5362230126599437,0.6991425302948571,3.0455877853996913,0.5596988426417338,22951,0.5363901200380489,24,1,2
30,0.7413127681695999,0.6266476449563267,0.6226427661276672,3.747019366076775,0.47342605439510677,36623,0.17018537315288135,11,0,3
7,0.48614048216440053,0.5977901248971633,0.5074279871002045,2.6517371319042677,0.19663006009041586,11593,0.4320872188082914,30,0,1
14,0.3828964153496722,0.2146919983327667,0.23810559255935246,2.445999919187498,0.2987219076401308,4168,0.48139006356232483,54,1,0
10,0.24437119600670448,0.061703584032738235,0.2617867880766872,2.0612573781943873,0.07068764143300936,12398,0.9206754728510343,32,0,0
6,0.8655479075364698,0.8774870429613353,0.552917046914292,4.187077138246295,0.8599531143829859,25207,0.2824921788376268,11,0,3
10,0.578747114992471,0.25011412832144214,0.4267000134167075,2.187847912100339,0.5562012420156577,5509,0.4469852262147472,39,0,1
12,0.5273753612815744,0.6432091796099213,0.7176981946250426,3.701213258374365,0.5921598658813545,15418,0.17761030658295712,1,0,2
8,0.30764205551655366,0.47319092374402694,0.23521770142744586,1.619340400180319,0.3616253743302082,9967,0.6408722921822633,78,0,0
6,0.7996934327634081,0.7911009604113561,0.73225899346785,3.077678828955027,0.7153836942973804,3055,0.10450907662202921,4,0,2
9,0.831823640367491,0.8468793374620404,0.44294048178740286,2.760902819887236,0.45241908462813346,22778,0.2569487622988201,17,0,2
29,0.7268394427610285,0.4179505553962227,0.36312645153083445,2.6200163851780234,0.5157921645587547,12786,0.30184629689507103,19,0,2
20,0.4351600877252611,0.6685724834075609,0.6493750171956585,2.7905532501673216,0.46225900768217354,4613,0.2555234004343858,34,1,1
9,0.45095436065827865,0.4753228123629736,0.1146680180841428,2.2409359464285075,0.11825548755993866,5009,0.5096133609444051,77,0,0
26,0.6390451553781429,0.4639968718444361,0.5874929294014014,3.540230829004789,0.7172145599528712,14563,0.2703250770721233,11,0,2
25,0.5450102176358773,0.8709015338821435,0.6642520870757312,4.292563104327576,0.36342196344629857,8461,0.2727242016597043,4,0,2
7,0.8048232804058866,0.9731752268399818,0.6364796874281575,4.309386162862697,0.7978252027002953,32538,0.43346673417594184,3,0,3
16,0.43201373460728315,0.29337314229866346,0.4166003321845201,2.07982691699329,0.17118096597639101,11028,0.7494936846516691,13,1,1
18,0.5573854765781312,0.5824239466099916,0.3681755971518058,1.8460316667783974,0.6266461981831449,793,0.5315469675223238,16,0,1
22,0.3989236741800109,0.2998642595612025,0.20554860442299525,1.9865158394858515,0.15205072521508353,2826,0.5248087745895675,42,1,1
23,0.5479634060583669,0.39932066759819196,0.6396241393509926,3.5479710686920796,0.5776680651511573,4077,0.3328501939612054,10,1,1
16,0.8035004887854784,0.4595715365026132,0.4274888657406349,4.248337842964137,0.6681269739802311,23851,0.36181138878406593,2,0,2
7,0.684623505015426,0.6907617906500485,0.6509018982040519,2.652604908348159,0.3273935239617744,14306,0.4589373709610445,5,1,2
27,0.8435014925642546,0.7478542020456758,0.778775475126763,3.473502096704631,0.519254008349485,9412,0.5968156200638177,2,0,2
5,0.6513379062631435,0.34169884728529687,0.36492818455560616,3.704587432505993,0.38206759359936604,15019,0.316300810736614,38,0,1
4,0.07495251767812423,0.18733064975631686,0.23702625741320504,2.5379356862067475,0.1313566157953417,7545,0.765148958725387,20,1,0
6,0.48514701337936267,0.10303512621031141,0.2307210667168478,2.054219650707269,0.16752161615700475,10234,0.515873704158242,34,1,0
12,0.7123737379321808,0.5368558238604244,0.4325866281119687,3.6037297470746235,0.5080459589157568,4854,0.3618000858066444,18,0,1
11,0.095196515051221,0.19494738210649992,0.051338839697593855,1.5807218256163906,0.25699167404381434,13311,0.8907875658552964,68,0,0
11,0.3956362611278685,0.2959383565511784,0.3643757041706771,2.888382406363772,0.4640417382857177,9076,0.472951504547521,5,0,1
14,0.7971875225327762,0.7415485506244998,0.8275046694160543,3.7428171353002817,0.8438027804360582,3138,0.4023765609948474,3,0,3
9,0.7347853118446963,0.4186033290660076,0.701257726619423,4.1243591745855035,0.3947450729498021,25486,0.22828843019651562,23,0,2
30,0.4500876682402117,0.6326509681294276,0.6210153360697658,3.583193845596974,0.5182908608709123,9855,0.38794787662139496,16,0,2
17,0.7271729758116504,0.32265524899299,0.2583433218526964,3.4621561950611834,0.23483054062835942,13655,0.7100186943000895,42,0,1
2,0.5165152807441278,0.39252061892020584,0.30774460324111197,2.7850638388888704,0.6440339709805749,5587,0.8151463269108878,10,0,1
42,0.8564845639981726,0.9083645508257082,0.7988617826279322,3.1292333596881723,0.652071236708635,29132,0.18849277096314004,10,0,3
57,0.7629402358971543,0.8106313866637175,0.9539093264923201,4.442844134657463,0.4757522696755681,6267,0.3254786675590363,8,0,3
2,0.18531050625544868,0.030010898794135377,0.10898132317773886,2.8062345657442727,0.05052582262758347,2762,0.6208981083107725,89,1,0
25,0.8745151048520124,0.8029375524205844,0.5036612329737991,3.289102258562746,0.5573347620259137,22637,0.539580951811902,18,0,2
7,0.08990736595845243,0.4320479620503051,0.38838059831407096,1.4719035783890535,0.27149125700066484,12715,0.9718312433209847,25,0,0
10,0.43210111132475804,0.28233513125365256,0.3440246350292071,1.8436933749266438,0.47689975466680834,12245,0.7995952008172464,11,0,1
6,0.49898237607756607,0.26935009304569285,0.3372008309074689,1.7376017698045947,0.0001904078520685637,11471,0.577183725064619,76,1,0
19,0.9534908125234027,0.8904382344249603,0.9262073295993238,3.6744542655108408,0.9535738348526738,39576,0.18558080739287092,6,0,3
17,0.4558910137428873,0.6202679399745968,0.5737823981392474,3.517162723901765,0.46689420977250107,15610,0.6741466090593942,39,0,1
6,0.08251064898442415,0.005748986198648887,0.40644374624253243,2.945625722940429,0.11379028514766325,3242,0.5179519525491761,13,0,0
18,0.47886981075212137,0.8722750546706386,0.3995640273135349,3.571320123456224,0.6379962448781701,5963,0.5982855149300933,11,0,2
25,0.5832957240060541,0.7429406482651753,0.624916874367565,3.463178280438725,0.4522876831442842,21781,0.49966875809201694,6,1,2
10,0.5287060799234546,0.8443971397328883,0.7753881681132366,3.876715249827315,0.43585375942704646,24556,0.5174654264281616,24,0,2
31,0.6060336415733704,0.8349920893288665,0.7365195571961274,3.152212113277587,0.4423438807721358,16481,0.2914148297537956,2,0,2
6,0.8100066401819341,0.8071271191743746,0.41462962013096727,4.209350082768527,0.6908177227216052,2233,0.2844360310915157,19,0,2
10,0.2875110444464591,0.24533104425466917,0.5850527291720522,3.238132821732503,0.6224378209552721,6330,0.3996113865440212,18,1,1
18,0.39360628556368077,0.4544381257046673,0.4516539391944715,3.7759990589469554,0.4128155140001848,9845,0.3729496195095999,30,0,1
11,0.6136986469229757,0.5321721457323572,0.4959092930625254,3.260646550932189,0.3148655535731062,18416,0.5431110123584957,21,0,1
17,0.41348881162136963,0.21519870740576308,0.4947822055259825,2.30780515053541,0.6480734154666692,15159,0.39688644403654044,10,0,1
21,0.3153491268741565,0.5060396591019296,0.16889211090612313,2.4792517143397017,0.4344093658832474,9119,0.7155843452499329,13,0,1
23,0.969608013290175,0.6529104844501321,0.6661573126775544,4.696031770498803,0.45581829187601636,17973,0.10697851934411845,13,0,3
10,0.679375629595446,0.4824063905430911,0.2972320494205801,3.4251179303471693,0.5123156684496968,15529,0.7988895854589885,14,0,1
30,0.5916876379456364,0.46586903037609817,0.5039838825913958,2.5421155671126403,0.3276748946090476,29315,0.5390501481004681,21,0,2
16,0.8998825728540403,0.7002294690038375,0.3585946397091766,3.0704234893066644,0.42701550889949297,15785,0.18833173053630697,3,0,2
17,0.7024094179287279,0.6198223429549771,0.3916324795323925,3.818714774557688,0.5221760980487475,3750,0.5581124066161033,3,0,2
24,0.30898949971851286,0.23638118811981357,0.5929618352084016,2.100453639759257,0.24488177907300543,2634,0.39430722544332214,19,1,1
24,0.6850275965546414,0.5922207710353644,0.4051313231103246,2.5462851866295133,0.4634581396569478,4505,0.6283650829903656,23,0,1
16,0.26290358409561554,0.49705231913771253,0.2012922801655104,3.6233048654495583,0.346375091769355,4031,0.7120182812209099,35,0,1
22,0.7056673623039347,0.7597818708261209,0.6659705443386068,3.9115181020739698,0.74878109672658,7497,0.4450243930968806,8,0,2
15,0.7454006779729689,0.6527343460687078,0.43080807989572745,2.8205725991020403,0.4057433846044167,17345,0.4242465532853479,44,0,1
39,0.9111835508040673,0.5418025774306072,0.7629976936224978,4.4450449912673236,0.7507234147691897,9607,0.5267872673983833,4,0,2
28,0.7143418058354228,0.5455758109141731,0.3571333290043443,4.245660468306641,0.6154255193225558,23057,0.4776158606411314,11,0,2
15,0.38645858016218565,0.6644733677863116,0.4574670889585737,2.3106935156701085,0.20395285861148807,17455,0.32585573629301684,24,0,1
4,0.5049449741028051,0.35491988576383915,0.4039471047656388,1.9866174549253954,0.5033471901712573,10458,0.605772563756442,34,0,1
15,0.8510647317826303,0.7938840588755911,0.6940557186917437,3.65014083817083,0.5771503529239763,22676,0.5651397199442,20,0,2
34,0.4552069197193256,0.49888272570497916,0.4711353827629874,2.7333782398718,0.32428136164783083,12858,0.625935275728317,2,0,2
12,0.3531735874117637,0.3817698675456932,0.4304854452887716,1.9894469962057915,0.08193038020843031,3716,0.9673936992292506,21,0,0
23,0.28836368596410294,0.5138502068003699,0.18830990696482433,1.759205079008148,0.20165023890663994,5434,0.6817009930286595,32,0,1
11,0.3511365908710152,0.4165372525722826,0.461296898281345,1.7800295945896603,0.5708458840485019,9932,0.7181361499707368,6,0,1
19,0.8376592655505204,0.5070447152961919,0.5034265107391744,4.200858975357856,0.7178915354273006,29258,0.6305425705893599,10,0,2
27,0.6593316672095999,0.7903108744806328,0.7491692350011329,2.5991870164401725,0.6278147060571587,3892,0.5871360524472627,22,0,2
10,0.3575112846780923,0.24498363943048046,0.3490215870520479,3.064490753147436,0.581190192262137,17909,0.5435984989745415,20,0,1
24,0.8491785142080117,0.6728428555286333,0.6645087189073311,3.355532775702496,0.6912153898959323,30734,0.3182693233766772,12,0,3
0,0.15858778528707723,0.48225761964221153,0.04409763391337087,1.5633002225903707,0.173784124853759,14784,0.9092127561297597,53,0,0
53,0.8370482263063831,0.9036143382155399,0.7667559626498478,4.941499915341341,0.4163050096545065,32689,0.07190717515740686,12,0,3
21,0.512625232415244,0.2444877679346692,0.6493057135187271,2.4453979004681403,0.6299217133692593,15507,0.40510375128868714,20,0,1
7,0.9985409812602797,0.8380195918801683,0.887902367896478,4.86546148095251,0.6061979155654619,5011,0.13811866248757654,17,0,3
21,0.49283610053899846,0.8767672942862783,0.5815528056567343,3.197740833210581,0.5101666547159213,2232,0.3357656534142167,12,0,2
13,0.07672525930453651,0.2011631283793306,0.05850312985474643,1.908632303756782,0.13799174464287806,7231,0.5497722027061456,37,0,0
5,0.06844244591851935,0.26985275766331535,0.3029009860394794,1.574531661983496,0.29029755446387634,6807,0.9271785557038044,81,1,0
13,0.8020581455708949,0.7872927313765518,0.6237699778016876,3.6926435371780073,0.5296542719111845,20858,0.3377900459751299,14,0,3
14,0.49320454949554327,0.28911654945579174,0.35803511777664,3.1586124632778,0.1521408789180518,881,0.3410001762145722,32,0,1
9,0.5756599486131196,0.4991188799259482,0.5113810164198483,1.8855127891372476,0.3797935029397219,10184,0.26264839625712216,23,0,1
25,0.6964608977850395,0.819568791955591,0.7625157504301341,3.2979837119403896,0.4066189685574795,9716,0.1462575455353709,5,0,3
22,0.47035817842952665,0.6057492540200953,0.7570037652031223,2.9997752128618003,0.5774128982516531,10498,0.6484225417871013,10,0,2
7,0.14271841278083505,0.23307106778015757,0.38746842053683417,2.2352761010870896,0.11453247744141148,3601,0.6609935433476368,60,1,0
10,0.154944061433266,0.39236620643202286,0.44341092439863267,1.7529803906892543,0.4193474768263917,10997,0.696931384662901,79,0,0
10,0.5399994654806616,0.435316174365996,0.2119305835759635,2.1693202063435226,0.017398523780144975,3922,0.9428365644537676,13,1,0
51,0.7625539676380102,0.8586659676468653,0.7790701247969314,4.099232087437849,0.8956234309999431,41635,0.38155418180065415,9,0,3
6,0.5831811123788255,0.5381822454734468,0.7732237393308549,4.396397013486135,0.5497832316879664,2565,0.17016248325035632,4,0,2
23,0.5601394085504214,0.6641083978237972,0.18798014348245842,2.4652059131757116,0.343783169149916,3477,0.49540464204176393,31,0,1
3,0.6529640767076793,0.3841313949359566,0.26648610603901957,3.639015455616282,0.33558706034455654,6348,0.4667456764246063,16,0,1
2,0.5963067217125504,0.2544858146519579,0.2889610053846795,3.064140365105724,0.19190421674358213,16948,0.7913321719242244,28,1,1
18,0.4670355409079902,0.30437294119931463,0.17609252889838053,2.3175337662351003,0.5152831352167024,2566,0.26192794521836826,3,0,1
24,0.6195623335682732,0.583311332587243,0.20330963640271174,2.2923542668276617,0.16948618198421153,1271,0.38005462679319096,32,0,1
6,0.46771806445101777,0.4655547112720777,0.25990035598096184,2.398725799730914,0.36750596371873756,6643,0.7994148100309826,8,0,1
3,0.5900792733794393,0.4119498759984991,0.47424879877360204,2.0716328046295236,0.36814467964684716,4594,0.4371829254594525,32,1,1
22,0.8690788845355505,0.6818178372677853,0.5005600557400547,4.702348521705542,0.970187651758355,45092,0.28231452549863156,18,0,3
6,0.346850146392851,0.31357454441847316,0.23856772739650126,3.2105946743906246,0.637158818602207,19695,0.47273658865445833,16,1,1
1,0.2280575977873622,0.45757061812749333,0.33870228687665743,1.6932874932810575,0.432388267326891,13472,0.8361593779788834,30,1,0
37,0.45344705089300474,0.775840111046657,0.7709411710018403,3.9551260708644014,0.462352667129132,19573,0.2321444214744123,16,1,2
27,0.5647559560965919,0.6992892136835942,0.42315254266913677,2.9393642667516526,0.7089253317074162,5883,0.3864807201491872,22,0,2
49,0.9055137607966365,0.9002007699061254,0.6263245469804426,4.859211754843979,0.7060658274992951,46056,0.1449850594718045,13,0,3
5,0.5072833658372503,0.7051033593472191,0.5162260240048012,3.1726161888274995,0.6533592885222801,28401,0.30691077731235905,10,0,2
32,0.8884896139982669,0.6588117181665438,0.6987868101526037,2.834940981100085,0.7671348957319384,24785,0.1868068993996177,4,0,2
10,0.9021806214870127,0.6219530458585899,0.5086898950927399,4.791629194743764,0.8947208848522192,33386,0.3633746120840983,4,0,3
23,0.5436923800514561,0.6225385956848559,0.39612334813514577,2.5805626134679605,0.38469824981578926,11877,0.46663736262685673,5,0,2
17,0.637657876940188,0.4003289242189766,0.6460192368892973,2.1226623438507617,0.367803248740483,5211,0.6828862496404102,35,0,1
41,0.7055262566748719,0.6745619947152576,0.5243917908365865,3.1792526783098842,0.5352632532782163,40418,0.45839584535116756,1,0,3
14,0.6655636083588728,0.3714460456744898,0.42514776159156475,2.363643655039728,0.2812281514924452,14098,0.6425009871951594,29,1,1
45,0.928765121485857,0.6648055511566339,0.7025103995401607,4.885662282826523,0.44360252296600977,42673,0.3177218228297613,6,0,3
26,0.7439661999115549,0.823096906380175,0.9662949547126265,4.729217671910074,0.9275611959987029,5044,0.38129819734708764,3,0,3
10,0.8378493444920266,0.692562827682392,0.44586589392946885,2.954415355664009,0.5345200233329814,6765,0.4837055105288487,16,0,2
3,0.5543791625647765,0.4717671891870618,0.3008896115681382,1.824035777311917,0.4578962760506927,2067,0.7116274878779035,26,0,1
23,0.8983998645867004,0.5115539421829183,0.4757027683744518,3.965676674544831,0.6111583186242759,5146,0.10325823599970131,12,0,2
10,0.7944438180459605,0.5828273740598381,0.4403207793112065,4.205888406768587,0.49208037897673124,15767,0.16165418069291734,20,0,2
15,0.6191032239662908,0.5315777746332163,0.44252966946470346,3.0984968385203207,0.7847207345661285,3420,0.38971760823071844,12,0,2
36,0.5525419349088384,0.5342254328767391,0.6585432871693397,3.361975745314381,0.5528281787151097,7947,0.5485182710690748,13,0,2
3,0.3108114453400471,0.513687752217681,0.31933980222851543,1.5663732006730864,0.3661738691690658,3771,0.41301676970155554,25,0,1
45,0.8548023363139152,0.9602289204945542,0.7712393178596837,4.448634939353322,0.4176184954614354,8619,0.006514783878541874,9,0,3
36,0.5057704888030332,0.45981442512559717,0.7669994992490916,3.2125228975859184,0.7238201647546276,5148,0.46152535383594995,18,0,2
8,0.17859612552272838,0.0017230718884348462,0.3060958069884972,2.9408349587737277,0.08842962996356345,12835,0.8814416690331923,84,1,0
7,0.3711628651231607,0.6735437734877776,0.571124792599617,2.8893658313778463,0.25300870214568805,12325,0.7337257931034599,5,0,1
7,0.5450582111722354,0.6131345749312904,0.6135874188679944,2.878103960984329,0.5869990058065416,4666,0.8292332221980577,33,0,1
9,0.7500897288555937,0.4298584439323317,0.5841043822268115,3.276116948521914,0.4950430193901068,13696,0.17520447150107937,22,0,2
5,0.40281727522149063,0.280244019739051,0.11079214582895172,2.4600219775491556,0.1914711360531945,5153,0.8482324492535964,56,1,0
4,0.1786525483265544,0.07180136282735572,0.2490042486663757,2.034550805346533,0.14894041220468082,9881,0.725592433784273,62,1,0
9,0.534667600888047,0.6055108446461134,0.2028894534470335,2.60711841384806,0.5320277949262192,17286,0.699135391402406,36,0,1
18,0.3357613468935935,0.2901450653078203,0.36477456176033773,1.5650553350692533,0.6005945609773008,15590,0.846016513032846,8,0,1
19,0.28994684389568043,0.44126920373333633,0.4246256356889472,2.482566962748219,0.2672028722041295,9942,0.5827484029213746,32,0,1
13,0.3413258093718861,0.2552706822083677,0.48923177453858036,3.07081816298398,0.23976414624683337,11260,0.5434104282079566,39,0,1
21,0.318949410865167,0.6182365958329856,0.546250840930733,1.6335065751425588,0.4794173501794191,1960,0.7761932985843912,35,0,1
41,0.8332607966052539,0.7079644889568779,0.7185826944084133,3.204299059315076,0.7931694458149949,49840,0.2563601239063141,9,0,3
12,0.7387680034927222,0.5563958003293354,0.7927689230640811,3.380748446050421,0.783869977329543,21115,0.23706207382520803,2,1,2
8,0.4799318407261829,0.45537414462673786,0.7562906105444676,2.522026716671215,0.3917026743048698,19801,0.6460569539945834,20,0,2
28,0.8219036174734413,0.8774919781954749,0.7213618999934814,2.6566541102984367,0.48869381248738814,13894,0.34862407711889093,5,1,2
9,0.672709600850385,0.5590031050538239,0.20517752827893773,2.412200238468993,0.6131070526992843,6281,0.5020807325098602,44,0,1
12,0.26889148403229757,0.40710027715232167,0.5014254116980162,1.583386259515513,0.4536781917388719,3175,0.4669541598521858,25,0,1
41,0.9909868729870436,0.765801833681451,0.9547622554739092,4.923331471909626,0.8967210251933038,16392,0.015710910755636465,9,0,3
19,0.34075398081074776,0.2568812312403259,0.46221246359219625,2.259715312412747,0.42211837880520875,18243,0.30925178120901303,18,0,1
25,0.5124761800727519,0.4760550578511549,0.41268605241856143,4.116715644996148,0.6273853568010441,6008,0.11957018018640446,13,0,2
36,0.7696578833507406,0.8535034254880709,0.9810609862960249,3.7998104136083124,0.4316823762811169,40755,0.20072281545659681,18,0,3
2,0.17093555189405568,0.031851551242163156,0.018872106436155223,1.0907428445476464,0.16045459080200714,6723,0.4544654913577324,22,1,0
8,0.037140502974232506,0.27899615744672623,0.16256777808167772,1.5683256114097484,0.38414451575219005,1673,0.7093562831526115,32,1,0
35,0.603071856970058,0.5375073941174001,0.5843986022153056,3.122014007341775,0.6938384201678771,6355,0.15596499067555866,5,0,2
11,0.18691349333239377,0.4455583372266881,0.21196308784696952,2.5140641089220663,0.1623013489391862,14365,0.9059238349152373,31,0,0
14,0.7180330118982056,0.8375532390231595,0.8148889614980765,4.694334722745149,0.7144955024356974,43197,0.3334272105071339,8,0,3
13,0.5629291985350586,0.2124854502170656,0.47518278024772287,2.1557288485808863,0.31931984734323415,967,0.5639068059037005,17,0,1
4,0.7761881846296987,0.8581858443604,0.636688649984622,3.6013809829412935,0.6152088091906771,29126,0.3304982645190313,21,0,2
37,0.7292032488164013,0.5230782532954921,0.5899887631064333,2.6386090120374974,0.7963854932563669,29264,0.563855326371253,12,0,2
29,0.8349295424540233,0.7337451245241928,0.9873499259353449,3.794357554858422,0.9232814200134859,39129,0.3358211407730149,3,1,3
49,0.8870089198340436,0.9990770463695373,0.9395357401140658,4.539889400503358,0.506951480142785,47199,0.1886568307031618,13,0,3
31,0.5486518859055285,0.5282291535379117,0.6496238724433381,3.111296993672367,0.7469863342122146,15556,0.23926411490329658,16,0,2
14,0.6618621430684937,0.2153932844303733,0.4890301883938376,3.571996157123632,0.5139279340250734,8588,0.6696273194399327,4,0,1
28,0.6616327674008171,0.6746425416562094,0.7629203133178551,3.327289129455398,0.35508606012681654,9441,0.2931841077558306,24,0,2
20,0.9234536176649208,0.9151159554857969,0.981618326720066,3.667139098944401,0.47679292512015187,30997,0.41913267977285246,2,1,3
33,0.8934798476965333,0.7812075257522482,0.5232977553454642,3.383815689957852,0.3175873157657983,19502,0.6309758846527364,16,1,2
18,0.4578376323402244,0.4921386107179484,0.5053690484256739,3.843952275854102,0.5400539139761431,25772,0.13457161810980953,19,0,2
15,0.2528604657709823,0.22102239803797236,0.20552622218905467,1.863950304150691,0.3028797435717522,12845,0.7883779531199767,6,0,1
27,0.7628927674835102,0.6901331190850113,0.7612595958172615,4.209907845381082,0.561598778981215,35174,0.4952730163850667,3,0,3
16,0.46790056128168006,0.571821373375727,0.6295519387160753,2.8473432739086797,0.4289054370116688,19216,0.3234370027872977,14,0,2
4,0.6913710381035403,0.22116747295124606,0.31848239392341493,1.6705970496553215,0.603371186286277,3029,0.32146003456561334,19,0,1
44,0.9124687623144901,0.7686815738213127,0.826631509618665,4.311447345123312,0.8121165986050174,23538,0.08804773566529733,18,0,3
22,0.4665401018010656,0.3964794033183411,0.20702514885269938,2.0948725442658396,0.3583350416031852,16080,0.47294386510972003,17,0,1
22,0.6209133186921414,0.8113429190925947,0.7892387108898073,3.5167109751291843,0.595063702963271,5574,0.5812166730814693,12,0,2
9,0.7247687185568259,0.3188493801531144,0.6261506923005533,2.112325058530177,0.5233852223097145,15285,0.6016722092832981,37,0,1
16,0.2995972650564393,0.3322464366737392,0.4648363259299436,2.8924208554926913,0.48722053568343426,3823,0.5020376017476682,20,0,1
10,0.5890013544196597,0.6770637150442961,0.7877798713970101,2.6422214164268736,0.6307955329796326,19758,0.2531559100034403,16,0,2
30,0.6748293209499747,0.830399367122264,0.5622187786484282,4.755782318082655,0.7671643032023987,27370,0.44221213775098855,16,0,3
39,0.880429564174816,0.48359521234979025,0.3921348020001331,4.103078921438151,0.41565709113114674,14150,0.47550001378742146,11,0,2
13,0.4893507207873138,0.40342819924875767,0.4730939130508716,3.0220567830716965,0.6419383705816532,18375,0.6098436611497875,2,0,2
34,0.6745387994077819,0.5856142959939817,0.4792241443087508,4.316730520826163,0.7452347869919449,10594,0.48763757995891255,24,0,2
47,0.9379766231568426,0.8856236799159313,0.7951319694428112,4.746673323447696,0.8721820809505998,18434,0.0761638928313394,0,0,3
39,0.5167373018954798,0.8299486506472551,0.39781965715657813,3.5226781795922655,0.4680801288722599,2922,0.46049940107146026,17,1,2
13,0.7542858080396827,0.7935019767729651,0.5345663930933098,3.2662900083561937,0.5002792068827328,12429,0.24733759479564166,16,0,3
11,0.7224209756972242,0.49670268210569585,0.703927571087655,2.9188353416437085,0.3505819057587706,11447,0.18999320011562862,16,0,2
6,0.7057270017274196,0.6065525235554219,0.5475703612557612,1.7294549092877072,0.35034964062162643,13542,0.8259619430793306,15,0,1
20,0.8335571499013752,0.41459962278782464,0.6306846767394181,2.6311581452932726,0.6583592928838209,20582,0.369502337920389,1,0,2
11,0.6864743652045009,0.5449845060708625,0.3817557401792755,2.2039361558972046,0.6304587157790307,5840,0.7820358298869935,23,0,1
19,0.30227722907551213,0.5835062649903846,0.31116665590023684,3.017382524199741,0.2913128029757466,16749,0.8295701230675441,19,0,1
59,0.8110417056442503,0.7838726051044524,0.698329888171781,4.778781832257689,0.8844376182039708,4140,0.45111820173111905,9,0,3
10,0.5696340551731808,0.7902701426627776,0.4809497253040984,3.9380388863257823,0.7638372707497596,17522,0.38781085458894726,13,0,2
52,0.8531904043203684,0.7024062127414649,0.5373472088789271,4.206438820426745,0.6393016178222377,32808,0.3598269083052652,19,0,3
13,0.4852525394961636,0.33654072516065914,0.6053062536863026,1.8961021410761751,0.5482742770232493,3422,0.4391123740923783,34,0,1
56,0.962976042013574,0.8548926319157948,0.8526927970561018,4.567685353535348,0.4764723756537214,35272,0.4518787858875711,6,0,3
15,0.8481130236729267,0.9300530706771188,0.8478571464248751,4.161864106525595,0.4624824147521725,20543,0.05997684651194496,13,0,3
44,0.7643279346286144,0.8828920382577778,0.5234726785739066,3.336888770285439,0.8454088303435054,20569,0.05646582134300565,5,0,3
24,0.7404278331277601,0.44450310918892955,0.6801392781640019,3.96026037555285,0.6828261683525916,18864,0.31491414151185226,13,0,2
32,0.8370146157356972,0.9084986674078952,0.5328130722870065,3.733912158409601,0.5653674032073672,40822,0.19736717692241407,8,0,3
24,0.564478429156377,0.4306724521832195,0.6272823343456688,3.448204151684534,0.6514958630734098,29167,0.13624171001655583,23,0,2
5,0.6383841356750364,0.5038117879419693,0.5591060006852315,3.0703108311421943,0.604346383151453,19006,0.611637880304561,41,0,1
21,0.4509493539779833,0.5047525612247155,0.5789976113636793,3.4663290099754636,0.574711134727445,2449,0.4584384170502033,18,0,1
8,0.5756680529001028,0.49881449659777993,0.4971779444976355,3.023588938869109,0.32532464147700935,8849,0.3657606617756772,35,0,1
10,0.541693116163874,0.40783050075022453,0.25780453154109517,2.2525406934064995,0.2961647579213167,19038,0.33765441986385164,33,0,1
7,0.5460950902146091,0.32536591300102724,0.5951572281068256,3.5637501459117,0.2303577924457528,19121,0.2798603179531453,15,0,1
34,0.6748176763851612,0.7864560886317653,0.44798691717530986,2.960790143029129,0.6654640179665167,24416,0.22416969118126548,24,0,2
3,0.2917783550492487,0.2677589091934542,0.15574681299829657,2.7538420138206092,0.12821841248630142,3821,0.43638999432005143,15,1,0
37,0.6695549041370725,0.969184092719394,0.9822602361351043,4.509675639881696,0.7746552678830368,31939,0.16512138966820267,10,0,3
31,0.5023992132842275,0.4057206318295562,0.6045215874866194,3.2743665483118685,0.697893365588251,11304,0.39383591089621073,7,0,2
6,0.037125675879813136,0.48211113904363906,0.13960658332470172,1.858434103680529,0.28846904322055245,5220,0.4535022863118301,34,1,0
23,0.6739674412911516,0.42530548784056055,0.4919990634993999,4.1023281343503175,0.7404407118873684,9933,0.18412902883315907,22,0,2
4,0.3726450468218215,0.30223336009878776,0.1604226199038504,1.8143986713247835,0.4302367410867509,10462,0.42769268095831475,10,1,1
19,0.44535872112731206,0.3380375680347052,0.3325256387709027,3.1507177319314748,0.5763649826392738,14812,0.6977596367993231,23,0,1
7,0.5713088467054201,0.7974287024810807,0.7606722620973998,3.0370098345056706,0.5356832422039217,21541,0.5364978278405695,4,1,2
38,0.8937755131794777,0.602101527423354,0.665444681494586,3.8865461748872363,0.4001130397339492,22595,0.37588608651954664,3,0,3
2,0.36237501908867875,0.6295910997055542,0.19671593342124963,2.0870317989127005,0.5927193821811528,4856,0.29918126655609434,6,0,1
9,0.020477932703765623,0.4927511458184178,0.26828683681386933,2.53443190634536,0.3330644430424288,11453,0.6821942953275877,36,1,0
22,0.785906967360795,0.8669409767950931,0.5132896176477966,2.7025522476620125,0.5397596185556769,24449,0.1338561726799996,5,0,2
4,0.09600552244633077,0.20340113931719045,0.30888489673040864,1.9611565053773568,0.09814145778290964,9462,0.7085412897118317,28,0,0
7,0.6596668761494305,0.5262634388752094,0.6300063286263593,2.3916177712852376,0.18634195550131152,6311,0.5128190698806818,32,1,1
17,0.6660329607712966,0.5003377779452427,0.6344540548620432,3.066438167619335,0.7624884741175173,3115,0.4229230408713105,19,0,2
18,0.35994149485367455,0.2552931719819774,0.5358340531553729,3.539020542621886,0.36026884503443823,8944,0.3517120961976774,5,0,1
38,0.7880826295128455,0.9954915127821771,0.6789006754641357,4.658664810282567,0.4560447831851774,25852,0.4736976247932234,18,1,3
22,0.28560335877061627,0.3711536424137598,0.29893816576139665,1.6475110801459816,0.6344296677338942,1502,0.8056044505619504,6,0,1
14,0.5976005892516633,0.6467312175407247,0.5490509561225969,3.30362691720339,0.7641678860028109,6276,0.6457330531736172,2,0,2
7,0.2628161249422113,0.2501056745252623,0.5245577895129353,2.325151605172117,0.35593173269322587,17061,0.5041144553806136,37,0,1
46,0.9246338923805084,0.9834508709252883,0.9960666581703361,3.531702273308627,0.514756250748752,3358,0.023028367094978186,6,0,3
36,0.7286023422089869,0.8496277868096753,0.5078499303546404,3.767508174380673,0.5261570175256678,2684,0.15836898021069634,16,0,2
7,0.5261365197901223,0.34793484011213277,0.10040173134240006,2.147538611158728,0.09965337319201927,13494,0.8336921806688184,49,0,0
9,0.39263899847043987,0.5806748281014462,0.5781496633580585,1.7031192588027289,0.6222439399226218,13987,0.5309358424555795,21,0,1
10,0.9271362438143715,0.7617526006196097,0.8030943567805857,3.3977125555505916,0.8314464684123133,19766,0.3922104290017088,1,0,3
12,0.5047445893464685,0.6363339056894204,0.44364771556836774,3.0322159123385983,0.44150031771453885,29090,0.6395424665392757,13,0,2
34,0.7517806584556276,0.5400128563463613,0.5114400929095733,3.3454051390543453,0.35996092946356506,2537,0.5110237040650876,6,0,2
13,0.6509082585342764,0.8223226325748718,0.8200014834184568,4.564969849127876,0.719605532056933,10269,0.29690124040480775,4,0,3
5,0.9026847427205813,0.4825180277090101,0.792680765154091,3.8523146669068904,0.7839848983849778,9902,0.5021716104302855,8,0,2
34,0.5536391299542246,0.6345003838913235,0.5093693885417727,3.6386692638144504,0.3522639439378471,10419,0.5051585313736334,17,0,2
56,0.8410705195577461,0.7923347912356294,0.7211493811904551,3.818955706010408,0.9877305042290542,37624,0.1333375983309888,14,0,3
16,0.6310358267198628,0.6757901547199348,0.6098017097107183,2.687581583328151,0.3682241994115564,5700,0.8071637977462117,30,0,1
9,0.6144315605650016,0.5934550294157136,0.37380834497179893,4.351166018380543,0.7962988592908301,21814,0.5674931762429558,20,0,2
9,0.6032706906809095,0.6466559323423704,0.6603123794899535,2.8138345440744543,0.7269329967626017,22108,0.3214914073084352,18,1,2
3,0.6336391505268242,0.5857424374084628,0.6424689344854317,3.0224107793632307,0.52784088852476,19462,0.7032722855951548,24,0,1
6,0.5153310364435665,0.6659101538656387,0.6568034740048045,4.306672013045411,0.6012556817873643,19669,0.38063590489173016,15,0,2
13,0.4668484665534798,0.5991105907940066,0.3435776970269916,1.7523647428683762,0.3436667104283462,587,0.28908234320253756,30,1,1
8,0.16283488633950732,0.17126175368338126,0.43289217900015287,1.8574323516957256,0.35494727200447207,8077,0.7569581424404952,14,1,0
17,0.702664774075506,0.46578534535751465,0.6753757064571484,2.559581008065244,0.6671360152653577,24056,0.5314244641400121,22,0,2
27,0.7749655470311815,0.7614970466462436,0.7905138002539549,4.117585946385388,0.38982265793206583,19629,0.6061498028413242,16,0,2
47,0.9573772336177173,0.7989859575919562,0.9803902757434885,4.927644550964702,0.8557494460687791,5352,0.1963968879046717,8,0,3
26,0.8046323504741565,0.7872513134314083,0.520677526277395,4.255694622033128,0.4736438330763373,15273,0.5183637381129836,20,0,2
26,0.6706737727124479,0.7380809516594466,0.5010570802892788,4.094673611299926,0.6505056335475203,26552,0.4632127610104888,17,0,2
7,0.5345707852271342,0.650870838020321,0.5288288083014863,3.3787791052443517,0.43961001761377894,5027,0.8093607033029003,27,0,1
8,0.2855033901112943,0.39957083054697573,0.5225663742491999,1.758996442790417,0.4097263832587782,1979,0.7967618733901066,40,0,1
33,0.7326407865910916,0.768705063892205,0.6986894942322005,3.13850861257172,0.4276741386014403,42410,0.04752652276634639,16,0,3
9,0.8356595054501879,0.4465498060077258,0.5034349535581181,2.8511595552692324,0.44536115381033253,6760,0.26167875702566407,7,0,2
15,0.7014505055816855,0.6011444081818438,0.23749841437529198,2.7306696244921937,0.41375725994427237,2970,0.7238272055263294,40,0,1
20,0.8387821069400219,0.7331263143649938,0.6193450156505087,4.275970411586595,0.4375253361384211,25054,0.41335732996550917,19,0,3
46,0.8663888595182625,0.841583148829005,0.5579219283901289,4.738519249302105,0.8186023765120451,40383,0.13921970412521728,10,0,3
9,0.19951533866064713,0.21449755532008224,0.37331301211354406,2.7228143631083626,0.33722241946193804,1824,0.5620882482964658,60,0,0
22,0.4656359464495985,0.5866088381735666,0.612541796814841,3.009323372864894,0.6017928938291028,22787,0.4542145404115693,17,0,2
8,0.7716667250689393,0.9832683172015722,0.6896792949612118,3.775190462965539,0.6874420378620107,49099,0.21375091566405585,8,0,3
8,0.5384547676613757,0.44772959645147214,0.5266067193694386,3.6510757231069655,0.5729906462230066,12467,0.3758433963631395,5,0,1
7,0.7898436689433443,0.7601587723935789,0.3687019317225163,3.855363082235397,0.371327175736581,5751,0.3929771243925987,5,0,2
32,0.8834302061841036,0.40655760902589255,0.6979254612861315,3.0744826959496816,0.4457075693380243,18158,0.4307628422899823,5,0,2
12,0.2512272932219221,0.6553759063690736,0.6385938695662091,1.8991349151694321,0.6175383079902343,9236,0.7064845248586462,3,0,1
32,0.7387887608555985,0.8499903948204209,0.779206336291599,3.4781106643945314,0.45853750614357985,21626,0.27348162568569406,18,0,3
7,0.39578838478788264,0.4219583490232699,0.3766498693232714,3.7814312221086546,0.501017834241071,11852,0.2953868083944098,22,0,1
45,0.8417901591368306,0.6909403932119949,0.885427054270495,4.351682490174752,0.9423479981562248,27995,0.3172120726432918,4,0,3
5,0.19848670187186887,0.0488305384050402,0.23282188148162034,1.1584530757618396,0.17210600255444022,12411,0.785045952535105,70,1,0
20,0.6127060615964852,0.4938345257366301,0.48733699601158087,3.350111827904964,0.24628804867342016,7337,0.8252459781450624,28,1,1
4,0.20988609062693825,0.01753563973926625,0.3260349010504318,2.407170117997542,0.42520890903746117,10312,0.8056627859524951,23,0,0
2,0.35737683291254135,0.5782388394202062,0.6115719438584288,3.6302345193107346,0.17528778303950518,11726,0.7864327676212868,5,0,1
21,0.7265555426409652,0.36198805328076944,0.30338637567641613,3.529512029962637,0.41686033067604034,579,0.6032150322180427,15,0,1
9,0.4757731804865282,0.3815643552448179,0.612306266166486,2.0905056830855635,0.2061363791644548,15311,0.3756570316833601,25,0,1
12,0.07585764437003684,0.2918701126371111,0.16518723618926098,2.0133543542141945,0.06211391183848646,9689,0.8082529758553889,41,1,0
14,0.46157045240538214,0.7123999463495128,0.44702439435937014,4.085385145698756,0.35285030193965033,14459,0.594239097518909,21,0,2
13,0.19436909437420996,0.4934308512651081,0.40124971599109127,1.8254334541660602,0.2428985341092969,10178,0.44206578356370513,57,0,0
35,0.6625351651786633,0.44299169167182917,0.42869777128768816,4.210156771939376,0.35263258124021263,22612,0.4002464075967441,22,1,2
14,0.5964387176036476,0.7587028276287313,0.5541077643268286,3.5709411491826764,0.5746342466742214,4970,0.2969796296576931,19,0,2
16,0.945474599254209,0.7349787335487672,0.5442717053068091,4.8373555939870085,0.532638022872237,49403,0.2636130904199001,12,0,3
15,0.6065141011445483,0.25008466311866495,0.20671371337292074,2.1405316077219894,0.5941538737188526,6438,0.8410203070035758,43,0,1
23,0.6470813544188048,0.3139003778564281,0.38393495681696577,2.392043729277448,0.29865029961281964,9697,0.6729017185104018,22,0,1
46,0.6763756711233618,0.7610200174387922,0.5218308288536806,3.4652910771253618,0.9878694747127131,9344,0.10955873973496921,0,1,3
37,0.6703312438381918,0.8088860444026662,0.60084843522362,3.7214635592892398,0.716503107600543,15292,0.17976800356243866,10,0,2
20,0.727549278082843,0.4769154579339117,0.21196959713221972,2.272601843745386,0.23491971665062397,7854,0.7740216637896512,25,0,1
30,0.7343796913153712,0.8118646714620325,0.6102805624611616,3.708472480889549,0.9840744339857039,45261,0.17752052822597914,10,0,3
29,0.8745266093947114,0.8537783918150934,0.6300363405833118,3.377335544063151,0.4778965639104965,18122,0.18369603103505486,15,0,2
17,0.5555631468351959,0.48972708613189453,0.5783253942883206,3.503640751081022,0.5637479722791308,24414,0.3331617942663165,22,0,2
17,0.6033526112374048,0.6134212757986742,0.3505706346119706,3.86113368272143,0.38801984107748533,26649,0.6184314852666108,20,0,2
7,0.5720135433429849,0.8552897572066793,0.6778866600426046,3.695226381864921,0.6919642942263999,26208,0.32997187563401215,5,0,2
14,0.7848888173379478,0.7945429927982431,0.9093397102499209,3.3568919304555442,0.433681662049726,38820,0.4719911526816048,16,0,3
9,0.541276918520997,0.6177677506340833,0.24626495771906973,3.3025168741502426,0.3702683240616891,16981,0.36501956269698066,34,1,1
57,0.8416062074146891,0.7586597492208217,0.6864243185944672,4.719130463293892,0.5889517531677806,22554,0.07690351232080389,5,0,3
36,0.7059598608940523,0.524993492218196,0.664038977908465,4.0905756980953685,0.30686659404128913,24149,0.49399496558074785,6,0,2
34,0.6727829449957692,0.4597225056889089,0.7194136461258501,3.6596106903335923,0.5531752766404061,9238,0.45003580906406704,15,0,2
15,0.6867429419295132,0.6397832008982423,0.5127232932914253,4.23204638136125,0.638194689027455,10000,0.503740442053233,15,0,2
14,0.5065689125999361,0.15873337181627767,0.1460040397281754,2.060443973183052,0.0163229556104958,9209,0.5326382530511108,39,1,0
34,0.6749912832437956,0.646759321967769,0.5225245386343993,4.040457531299746,0.7795561459981469,18409,0.2683005354707421,15,0,2
34,0.5143998277170707,0.6132082950023221,0.4992460298796579,3.9083511123893797,0.6152240578289949,19494,0.4451283848109715,4,0,2
14,0.711980333227668,0.730778123437964,0.6839101033458921,3.3174875256170555,0.381085363568594,12268,0.4724085014079531,23,0,2
49,0.9104740799301543,0.8110590920579144,0.7166233744858278,3.323528422704219,0.4671615562129182,13233,0.4497276062730508,16,0,3
14,0.10027232797650174,0.4106561721646727,0.3850911019802386,2.508718508712251,0.004755092433216007,5579,0.7859643962861775,58,0,0
22,0.32003227967946823,0.5305652934128584,0.24696391014034022,1.9921119809338292,0.5197089568329328,13695,0.5303044800114679,7,0,1
20,0.7541723110782588,0.6309284261955149,0.9093928216785468,3.884819872961339,0.622724256333999,37610,0.3685482752160256,16,0,3
14,0.7317053066498336,0.8500775010959642,0.43750858363204115,2.5728508866034403,0.37228985511979235,29746,0.5308351805585413,11,0,2
38,0.5044368486512933,0.5515568331923378,0.4261413732547633,4.26447016204153,0.620096934268516,7741,0.39593715290415255,5,0,2
38,0.47967105732774423,0.678983429194904,0.6574968631824785,2.796119518977659,0.7763364332495378,29475,0.42029660028518123,3,0,2
38,0.8000262620797287,0.7011845914077149,0.6736852740613011,3.890239631891535,0.5737032030006126,5030,0.6253835225580391,21,0,2
30,0.8517587160356529,0.7229228733985236,0.7061133136052987,3.5941259818368843,0.4781952496499521,10216,0.6258730709883029,11,0,2
15,0.351233771047875,0.29967506447234316,0.28752012947036665,1.732475932455008,0.3852707430229876,19232,0.3432406772434093,28,0,1
4,0.2739816404790118,0.14528961445233113,0.3763782032777981,2.801254589189795,0.1362261582351986,3875,0.9282272351117046,25,1,0
29,0.5351760136933635,0.5430432914530026,0.5045200053085577,2.5517921404989705,0.49747259301073105,5466,0.37512731340919103,14,0,2
16,0.8534568960293738,0.806069472962725,0.5768290190805563,4.343116887226074,0.7270633169564198,13516,0.18386682540255495,14,0,3
0,0.024370325214746667,0.20921698003864742,0.23604482954926634,2.359686132664904,0.1069220236423617,1211,0.816417092904824,77,0,0
31,0.6911002944158265,0.7774391945896194,0.6773913922535642,3.535198930107615,0.4370207948521379,16126,0.4581473284089901,10,0,2
16,0.6640300736758856,0.5899732862370068,0.7141376616455336,3.5070270225959934,0.42114666460023326,21142,0.17435067979428653,12,0,2
23,0.812635834528864,0.7754978701553357,0.7718894539986996,3.3704568930948193,0.9891815142676872,25760,0.3575193594253419,7,0,3
11,0.699621463278638,0.8475271079841812,0.6529001066560379,3.0856257334743376,0.6606436344869133,23076,0.5465898198771406,17,0,2
22,0.6043642899524497,0.4118465759998211,0.5554102689190756,3.192764324141283,0.19741521942205068,5221,0.6538054605778314,30,1,1
14,0.8237964167390772,0.7497741478881688,0.9107564737037205,3.687120949551408,0.8722759615609624,39636,0.4654036486582449,7,0,3
35,0.858039568803457,0.6452659566616298,0.4444631205866232,3.6629078958572485,0.7605813683472745,22566,0.475975833872028,20,0,2
8,0.2291286143816687,0.06157773699439528,0.06751088075093127,1.3255057724283277,0.00776744347375804,14044,0.862315167584578,31,0,0
7,0.5047356973264049,0.7395646120777275,0.4482364003151805,3.7357333088240736,0.3025394064878636,20756,0.17151444060757293,8,0,2
2,0.4082220095383157,0.48096237890802535,0.17772692115476837,2.4816251830200464,0.3735075016686537,1629,0.7479362984495685,81,1,0
11,0.7374738171132964,0.815474185645487,0.5658312935350062,3.071682897326819,0.6714156382328451,24923,0.23307834962097282,24,1,2
19,0.4912257351905588,0.3747425911540505,0.2788700306557593,2.8374691121353663,0.43081626664218986,11154,0.39713797493900727,41,0,1
7,0.046293740108112116,0.007164227726151051,0.03357595829581074,2.784865076654328,0.10249218139197973,5673,0.5582706472340895,31,0,0
8,0.7183439633335748,0.476886977147219,0.2939688740857075,3.516774740960195,0.6138191495950737,13052,0.26825338863597054,39,1,1
17,0.5443623581356389,0.8086747589879075,0.4665327222612389,3.820671661028255,0.4563705580942001,7782,0.5188023583898873,6,1,2
31,0.7660232120153911,0.671027131790177,0.7577454179061917,2.9132863697834104,0.7512669413192877,21515,0.4114628790482481,21,0,2
18,0.9985759347106151,0.9454072562451827,0.9286800460462493,4.269920091182066,0.8726278093166252,31669,0.368100212530381,5,0,3
34,0.7890073413764289,0.7764128646992646,0.5717711810196964,3.087471251759939,0.9934170150101044,22503,0.27335026027838416,9,0,3
34,0.7450403450017482,0.8131205544586648,0.7509597573352452,4.235933284004262,0.3714120552434413,26710,0.3902940499573565,16,1,2
14,0.6759184044094666,0.20387982416871225,0.37394567242223153,2.8227589039605316,0.20471520241798966,5982,0.46832823617612995,9,0,1
12,0.30166038164646797,0.40888894198581405,0.06154865465460007,2.153821815796759,0.3947761041081151,8554,0.7854543841439836,54,1,0
23,0.6254056906872195,0.4312471370062191,0.1966640601349132,1.9174445450229345,0.4672199705841762,4616,0.2592489750690446,36,1,1
16,0.4297225130911196,0.5984938273794926,0.3748399254425786,3.690567597932949,0.23830684628706142,17026,0.5469469628659963,34,1,1
36,0.5407852039519634,0.5020788575254446,0.7117369488119702,3.517383881458752,0.38622319448692954,15311,0.4036884548340569,18,0,2
23,0.6144041490495682,0.5622311442255213,0.4806628484150064,3.125426590282916,0.5720915744884009,4722,0.3733991201429384,19,1,2
8,0.1340096997875433,0.19959038249444555,0.03133634218877727,2.103620351413908,0.04076460095429959,12486,0.8367414298675557,73,1,0
26,0.9057194912850388,0.6091225917386994,0.4494821987662963,3.5753670435102007,0.32313095866999997,4575,0.4247095308621235,5,0,2
24,0.37165096399148356,0.5535603069721904,0.3489786386478846,3.3236752401581624,0.350662721970612,6948,0.2809329239597508,18,0,1
18,0.7264040096745601,0.5772899824429275,0.48789905144760937,3.803736187295212,0.603847951748804,28972,0.4232295701579004,3,0,2
32,0.8489820993124855,0.7151718465902904,0.5831887934661362,3.891581829154458,0.8681278380580614,35402,0.0014406258328072963,14,0,3
24,0.6267519505536541,0.5431861163863216,0.6386207825002245,3.2444257010996878,0.5193263252940711,10270,0.46960923255512554,21,0,1
12,0.7295219984357039,0.41271559712817274,0.22091441434383743,3.34441690218876,0.19660696294634925,2921,0.6398744365075748,28,0,1
15,0.7182578960507645,0.7666511200961028,0.3995331920814757,4.364258199561306,0.628894390018093,5185,0.3730194069223963,1,1,2
33,0.5263928541102927,0.42581534280514144,0.6985574374284642,2.6073941571986134,0.5855465812172573,2437,0.6119939794042862,9,0,2
23,0.5420051350106436,0.8788087029628839,0.3867558941898593,3.465757068231687,0.6213882750299324,10107,0.2750031137010138,18,0,2
12,0.6252619903483745,0.6610463267861657,0.6270079020595936,2.9659989558585886,0.2122494491339739,12084,0.7287588205067893,34,0,1
39,0.7680229783653283,0.4267392813353177,0.7124598273682641,2.8551158394264453,0.791865926998503,20281,0.21869233808283137,17,0,2
13,0.32703786623654174,0.599632982979984,0.5661128917519528,2.9101805396055873,0.27073211409960807,18210,0.37233188527631433,12,0,1
28,0.6165572760034836,0.5525942434111761,0.38118849786723263,2.838844804186494,0.37372630023745057,26474,0.417713790195815,7,0,2
36,0.7461561289590681,0.626870159966284,0.9202262031384667,3.353774290287709,0.9509247997736652,6236,0.47644839799891375,0,0,3
5,0.5369125398095579,0.8138614831945303,0.578488468338199,2.519558760611524,0.48555304554976947,22437,0.4564807086769379,11,0,2
23,0.3363948259412316,0.42064390139997165,0.3047765847013254,2.343334509111656,0.638591453297498,15977,0.45965506761627284,10,0,1
1,0.12143890988702048,0.48961654164862217,0.19629328341706637,2.308698692324646,0.08848441910970103,6191,0.9931815030935701,20,1,0
20,0.6829549458939961,0.7264786329185978,0.9472399654840338,4.64634803119132,0.7596213793977603,33502,0.4409960848608179,0,0,3
57,0.9936443109086859,0.93543302348105,0.8716764114468121,3.7608394084655954,0.845027236907758,24909,0.31604491475312113,3,0,3
7,0.27143434269862476,0.13399751228180468,0.33199448089915745,2.2030692452612524,0.30048749303444133,3473,0.40778600239014356,66,0,0
3,0.34214647819364163,0.24783219114845956,0.3138244027061469,2.531651093924887,0.19970497732090767,11552,0.8193654351811428,20,0,0
17,0.769218599312484,0.9087527922392981,0.6416714741327908,3.46049233685574,0.5353247979554396,6760,0.23770330392503686,0,1,3
4,0.80048730311625,0.8119392596689743,0.7958369642269485,3.2501988106367,0.3782134594108095,16986,0.2757367984941117,15,0,2
16,0.606515728187552,0.3461450863546266,0.3376205662484574,1.896511129586441,0.5431547763551399,18101,0.3097966916387492,14,0,1
38,0.4594109179741282,0.8286945958347869,0.3545514942473761,3.1053584207575096,0.7076773119277807,12730,0.40809454256204714,11,0,2
5,0.3873602713099055,0.4394744512976977,0.1771181528731192,1.619804454674537,0.02259718421436312,2078,0.9917580787316634,46,1,0
9,0.6547366048077172,0.20559965262785207,0.2979066813756799,3.7819949432313416,0.6488251691877368,13709,0.29826592012560055,29,0,1
13,0.2768141951857246,0.6308869198946773,0.22997040118346432,3.609204857355295,0.3918402228789333,4818,0.7749291804652865,6,0,1
44,0.9848803097942598,0.6662082041469158,0.5510968098468595,4.185623983306845,0.4279003518640393,43312,0.042670668242162424,17,0,3
8,0.6257551532051617,0.5580306953638694,0.7922870530349393,4.004691405063912,0.6889722637351605,27218,0.4799694273868974,6,0,2
33,0.7822476922465252,0.9290335503646696,0.7016306805619159,4.3081515907439965,0.6274162757314584,42919,0.3660613034214779,5,0,3
18,0.735648730153296,0.5360525335068823,0.40462262525143755,2.5668083831782535,0.6490989396439287,10086,0.36230716539309415,42,1,1
13,0.26013998688371,0.5540736672992785,0.5761182624879555,3.220605541117191,0.3282781118441781,9843,0.8314077781017999,19,0,1
14,0.19410759120120594,0.45381964665477204,0.3731381006116119,2.975431737489342,0.08866578891058349,3301,0.8830432964968615,29,1,0
9,0.6746095723470524,0.3680798324925494,0.6206295320888239,3.320619990539064,0.26557017100492386,15459,0.38869082053760623,35,0,1
7,0.7200880316505283,0.4324354650771718,0.251576968594984,1.8626839457682387,0.19562528464112264,17726,0.7868284628533677,27,0,1
31,0.48960002738644653,0.5885964810903488,0.49402552709838093,3.9175985298123077,0.5602280460696916,24588,0.24134545442102118,11,0,2
33,0.5072873987901672,0.4630779437705289,0.5581746364656403,4.496390108955572,0.5518099689868007,22338,0.15622329412256947,5,1,2
38,0.956011161699046,0.7258386227237643,0.8346952007296806,3.07604369647491,0.6338556324558953,31308,0.4781600466937638,9,0,3
2,0.14065277972545218,0.3518767540807545,0.13191322961613175,1.3370425521649563,0.40641863004103196,324,0.7930653824288239,13,0,0
15,0.7402386840792865,0.5057531673385445,0.6120068519611639,3.218929243707887,0.47158692860364176,2731,0.5587762632879718,15,0,2
39,0.8749436157117496,0.7733043947548244,0.7485017496135342,3.0698265051048717,0.5060482843540572,19177,0.6024310317571827,4,0,2
17,0.5055645336740562,0.5057571488500396,0.5226976060898342,2.6069174252096365,0.7189366350596813,15426,0.31177787356198916,15,0,2
12,0.48967187002147805,0.33151171916220085,0.31725956677358647,2.238520427575443,0.011724998757781546,5920,0.9269240045361061,10,1,0
7,0.46487269053783337,0.4651237631831213,0.18540735069288225,2.9499700207885233,0.3301890607782848,795,0.4447471954991675,19,0,1
16,0.40552085252849196,0.6050346541146138,0.4850927337056038,2.6222801912912495,0.30421054441434003,17088,0.27406994697310927,41,0,1
20,0.6022930160666751,0.666340951180251,0.46437261291403553,2.7680602642922927,0.6073478717606073,15919,0.6263946817139028,34,0,1
1,0.5439749777501336,0.46903968163812504,0.4145162119163249,1.1355145655572039,0.25359821143519706,7327,0.8894160263466794,11,1,0
29,0.9778268531494976,0.8396117459109306,0.5897486617119168,3.116909228217108,0.9624119765295187,7033,0.19256005995125003,17,0,3
32,0.6352439419878353,0.6486770392948293,0.5610768849755535,4.271844228886851,0.45551833363016847,21689,0.12703394579859073,16,0,2
35,0.8378067260955664,0.6770396111142521,0.7923353502212944,3.510826969370439,0.4410045613193563,15991,0.4397482853640632,15,1,3
12,0.3465074927028493,0.565353442181443,0.3996057517666334,1.8087483639156101,0.2031529106564757,14751,0.48327707137684156,15,0,1
30,0.673182592248153,0.6618688563532945,0.5476307539773131,4.860637769675647,0.5293179212747992,4307,0.2221826746207572,19,0,3
3,0.31079367476676345,0.5208099993572044,0.5781338267620406,2.9133063188668595,0.4263737237983517,8539,0.7388777035959856,14,0,1
10,0.1641150070284344,0.06655076929930703,0.05772694812719918,2.6708360094484016,0.3129437346607124,4815,0.5675802335280737,51,0,0
2,0.638195684326363,0.4529916645785317,0.3744777187391187,3.492337332575522,0.22415086740387355,12163,0.3414441520227288,43,0,1
12,0.737644009080944,0.41554678613247764,0.5513077470525316,3.706808424440492,0.5912844546074056,23251,0.13645960309560265,9,1,2
6,0.4344412607779446,0.24554220744002575,0.32766985410977345,2.354258897584434,0.5394942529498044,13681,0.2557513840866367,16,0,1
14,0.8355523214291845,0.7787661335914032,0.4357592209327372,4.36615530613229,0.449506339804673,9960,0.10885952020213534,4,0,2
5,0.3784225314899452,0.42859879361227704,0.19086789602621992,1.0494287587769666,0.4078333808582224,12775,0.7795476185321717,63,1,0
2,0.17031040090925365,0.18485136100464267,0.38706628993299047,2.2492711173763524,0.2506530693102042,5317,0.7614185044764833,73,0,0
1,0.14097199229352023,0.1457281356866853,0.2600582141258533,1.4280793835399315,0.42264315767925786,11556,0.8710588053706152,83,1,0
12,0.5755252535044763,0.7583695382292178,0.6049331745145236,3.1127975967239156,0.43739890538395026,9507,0.11346414619725997,6,0,2
12,0.25151185366762596,0.2527729689840821,0.11574615543823281,2.0304355925425854,0.33819887535706183,7887,0.6106457432459429,41,1,0
19,0.39732445153125023,0.404110911294116,0.30478467611911575,3.2038615388853113,0.4616287548365656,15009,0.5487628320373638,6,0,1
43,0.8941746550227122,0.8159371115632774,0.5486966962767761,4.3173842924148875,0.9950455703007033,47695,0.24077467013792714,17,0,3
9,0.2955330910410905,0.4440300781348314,0.21629109009058958,2.731709530199879,0.33322832316998985,19766,0.26892077687873445,12,1,1
25,0.8628307473396598,0.7748773585428974,0.6178960469796049,4.729320784280835,0.9062423958440345,18996,0.1229037196530765,13,0,3
7,0.5372142415015723,0.6930901558043475,0.2014164080320787,3.464201894041649,0.3390859072264656,13735,0.2871826041876462,26,0,1
21,0.3080903875059455,0.23396310211141313,0.15551404213445016,3.487101164664553,0.236819656312706,8577,0.3109339620575073,12,0,1
11,0.21008386212913877,0.4645354574208553,0.4303222203634593,1.5317569707701957,0.1630855135020963,735,0.6133799930844135,59,1,0
37,0.8225589802201317,0.7328585650619756,0.9129603828999483,3.9137172897607373,0.6075522685010166,20154,0.41165471491035893,16,0,3
29,0.6746456457973404,0.8430220889174291,0.7398906634282524,4.88175071267613,0.8489151435873985,12168,0.32223513856051683,4,0,3
14,0.33457345131276806,0.4307224672828941,0.2107374693203854,1.0636040816393408,0.1698512786234884,6206,0.9764450930372014,56,1,0
28,0.8437960683210303,0.7517222793542195,0.615026841515717,3.725888543691984,0.5420705855868313,33373,0.3440222219180069,2,0,3
17,0.492915137195995,0.7018589905543242,0.4317341398454698,4.137186460746216,0.656950466698299,5109,0.11670876897495439,23,0,2
9,0.5040059813800979,0.7223969108789914,0.38796690339732726,4.2883643172331425,0.6198876007852112,12147,0.4079036338855345,8,0,2
39,0.6766701328597071,0.8499045084173005,0.8126523301069739,3.0006650122409786,0.6178604419804062,27323,0.31045429510885403,10,0,3
14,0.3477112933191745,0.42748015869650546,0.6488921939100324,3.7686183296632043,0.42122290303860344,6912,0.5558661068221075,15,0,1
3,0.4062029488398159,0.6996675614155576,0.47969953995268566,1.815019784761378,0.19642254326531025,6499,0.8206544077402458,17,0,1
37,0.4677179307099808,0.8183612237739551,0.6495427252816819,3.758293667940638,0.5868139289714539,5044,0.6429679501571277,13,0,2
33,0.5273716412211573,0.5626934921672554,0.3952058973564358,3.3762233020665904,0.5880796649129831,14150,0.5018762535814271,7,0,2
10,0.7448351748802955,0.8815784540554037,0.9676009076497298,3.5555052474985223,0.4996205880497173,31226,0.47453559815742197,13,0,3
22,0.6620953086143638,0.6878066848211459,0.5429979752276196,3.755727652004203,0.7857581784020695,25365,0.5587613707964788,19,0,2
36,0.49954048439939847,0.6507984682674826,0.7393825516404611,2.968205329941281,0.6946896628017885,25035,0.42372235354208987,4,0,2
6,0.15703074680675747,0.4418799994171911,0.0005236489475902939,1.7266469671475029,0.3290553652187578,3021,0.6292650821831962,47,1,0
40,0.7962811111004526,0.9836299178256112,0.8944034909353722,3.5490805080002508,0.7787023875740238,20373,0.23798386550582795,8,0,3
13,0.7973729683366879,0.7433747753098671,0.6526899545870555,3.3638370622916574,0.5863414079283447,18344,0.1188436175364274,19,0,2
5,0.1598664438796575,0.28740261243614035,0.14426428769628027,2.577419045627246,0.10026307908012831,2628,0.5503972208268803,38,0,0
7,0.4720773058161257,0.5110516682845163,0.5297445255638845,3.6192337112894477,0.5193057179698218,28275,0.16104714765699588,14,0,2
29,0.872825512567799,0.9662054709167656,0.8880001035177147,3.4869559368097347,0.5523849247432149,40772,0.20138219923112594,5,0,3
8,0.5218812279593279,0.5630530341847092,0.42393540531860985,3.255608577514298,0.49546028503559747,15119,0.7140353347772634,40,0,1
9,0.1886112851690009,0.17391390189305733,0.03358085463859631,2.0283410934152037,0.020033483135219975,936,0.724597912848838,85,0,0
21,0.6960560078455407,0.42397120858858217,0.21352813267883716,3.5977482416156947,0.46599567206573445,5126,0.26157947933619086,30,1,1
13,0.6444289791230724,0.7288837663733347,0.6460772686017318,3.7611120618183906,0.3517564735030655,3391,0.43437764295778813,4,0,2
49,0.9886531930320865,0.7370097028714173,0.5868767376537833,4.194093833791383,0.42990521666976494,6744,0.055488762292574045,18,0,3
8,0.15252761807859277,0.15829722670488983,0.18236555125744847,2.38415018381642,0.3916199094079577,11791,0.885476335214853,22,1,0
28,0.8155712848954719,0.623801575133361,0.7124732207145099,2.8273513274594557,0.42738379316431,20125,0.4519760118130137,22,0,2
54,0.9922652340639948,0.7089207418881198,0.8785296338056117,4.348607612818097,0.8524646081896985,14172,0.11957938889112152,9,0,3
22,0.6313915701403559,0.6192306845852034,0.5298461009385891,4.251525077718311,0.5509201212778192,10741,0.4658160979624887,24,0,2
10,0.913684663633773,0.6928940843132005,0.4026423708733659,4.206931106405106,0.7778197308617107,8922,0.36830256056003463,5,0,2
2,0.4514640149682788,0.05827418171677701,0.004447479498957646,1.950794743727766,0.2659607946878948,11671,0.46168863173863217,13,1,0
14,0.7655608541425564,0.7140258217739262,0.7563625430717653,3.343659671045307,0.6356107781731588,29615,0.20170931032504963,5,0,2
29,0.6365655472791176,0.6550512792412937,0.6471747135781214,3.7642448568980464,0.4940493676720786,18571,0.11084916055474653,6,0,2
54,0.9686649474411455,0.6540005109684828,0.7065155873238484,4.912444381297897,0.8090016894409721,37919,0.47742349651923405,4,0,3
11,0.3060043230449764,0.4831667169028218,0.3689909136370966,2.612833348037582,0.29124411052270954,12064,0.4832435122658469,55,1,0
21,0.7440353687088576,0.6560074154641796,0.8143824091029725,3.837161243247871,0.7910007512238555,11556,0.15499996858589465,10,0,3
7,0.42413730768159574,0.22198582081072743,0.23083616777685576,3.735696816606234,0.24052518023607375,11537,0.6728944992344297,10,0,1
2,0.13605670074300713,0.011455029945579676,0.20259297725180378,1.6840376499557403,0.17904500076397284,8849,0.6787447402241521,66,0,0
7,0.7396724302580604,0.9369256141192727,0.7945542672354474,3.2182192635314992,0.6930364780389637,48714,0.3164531653392171,9,0,3
10,0.06145030504583436,0.3322567164911341,0.14730013158742342,1.1416070274258434,0.19813052070391327,10705,0.8407120947084599,37,1,0
12,0.617588523196885,0.6463311480207183,0.5939121813498709,4.246621746515457,0.44902878589740475,23814,0.2581525216839938,24,0,2
29,0.7410089807942375,0.4359808208656063,0.7386005613492395,4.3056586140719295,0.6632483731687113,27004,0.2878393414817501,16,0,2
25,0.8296641590423375,0.6880388856324389,0.6018506246381371,4.537199609577017,0.45330414705253863,10461,0.03819247249572799,2,0,3
37,0.8588707814619139,0.8042112939920856,0.4244390684577842,3.3872914975971447,0.6271149889999372,18611,0.5423675921255342,6,0,2
16,0.7262175985951467,0.44913620059994047,0.36548144380405617,2.965207724297512,0.33657125473914196,24891,0.5194141120353541,17,0,2
28,0.47008761484911715,0.5422935461171935,0.46820138089871804,4.025695804692958,0.7572208647436691,6853,0.46614348939142736,12,0,2
8,0.7454262083042231,0.6178845454824621,0.5248839255231963,4.2750838154528275,0.7039690150071417,14696,0.2532123742631127,4,0,2
28,0.8376812707189387,0.8288342699622337,0.3942552147155959,3.882211740107702,0.335050740133721,17942,0.5457004198676905,6,0,2
11,0.47781322377586466,0.6161328690119636,0.6877448736891819,3.3067286100527067,0.5043965086355863,5573,0.4689546744267644,4,1,2
4,0.3405376549961105,0.2843928413270875,0.3154180363422444,1.412456274860311,0.24202272560703686,4723,0.5232539539571577,15,1,0
16,0.5734733541686527,0.48475593467221056,0.253073080140082,3.073682242353252,0.574771879777061,19553,0.7110189956155603,31,0,1
10,0.48035079925729474,0.15007993822298915,0.1801463324975048,1.4101627155327499,0.029858027394591407,9815,0.5478178911744638,22,0,0
35,0.6991293538743143,0.6466986144115399,0.4768088076784216,3.5708266710229353,0.6961953876794068,24993,0.29000363330754786,8,0,2
20,0.6763711896021449,0.7918328407017001,0.5001187617879423,3.0350319817241243,0.9954492402936821,10851,0.48576652119529434,11,0,3
9,0.6275469836490732,0.6381016811124924,0.5391978071766058,2.2628875788487868,0.37207210111005984,4260,0.7664371356328508,12,0,1
2,0.4271328606638129,0.5467334529820136,0.26061075709114956,2.155040860773967,0.31159489241589666,13784,0.6667645669760369,35,0,1
27,0.8193848798181893,0.49257787297101485,0.5535650416429566,2.7058101766840013,0.34121663600949537,9126,0.12232779191630538,12,0,2
38,0.6818507318679656,0.8441618668031831,0.8009276918310042,4.621371855972533,0.843576841098864,16283,0.0002213907186039421,0,0,3
13,0.7168188609026211,0.8947289901579651,0.6919819449598629,4.6617543826834105,0.590153486406967,10156,0.36701488129465315,18,0,3
46,0.8027175410622946,0.6302013455215557,0.8609438139634675,4.079465237519885,0.7269086554507094,25967,0.2911043798841156,18,0,3
24,0.447314534953016,0.35686762942232697,0.585445895233903,2.860838287365059,0.16117339421342866,11917,0.2741468623715504,37,1,1
9,0.7746413681032337,0.6962653998373399,0.46729774467482144,3.8167991907540837,0.44667431333504476,26209,0.40724228527640427,11,0,2
44,0.9736251655782586,0.9915725742463845,0.8745808195506415,3.423964981804477,0.4969718867715229,29167,0.28064677147420136,13,0,3
56,0.7648534336161562,0.8140146928179642,0.9518619835876352,4.219663610997389,0.7348253950893802,34259,0.1530686704397966,0,0,3
18,0.8243476629849029,0.6960220996704525,0.6804575159008831,4.425915989297259,0.6671549944915538,5967,0.3989468056162917,11,0,2
37,0.6702523642151976,0.9221259869431621,0.9122570234484169,4.796523254585412,0.6384288342911899,11767,0.4049300936802931,8,0,3
23,0.7656462391812953,0.6443849982023676,0.44129292916140556,3.516337612687926,0.6378220319324442,3203,0.3193627765708339,10,0,2
17,0.27472371833967363,0.5592207373677707,0.6238012508038611,2.171193331420125,0.20696909156399265,16524,0.7997625024061188,10,0,1
11,0.29847569631335735,0.47274407402848095,0.30847264431779275,2.7826208695315575,0.2429508557781335,2403,0.33900350843182786,19,0,1
3,0.15467261393183457,0.3662322395887258,0.312348389503801,2.388493924659156,0.17040359731796303,10714,0.9593575907458235,88,1,0
24,0.6364748765340988,0.7447206148290466,0.4326038513976198,2.6973704555198412,0.5024299448090721,10252,0.642337114115281,5,0,2
22,0.5486746504889266,0.6608637102655329,0.5258994722593543,1.7994355031618454,0.4964041969245503,18819,0.7108194725524495,30,0,1
5,0.2761743834048012,0.3887727114977786,0.1841758574252831,3.3792953779151937,0.28327506022714344,8984,0.4586438693775554,5,0,1
11,0.028148854617515193,0.2169896755935824,0.2724235236056954,2.048473313126321,0.22809619981449136,12278,0.6614961467917755,59,1,0
6,0.5795021865562,0.8436685921852278,0.6340026625515056,2.9017543602804565,0.4603665461723365,16166,0.1291752346583656,23,0,2
20,0.7291255861162516,0.362375304483601,0.20590018561696857,2.275857921537854,0.16381487790420754,2220,0.8332939057208499,16,0,1
24,0.9317656336317767,0.6361347842310431,0.6795755148331157,3.9986676699572365,0.6613032726388957,22840,0.08894406202451172,3,0,3
13,0.5951370694143192,0.850660948068291,0.7361625162619945,4.284475831076213,0.6886662570410966,26439,0.13066227915868042,23,0,2
10,0.3902951079871845,0.6929801510576749,0.5247633044039549,2.1684957575403474,0.2557351600248733,2922,0.745023346374017,17,0,1
24,0.7413852254908572,0.5601572275041725,0.3716355358189026,3.880342141208664,0.5034113236992325,10988,0.5240711036346701,1,0,2
11,0.6248965011635984,0.6286347290593141,0.4365558634192618,3.467427664781426,0.7166048439789008,21333,0.35785042690838276,6,0,2
3,0.1405265533314851,0.08870620862561812,0.07903972464248989,2.2013558459104106,0.22118031918217954,12494,0.8642954781353984,78,1,0
9,0.5645869107237844,0.7045871045159319,0.665514898984994,3.506087495114043,0.6295173405495007,16716,0.5654580350675531,10,0,2
19,0.5894515104298534,0.3024007624695835,0.5823295569449458,3.7295041131655977,0.2567307580694844,3872,0.6261121727521199,35,0,1
29,0.6367175922350161,0.42740528219581303,0.6664399031489692,3.822700279753991,0.34999262374188833,24394,0.48662115173929865,2,0,2
17,0.6651902741543605,0.9202999085944484,0.862142654063206,3.2825560985510114,0.7957776198368454,42332,0.3222955873711718,12,0,3
3,0.6492479818019565,0.45464449533996304,0.49405693813052776,2.904478327119783,0.4424680591695239,11362,0.31168513704151235,24,0,1
22,0.3736756859088714,0.6828957650534837,0.23486171987393648,2.005425690383823,0.3919953751662699,11755,0.7371653507810831,11,1,1
5,0.25169392399131957,0.5370996874714302,0.19063955242044386,2.000631514951658,0.4549907464072358,3586,0.8317432311019349,7,1,1
19,0.7145167860159796,0.8424407524223354,0.8739358020461143,4.042468264970669,0.4748284341468343,32033,0.01683458910693636,14,0,3
43,0.7969232997561968,0.6222613957427902,0.857776657617121,3.5773711910612764,0.9790778452761979,45856,0.17089120236838085,9,0,3
6,0.906076714354874,0.9647409635371859,0.8542860023013147,3.031642183531165,0.434368150646574,13651,0.09301150000283281,3,0,3
28,0.6052839926228397,0.7451562978451897,0.387783153551027,3.277349501341901,0.7048852019486311,24028,0.14326413207284228,4,0,2
16,0.7816486362934214,0.7922517043487877,0.7902488634547615,3.02859950554751,0.6490869303574525,25639,0.5052428086965496,15,0,2
9,0.6001531769419035,0.3878529026901353,0.5683553602917308,1.8113707708255327,0.48253871999921405,16619,0.47348016869540394,30,0,1
19,0.6920576267319748,0.6942766984259999,0.7663012597003811,4.435271571817259,0.821766064587206,32075,0.3603275726415566,3,0,3
4,0.5878733801735885,0.31949329387783826,0.4045010917683691,2.8627187306534276,0.2574961117941956,13836,0.2859875633149099,40,1,1
8,0.7133537521695452,0.45748990532417233,0.5528423944384462,3.3947345155005784,0.42435980279152474,6501,0.5328208934208943,13,0,1
1,0.08990072208364958,0.41666781025262667,0.09554466818282176,2.7150931798736897,0.36976960288149036,6854,0.8975904957535396,86,1,0
2,0.20336546410405623,0.13433752293244983,0.36037195939884475,1.1333311025516466,0.06160563256382673,6253,0.938477890148468,18,1,0
15,0.4601451300271276,0.6191689102966926,0.6445372327368523,3.4056387246322135,0.29799631257198345,15262,0.5765523456105177,20,1,1
6,0.33327279429690065,0.35725878610455264,0.3174284754994906,3.5498277143723747,0.2034628012236224,8425,0.8165596957933304,18,0,1
27,0.7655348296585545,0.96134552505441,0.9321080888370845,3.824261860525543,0.9836657937352515,40529,0.20047088123652335,4,0,3
22,0.49268618560227523,0.6348842840069628,0.4236187139396418,2.4657000590017057,0.32808348265722154,6990,0.4971389785659619,43,0,1
4,0.027729353096593096,0.2991009478969294,0.23568793961333856,2.8969456389107924,0.42875677218731084,1301,0.7653317098715623,18,1,0
8,0.6277655221643721,0.6844941119885813,0.5227761540068698,3.1514044231554044,0.6698108423264975,16588,0.22033689336719742,16,0,2
23,0.6438122490191001,0.7764502236672242,0.5909592273456293,4.109665634592944,0.6104094017529459,19818,0.4329389953693268,6,0,2
9,0.4411822989583554,0.3642545271689316,0.4317352369064259,2.1912115416485407,0.17113449711796727,12747,0.775777984294891,44,1,1
8,0.5632319276270279,0.6771292207576549,0.5399811011943897,3.030431023067984,0.34360892853960234,1695,0.2552648530371507,39,0,1
6,0.3996073329733441,0.2347773569967665,0.22760248505402225,2.8535849888186027,0.28326533128305587,4144,0.5987058484606407,15,1,0
34,0.5985565114063341,0.7185965145401858,0.7829958095521752,4.058966033769057,0.501335604126999,16067,0.24373061776749602,7,0,2
35,0.6823017051800612,0.8772700845827699,0.7699529197511062,4.66106891280968,0.8195892250757222,32535,0.41158041535442963,16,0,3
59,0.8733947078451727,0.8886386203005108,0.6645256826849355,3.332663215486284,0.5087915679553031,33519,0.26313923016910135,10,0,3
38,0.6785579631400841,0.6072969925713444,0.9551695510287672,4.5303817291115696,0.605430181620128,26132,0.002832907264783635,8,0,3
17,0.2544074166472363,0.6087662079790603,0.23761214618305762,3.2596458921407967,0.617581005373389,920,0.3726678202393978,9,0,1
23,0.6946112199576844,0.8059203275674103,0.4282823994633015,3.311624184400543,0.45740252946028415,14288,0.5203406207132778,11,0,2
7,0.34053801356448743,0.4758866422048163,0.200900372491758,2.418220725915546,0.0007934318783574757,7528,0.9589600758064268,28,0,0
31,0.7939738667698375,0.7476921926039585,0.6081620115182768,4.82847303190294,0.9088286746784632,5261,0.10555623558306809,8,0,3
38,0.5113371430295968,0.5130823495574452,0.4626531203216237,4.318125085793463,0.747896436447353,18626,0.5102407457860153,16,0,2
57,0.816673743876155,0.8928738313836249,0.7524224409465089,4.361949654476489,0.8915530629228767,13582,0.3906744203072031,3,0,3
36,0.7698253473864558,0.4045808094722688,0.4323018738809009,3.7149435078171384,0.3818042104218561,4723,0.11224985028697312,20,0,2
7,0.5434426086405794,0.4579583852304065,0.7602775317537347,4.325198691182781,0.35228143237717074,29528,0.5578742855422815,18,0,2
44,0.8198479559967105,0.8346141738643036,0.5350148528737355,4.537038729047582,0.5550589721750909,10368,0.46462869900361464,14,0,3
19,0.5947008388789528,0.42834406933997055,0.6145560462026666,3.696374999877057,0.7227755977484498,6087,0.11025562252813059,10,0,2
23,0.7233351760858547,0.7435532446771818,0.35608113903778216,4.171776816252485,0.3032627052144435,13058,0.420882108350651,4,0,2
34,0.771594692878895,0.7377534928176933,0.6995229730685555,4.650264391857408,0.8578931747553336,38428,0.4962211446873895,3,0,3
14,0.8379788495188294,0.8119360092724467,0.5601693810174979,4.174123415402302,0.5865573580045325,37775,0.3408743220450806,6,0,3
6,0.15328216986655407,0.07897074280184069,0.07380978508294349,2.749542725006672,0.11299510066794054,3776,0.6647945025910568,11,1,0
50,0.8893873192893493,0.8922196547237206,0.9650451752548693,4.0303503406674634,0.8808201494917114,7492,0.06496496226785065,3,0,3
19,0.8303326192024738,0.9229721007267044,0.5728782841223758,4.492414514963677,0.6277017420248312,47789,0.07408896411497273,16,0,3
35,0.7101725103513084,0.5903634757054383,0.5364953211357492,4.493615425357708,0.5582221709514108,8976,0.34982530309377813,6,0,2
33,0.784470640982727,0.8277774071054002,0.5362081360731707,3.9587088802757036,0.634437019368168,49558,0.26363259045762827,19,0,3
56,0.9185181985880001,0.7176178716883886,0.6629627319760374,4.884774038204466,0.5743525358838131,19743,0.10354745908828561,12,0,3
7,0.5150510146953079,0.2769860272930636,0.06737650386578564,1.9560366133190779,0.015837750963080006,1434,0.944087290057869,87,1,0
3,0.41092331760066014,0.5233363765799526,0.4767444660291238,1.5262951563460694,0.5418113712217149,16035,0.7486506444139571,26,0,1
24,0.8540494049877565,0.5023082172706896,0.5126692174198154,2.7283675604742643,0.7463056640220735,28034,0.2543903583555267,8,0,2
10,0.3490520971205437,0.4531858367725726,0.45398558379908127,2.8538804403469413,0.3050081779109245,8494,0.6941828744535891,22,1,1
17,0.6375730388642973,0.26305134799370467,0.2067772719217469,1.8971100324145174,0.5815134740748118,9962,0.4734197789371616,6,0,1
8,0.7034364159095263,0.23259640109234553,0.24791962094711686,1.8327062746160467,0.5681846465050432,8965,0.4209331833418366,38,0,1
26,0.46213041464569543,0.7600735501271261,0.7909115909214222,3.7597448003663576,0.7907237977145647,25540,0.16858359591798178,6,1,2
42,0.6764020914814193,0.820689038103736,0.5091838184702699,3.307582299336062,0.8504377041996083,47179,0.3098672857165446,5,0,3
38,0.5358930480140949,0.8408903693298486,0.7544004656986988,4.388927375764076,0.44646260170156143,25131,0.5308242896206488,4,0,2
18,0.6570334529756334,0.652544061694132,0.21194028264778095,2.740230212873911,0.1682849061814791,8041,0.2713778772340836,34,0,1
33,0.8742989803433192,0.5931073798635386,0.5361677143595137,2.631596435590478,0.35652648391725505,25869,0.6201815554325256,1,1,2
10,0.3628366167581414,0.39186117871694615,0.0639008184619791,2.3764560843553824,0.03479411010248431,8431,0.7406928283002825,75,1,0
38,0.7407468358741514,0.8532202424061317,0.5863192523502327,3.6872971702147215,0.4628897718728091,4590,0.5563177741458023,19,0,2
21,0.48796334868248165,0.3312422273582384,0.39530484415586975,3.4093194752363027,0.28646086376636837,12348,0.7829954888215732,42,0,1
19,0.5730230170632068,0.7491771478173379,0.5238656617115631,3.0187994776037077,0.7797971025138702,10245,0.34242088622145295,6,0,2
3,0.7172790362716409,0.6762256315731926,0.21000137480844402,1.8442489685422825,0.443377398345694,18103,0.44163047010021106,25,0,1
52,0.9001082864629832,0.8738286191519333,0.7576239621573629,3.4921393175959965,0.8552058340666029,31933,0.13308400625776873,19,0,3
17,0.4447745822407612,0.6182968895654755,0.27026754325797353,1.8284051553209988,0.6295035433822173,11730,0.43530628548547545,16,0,1
45,0.6560063856411126,0.8855129819421304,0.7580395102218083,4.599562190848044,0.7818943906294924,15605,0.20122331871683447,0,0,3
12,0.7446751642284968,0.4567544283866275,0.7840197012607344,4.034341436898122,0.4039218607098245,11696,0.6417268832942071,15,0,2
12,0.6968482415802216,0.8966747776914662,0.9359163894865605,4.266379252026928,0.5938067190317283,3785,0.4765100105894496,9,0,3
24,0.330856389165054,0.21670150328871723,0.5408729294076372,3.2867121497310636,0.4107110211741619,18454,0.4774520338293113,24,0,1
17,0.7745970194951952,0.8896413317092554,0.8908951649225147,4.884630779346386,0.9797460464240789,16893,0.21505143826490003,2,0,3
19,0.4277183403622657,0.6095822500481148,0.259134741426693,2.395078617981004,0.252628764868135,12271,0.29390505926080124,12,0,1
18,0.5170949459043096,0.5730410782864465,0.21054064912073137,2.4929168509097637,0.5854452850133334,16974,0.34168348559096995,4,0,1
5,0.6699508173646804,0.7312590964873638,0.47038716361175403,4.076799061889825,0.4126199511676231,12482,0.24278584387826643,13,0,2
15,0.5426101646954776,0.6992801242425343,0.22454783933571695,2.8405995307416982,0.2362259199382327,13878,0.6284529988244605,4,0,1
14,0.9535196267442514,0.7981694505615863,0.9408185663851751,3.349546885654754,0.5040880445595743,19018,0.45359991078031114,4,0,3
8,0.9436267257242772,0.6820310240597837,0.532493204741447,4.096999443302954,0.9288704678050128,33795,0.2885203322309554,16,0,3
44,0.6636370963085818,0.7828000877126713,0.7799221561544147,3.47047116960397,0.7518874553132242,18812,0.09140361832845023,11,0,3
46,0.7822956565427891,0.7589272461830392,0.7310486453828303,3.2352980569471175,0.9081512368531359,39027,0.28404625616893364,3,0,3
19,0.810042806564805,0.9728057369027736,0.9131028478969829,4.084727329959477,0.6251559426655998,45070,0.07259825644233014,16,0,3
27,0.5280551805967515,0.7138176405397416,0.7017780450521418,4.18221461787774,0.34136915174353577,14213,0.46988732233097663,16,0,2
41,0.7999100662290377,0.6426797000453744,0.94746072061392,3.861724183076067,0.7860191079470706,48496,0.20806071403554616,0,1,3
14,0.4475911974930897,0.35296626958303173,0.401566666792888,1.3665867271188432,0.04895813087142969,7545,0.40572657554942515,61,1,0
18,0.31392690895434777,0.3353668662108662,0.5213654318816596,3.652582846235577,0.3248266902311189,16266,0.3683729852302411,22,0,1
33,0.9890281803909472,0.8348272896546269,0.6603713702190637,4.643612887802174,0.8350934365306688,4998,0.4388235098253907,19,0,3
42,0.6637152143364762,0.9307195311236314,0.8768494170252596,3.2835487870542037,0.8236114045984148,41211,0.4329100826111776,15,0,3
30,0.46490957115353465,0.46687335154146226,0.6855327496342258,3.9709567766664953,0.57128772626779,21194,0.5974207900843238,9,0,2
23,0.4914315143242229,0.5136233468055376,0.6129781647152559,2.848421350142782,0.5486204239403217,25800,0.28084099251814953,2,0,2
39,0.7412430848825661,0.6048812289272177,0.5092138593691087,3.412372329036853,0.6261484988418232,25190,0.31716986985560214,4,0,3
31,0.8024855145372619,0.9311763548709968,0.6406954802887634,4.340192069221883,0.9245574823661427,24180,0.15159702973052303,7,0,3
2,0.11931324910033071,0.1650905115764399,0.2796432203787771,1.1215636849693398,0.26402808528660987,6131,0.7776175383220705,83,0,0
7,0.2959480460385531,0.34683820667921805,0.27225374867221264,3.188347280553148,0.20712422662902816,2801,0.6163037044250914,28,0,1
18,0.9124948117111913,0.5887655128476234,0.37779307383058985,3.548629876680242,0.43254458437601806,19100,0.287601874123071,13,0,2
7,0.7265080880202214,0.2698211651047918,0.3141760369053591,2.6791730929348683,0.5273412604340706,12276,0.4474376901405457,24,0,1
22,0.572631732435579,0.8371191977842665,0.446980785896496,3.6859654019348644,0.7871747282620154,21249,0.23691094324302656,5,1,2
54,0.8868694665485062,0.6745283517976483,0.927104887230783,4.360263862206903,0.7718196641196494,43486,0.02150347593346974,19,0,3
49,0.7858939343964553,0.6564327395110854,0.9107203640049333,3.2435238222505496,0.6140025844850588,32504,0.3449998686544717,17,0,3
36,0.6861707121086581,0.4993569285976279,0.556012219651643,4.420436144765649,0.3956052588733709,20093,0.6364977882742232,14,1,2
22,0.7347632616620035,0.21605987803390725,0.36417139721748026,2.2971293721142922,0.6293488706826992,11538,0.7387047808783189,35,1,1
4,0.8007905556272235,0.46670511610557985,0.5720946468152539,2.60942834966728,0.4688595722811085,15833,0.5879085818852688,24,0,2
24,0.2955059034412585,0.6173992462899702,0.43264447997699107,2.9561456922507827,0.5619202575855969,13741,0.3788556399774832,18,0,1
52,0.8774207889249672,0.8309945083624503,0.9322464401536743,4.835504978342755,0.5259051969138456,8463,0.29674288148796735,12,0,3
3,0.543172157846216,0.13482393081980582,0.2035579960567915,2.2414164526701184,0.2842100282344722,10619,0.9112310103070049,48,1,0
37,0.547093077624237,0.409335064176679,0.650299332350462,3.46458264799242,0.6694641480654775,11638,0.2449289344364713,5,0,2
21,0.574373468618327,0.5883200371863114,0.5129843896641736,1.600189565316566,0.640270152015677,14661,0.31837718881489135,4,0,1
50,0.6553565891016346,0.6916101563699185,0.578670329851263,4.052998388307562,0.8413033638925226,38634,0.4702242528680863,15,0,3
33,0.7688441861864161,0.5485181415378133,0.6082681112553421,3.954536940904868,0.6780021208870386,25202,0.30184898099752144,19,0,2
59,0.6828556515284522,0.6820007240212949,0.5221883317666184,3.3943082531457547,0.507023550584398,11333,0.41071599582129664,17,0,3
8,0.23048211926470247,0.3545785828507321,0.3794862038417959,1.2604452319162773,0.15873525563269145,2203,0.6943503277627052,21,1,0
19,0.4108685149291389,0.6950958946258359,0.585405212387809,1.9729477937242468,0.6040660282803154,7007,0.5876620424809189,44,0,1
27,0.48226487308949995,0.5084030234672282,0.3545046847516114,3.4565673350220862,0.4118891931354881,28177,0.32862361233957776,1,1,2
12,0.3380532950260294,0.21952651997569755,0.4344982985903086,1.300267691660051,0.2930532838495475,2033,0.8269034964269173,21,1,0
12,0.27100288370940595,0.33702710371477385,0.18668037975845977,2.767372111164361,0.26006471041788204,8465,0.3601377448719452,15,0,1
22,0.7232819214893719,0.42182282330173937,0.5897086551321981,2.9060026892273894,0.27357253501514667,9424,0.38142301698523506,22,0,1
30,0.8595181662060212,0.555677861985744,0.4673038209832671,3.6826022978464894,0.6081270202854062,2296,0.5726330508480635,11,0,2
8,0.7817994311926034,0.6983289875363433,0.434387250310475,2.794029909799557,0.3599440157419227,18661,0.599189012423875,7,0,2
33,0.9535252433761532,0.9539993426093124,0.5628707559033244,4.232999453790167,0.5982448023254643,44862,0.4655049854426499,18,0,3
54,0.7530728813938005,0.8022031516424135,0.6730082838224198,4.146082857861699,0.45649114607541874,20297,0.15757351956627663,17,0,3
17,0.317215541417867,0.35357497509497604,0.3685390413787375,1.5180433188534332,0.3234285054644448,9703,0.4327479682523494,9,0,1
14,0.8430557553904245,0.9095338092805361,0.891916276709431,3.4235107013309567,0.8395811408204996,29417,0.4319807903675051,0,0,3
5,0.5313270598356545,0.5440872183611316,0.5070271653277286,3.3244282600286406,0.23494143758041244,14268,0.8408113323491434,30,0,1
56,0.9372238165103843,0.6572511942193878,0.9543506546346839,4.463916135171269,0.8439918320113671,15743,0.021145874611340598,18,0,3
22,0.6011980712702134,0.6108232985822499,0.18882395767664537,3.5115258964518614,0.6486905634069066,19196,0.4072983462452796,14,1,1
13,0.5351507698995095,0.7819169107174921,0.5791210845031711,4.135576861178839,0.5768389167697167,25602,0.6049057805518927,6,1,2
31,0.7302881609967324,0.7625569233094088,0.5205917476396358,3.9564680460961448,0.8544891308736504,20438,0.3450482791189217,19,0,3
10,0.7211717538356788,0.41059568991269535,0.5368396732396253,2.393382608824071,0.5624692399086987,2077,0.8421421998611534,35,0,1
1,0.496841317701332,0.11891032363824594,0.07701374238572888,1.6377075412297517,0.3217643287012289,3994,0.8345234936175694,38,1,0
21,0.9324195419677728,0.849640617672735,0.785659470959787,3.59055657844062,0.817249388996832,8482,0.09451976236376586,15,0,3
32,0.667768985863789,0.6021200025590422,0.8989946610716917,4.737801251081142,0.4909416229526042,33483,0.05220206487404072,15,0,3
21,0.602809902090072,0.407958266466358,0.25534019866378144,3.5915287514674263,0.16610768022518643,4821,0.8269473826233495,16,0,1
10,0.44893929373868424,0.6589012701047918,0.20078727211769068,2.482022258346804,0.5894961538793251,8062,0.44625979924004755,30,0,1
11,0.5980548750170639,0.44044689575480855,0.7454359356546185,3.5454189081352023,0.5430220992423271,3234,0.33286271198710404,10,0,2
26,0.4689358044952348,0.867165223854636,0.4165335970380727,4.161271529372178,0.44916887179374937,11884,0.3346001342355418,15,0,2
10,0.40632673466413305,0.3383343778329416,0.2612906101619777,1.189786334871704,0.23931961273887428,9128,0.9655876878877986,11,0,0
14,0.512551199071122,0.3061853276512489,0.5817215667551667,2.238886898851999,0.629393321970204,4249,0.4324421708681542,32,0,1
44,0.8434677383924215,0.7895879765722225,0.7087530420139461,4.3232647007422935,0.8055893653518132,16615,0.15594954000214023,18,0,3
11,0.43623446945605415,0.4212945116622293,0.15206357733730194,1.529113005513573,0.2357564988240111,10178,0.7019418485852564,4,0,1
12,0.6674847747405929,0.5273107478985275,0.18698159363547798,3.2851206284905006,0.5884239991257282,7663,0.7874015275827358,31,0,1
17,0.5119965837323336,0.5588227931713713,0.29940153204163733,3.3939420236464373,0.25874217693148904,8249,0.31793238996006956,15,0,1
12,0.7009191582208356,0.6884855273131304,0.42278127208387895,3.1437811337003945,0.16758035664431933,19819,0.6633198906553337,21,0,1
39,0.6667006446920771,0.9198148523678062,0.5025410699090129,4.06452042667808,0.8340428593673718,20709,0.28164446547690736,0,0,3
3,0.3827720924016207,0.33972121111794706,0.23632870054879487,2.0622400835903227,0.5638397036017703,4911,0.3143414810617141,26,0,1
32,0.6549177348681754,0.6809424776004694,0.4493145836534008,4.395726883998138,0.340354227096993,15378,0.2088034358627276,13,0,2
13,0.11803109736841799,0.4413091376090872,0.09668070523631422,1.5263005192046584,0.43089415085118277,9491,0.9262281547646497,87,1,0
16,0.6111343134585618,0.44921401514934467,0.42362741993414976,3.8800516478813094,0.6474137896640629,27966,0.3119816048514332,17,0,2
20,0.7645977825931518,0.7504008261188135,0.39585128928719876,3.5993692273131566,0.32755481997033337,8554,0.6277943845843521,4,0,2
13,0.5280368407488004,0.1471949429696186,0.10273969153133015,1.3287980454406187,0.3648024255430851,6682,0.4913024296678778,82,1,0
23,0.6212287821067783,0.5048467846870193,0.5506049501218144,1.6128232169519259,0.3300327467753641,5803,0.49569776700733104,28,0,1
5,0.43575978762178663,0.24184049412384867,0.2862655845201034,2.252560050689537,0.3056226262892985,3581,0.533929017950863,18,1,1
8,0.48762326329360023,0.5929002325939872,0.25342051907178065,3.216764235541441,0.6311390300762316,9123,0.8212350509783264,42,0,1
11,0.9133285007995968,0.6862882982203168,0.49785678472953243,4.312038142088726,0.441872754980228,2526,0.6450423932231769,15,0,2
2,0.18940426472249391,0.03055678806417217,0.1321254742791374,2.602906055648095,0.04351427349585176,10544,0.7697761337111779,30,0,0
19,0.5896967440562131,0.6261071033614897,0.6367632759186259,2.209307561519836,0.40915755760126116,13435,0.7145029000137575,27,0,1
19,0.28417418572409736,0.3589696648534114,0.17781932966435135,1.976295097241734,0.3280448368773735,12896,0.41629636830651684,39,1,1
34,0.8253639593703408,0.772611257254577,0.6670044393726189,3.0051680296899645,0.6228532011238275,6112,0.4654436860304042,9,0,3
18,0.7342745318004131,0.6573545854013133,0.48475597577041457,3.0261600598483813,0.36146093999948636,3494,0.6302297715723192,2,0,2
20,0.46605858780794723,0.21243794100730273,0.41598586724824915,2.0205609313952717,0.28728634783979834,4295,0.6018184847937715,36,0,1
23,0.512175335395988,0.48899624817954607,0.4329958357629192,3.0488234420007503,0.658226490779395,25070,0.14373584231307432,17,0,2
49,0.7895873155056781,0.6555299093768081,0.9981678879033622,3.7887306476367004,0.8537587947348715,7378,0.2916287462280578,16,0,3
20,0.7665668917217537,0.4830514574805589,0.6124742887125936,2.859313931673692,0.3929668204371923,19342,0.39840132426535535,9,1,2
12,0.2981232455703582,0.21155342639374014,0.5008655203778924,2.3642464999491146,0.5062889716236304,11652,0.5736606132927616,4,0,1
57,0.9307382371593569,0.9012984882989803,0.8284919287822465,4.255900105545272,0.8550550107214667,43603,0.4951044467938107,0,0,3
40,0.694691405297863,0.6556464776572247,0.7367869442175443,3.682180048948441,0.5351342213610939,36703,0.27603468232668893,0,0,3
32,0.7326505132236247,0.8639482809064687,0.7406913841005405,3.8764378388154714,0.5223779491010063,4939,0.4805157839702825,5,0,2
39,0.8590473287894007,0.6482090315145858,0.5442777921116206,4.334700796092857,0.5310659097299842,5454,0.182177119214116,19,0,3
22,0.5991566619702801,0.3209264735323731,0.31038220701085006,3.366237256211509,0.3671183483056979,12065,0.38034794348852824,18,0,1
20,0.31886415075857055,0.3661549553699798,0.614004370887277,2.5805447741046628,0.6392283360921419,9505,0.40928393499858934,35,0,1
2,0.25397531737121026,0.2726588364746565,0.25908251962170625,2.0357392383622623,0.0027823279336782526,11376,0.7417497746698556,87,0,0
15,0.6776572321814691,0.6158200200846654,0.19776810381811857,2.445393795321606,0.48711828081409947,6030,0.8435537431690353,14,0,1
11,0.3617062724648125,0.6061197693043736,0.2190138044689484,1.8983683507477978,0.5839142510824663,9209,0.7673509769814923,33,0,1
4,0.39537193294533696,0.4007217746300019,0.47836135322836526,2.4991663176721577,0.5834367913995895,631,0.5724146495361263,12,1,1
28,0.7881420133833152,0.7515090503805157,0.5263419179886143,4.591020743392806,0.7816424582378951,33600,0.43602416922350384,4,0,3
11,0.8219625827382786,0.5709246808798825,0.43850025457563824,2.5471839355615917,0.6320503355739455,26877,0.10247746453915876,8,0,2
4,0.5146859751672298,0.5928145085246928,0.6525567204392893,2.6456905950903993,0.37707376216816707,3463,0.6138393145029987,21,0,2
22,0.747917227509131,0.6491107558650834,0.808302290931237,4.188581501123549,0.7121143139509327,45359,0.1509583500387509,19,0,3
15,0.7841704521164112,0.6003479795229282,0.5897812095274669,3.6712083356790144,0.446207541942124,12046,0.5943484561434907,14,0,2
35,0.7739513347775939,0.8121060530539601,0.5663573269096387,3.3132768739476166,0.6042435060097389,36132,0.19591198164175,13,0,3
15,0.63736197228014,0.6074709085621639,0.5525288766870912,3.930273553622351,0.4710113321239908,12767,0.4334112394856826,3,0,2
32,0.6512329313241564,0.7917243293988454,0.574598896148423,2.6502458203090185,0.6600508272695707,5937,0.5115139151173201,19,1,2
12,0.18758968776353796,0.35476403178829896,0.1592081934610073,2.4586910686595456,0.09413737543287924,8062,0.5176844793165991,68,0,0
10,0.5269180412511103,0.49191663631271126,0.5140522461838711,2.625990084323493,0.6104430789150975,17000,0.7197907897456175,6,0,1
24,0.8267916177999134,0.8015348275652336,0.7182385179538864,3.970502432613587,0.305399196194756,19715,0.28043832646711175,11,0,2
17,0.42882027479445567,0.2328139976678702,0.6110656627647052,3.7491607719080906,0.44106068540991805,5438,0.6731133873504127,14,0,1
13,0.18654107507327847,0.006057852799824182,0.14708101370882207,1.1508661392069912,0.09305170169585406,1141,0.5573903286988038,57,1,0
15,0.60296830885581,0.4196516361639985,0.30570282252243897,3.7311319280875597,0.4032305593835399,12485,0.2655893762354682,14,0,1
24,0.6861588553884999,0.5448640268133544,0.47057423754808153,4.010120829632365,0.6192718637009567,2073,0.3343634033569287,5,0,2
27,0.45987992016132206,0.46568567996145127,0.3852357517158009,3.870402907539732,0.44385921724501465,6833,0.1138268491659728,2,0,2
38,0.7489521575655461,0.5989160309048777,0.6944945163601413,3.2177373819877175,0.36428978925583455,11855,0.18952685556395282,23,0,2
5,0.07416549938529812,0.4133248877320295,0.37600861030969274,2.74240207258338,0.09329070295923363,12680,0.48790200430325115,71,0,0
14,0.7102970170978511,0.7076919316649702,0.6212808711780364,2.619850310642163,0.6616973444274642,7664,0.32425656890537724,20,0,2
13,0.9036485301164956,0.4598307659165504,0.6197113642111112,2.915580929409508,0.4743012347214228,18861,0.34864868068643484,2,0,2
24,0.6622358257046204,0.5204273519363702,0.7948207180190622,3.3226605806624736,0.41227973463444817,6023,0.15796831415602702,7,0,2
24,0.5378596526656021,0.38391611216047816,0.5183751104566137,2.0811631438005027,0.45792194721061785,19012,0.8088150203238755,32,0,1
35,0.761406921337229,0.8784684067269323,0.4047223667066257,3.671122586994894,0.3379967531579159,11157,0.5300739393346836,13,0,2
6,0.5133211317625987,0.635808423164425,0.5797638526237449,2.0007767787681567,0.19581910258786392,4574,0.6878120834765831,25,0,1
4,0.47786790700424236,0.25731997179285343,0.1605124036098011,1.5027683119907411,0.43242458549978724,5364,0.5052131645972102,35,1,1
23,0.5143149187683096,0.5500937804152282,0.38213321014296986,2.62945628420323,0.396899447857873,14140,0.26158265003072,11,0,1
12,0.483970165359393,0.8545024942436914,0.38831463645023695,3.237975225315513,0.6594953784266165,23711,0.14789512727528575,6,0,2
32,0.6795809526882387,0.725141942602235,0.5900052187363618,4.951981699197585,0.6699053247835356,16527,0.31802123438998414,13,0,3
5,0.8299455946828909,0.8578937019970125,0.48024636561350986,4.445377486522171,0.7067034467823399,16150,0.2703505010501426,21,0,2
7,0.47486270529605307,0.5049343674927689,0.24467811384033253,2.1770007829853695,0.41975328699214776,12649,0.26896900676274527,26,0,1
38,0.842050358222593,0.8555797541337047,0.6783660265200009,4.9831768177405475,0.6528664249475484,3557,0.41982982785439515,18,1,3
17,0.6593628769751153,0.5208672477044232,0.37125119442263965,3.5988572245770323,0.6405250558652227,18121,0.36439790105793524,6,1,2
19,0.5860372206350579,0.850067094379793,0.37002906767427707,4.028503196138791,0.687665964942958,9637,0.5356245250769287,8,0,2
17,0.6224718612933843,0.43802231200401803,0.6711678164045183,3.067096021819295,0.5946428639314256,15795,0.32768223416622977,1,0,2
16,0.6193851988254323,0.5623508643122967,0.6730417612483679,3.8877530706432317,0.7412350974715678,20738,0.1475451642453692,4,0,2
18,0.5413085783708467,0.8157681802571342,0.3816824130811314,3.0635832950185318,0.5030549902512789,9512,0.5113580082212795,6,0,2
18,0.40205500367141844,0.29133152442850685,0.587664541318954,3.2323593144027276,0.30853688468152907,17283,0.806027707184664,31,1,1
23,0.694965527945049,0.6652117465893889,0.5755459411160723,3.3645312790120787,0.49681742036382404,1193,0.775857564905461,41,0,1
17,0.705110850705156,0.5514828317723217,0.3521562156098794,2.274931812417288,0.5060939909897462,11601,0.5660136153558106,15,1,1
12,0.48568405508649876,0.4725042078619702,0.3288583824712138,3.0602064477465456,0.20016552660603434,14356,0.6457580962352889,31,0,1
16,0.4901334628328137,0.34716087211561797,0.44439726459011475,3.697452578916022,0.5944958192781662,2194,0.4865022727501037,14,0,1
21,0.705628075917144,0.577669464751986,0.6465853947991663,2.1182333211840483,0.3343387119245723,10210,0.6542503877553152,24,0,1
8,0.434187253792367,0.33478084662622976,0.19529267877305087,2.534372809144698,0.2635631827959328,10423,0.3394538492609487,35,0,1
8,0.3788016966834781,0.2257559195373367,0.26592977967321313,1.9214962699887437,0.35308047769649464,10346,0.8872792634818234,16,1,0
24,0.6978256152009592,0.5336224143166197,0.43946827970350166,2.538072875300364,0.1530643236568404,5061,0.7401900284854417,4,0,1
5,0.88138521505397,0.7250295840024013,0.6831702336234589,3.9904829723448825,0.5089537418977047,14108,0.10719209379603817,14,0,2
23,0.8799889649750584,0.912605792700566,0.8676063272617264,4.046169449163569,0.6413962748119336,9796,0.11732672088792467,2,0,3
20,0.4661356438940843,0.5171139994068074,0.43607343889320016,2.850943592752218,0.6197404438574378,2442,0.363817818910077,43,1,1
25,0.592993675998782,0.4138932720368162,0.70029278305163,4.11337170952716,0.45423460629134316,14929,0.10476799941482208,5,0,2
3,0.47197248016335946,0.4645516338302192,0.444344487168008,2.6117148970354673,0.4186674124215388,1499,0.61409885734824,31,0,1
38,0.6038878506047206,0.4079970261972237,0.5357052117706171,3.9865889504481533,0.348928501358225,27491,0.4499203557681396,8,0,2
19,0.443645586837665,0.47882119667157924,0.17586044127732672,2.4141440290341616,0.4605626495454145,9619,0.7234863707757472,3,1,1
7,0.6984235823462305,0.8194412471752612,0.7986370362151705,3.217836683693463,0.8996082816082259,29512,0.2006530121098561,5,0,3
38,0.8236131090026921,0.8393770804820908,0.7161203919462562,4.27592158663194,0.6770396881674293,4875,0.49973312410781534,13,0,3
16,0.2545028321322376,0.5972761472108528,0.43537187086665996,2.443776466972273,0.4088240445088025,9970,0.4026040525465625,42,0,1
21,0.8447989474840414,0.5904588761990004,0.39542373150037946,3.521365968894365,0.7719979533553056,29152,0.5084968234525297,3,0,2
8,0.7225948805635033,0.39055466300414143,0.6343069076729647,3.010230483788197,0.6299640602917508,16328,0.5491415301781332,38,0,1
7,0.7767381091187309,0.7602872592371807,0.6525628360694875,3.352244741944971,0.3271058721029965,4550,0.5836683463182365,17,0,2
3,0.6025565733194975,0.4669782734674669,0.4670252541533597,1.8511018540013962,0.2685740366182511,1571,0.6986591662840194,28,0,1
37,0.8202388285021138,0.5861604493941253,0.5521735461304924,4.266386105847217,0.7322706707910418,11065,0.5382664972246678,5,0,2
7,0.17957332113401916,0.3889507472435185,0.05546416866212656,2.452161513356377,0.2508859692874197,1099,0.9732470164474177,58,0,0
9,0.7940814250251349,0.6412374984054979,0.7243887869157015,3.0956616407882107,0.5014486422135955,13485,0.11434720470018239,13,0,3
22,0.9123656812030057,0.8242708776014056,0.6713267440604577,4.840594362438815,0.9263436742973202,9142,0.022701640734346273,10,0,3
6,0.671514889049837,0.4465687447538029,0.5789983648284106,3.9422455122295323,0.589816229100909,26917,0.5140493643488454,1,0,2
36,0.7726615532303287,0.5301482816226823,0.4280282297927537,3.2721983776749686,0.5502904447241493,22565,0.19370198792984214,3,0,2
14,0.7238354636389719,0.6461741821009558,0.4741769726707344,4.056678458135117,0.7388564803484697,22971,0.1851486651794544,8,0,2
14,0.17755781419005795,0.2616860737354855,0.32597283074807337,1.3124802922102052,0.2817967458863454,10582,0.4275773782066662,61,1,0
31,0.736877422799614,0.4275089488050337,0.5146546843780134,3.4816206025360854,0.5635736471495902,3198,0.15685790396107796,20,0,2
21,0.2776088133752028,0.33005799150769954,0.43846106929982176,3.477180994300411,0.6409588922507071,10687,0.3358988246665475,42,0,1
13,0.6318235162616099,0.36140724885692166,0.6192944290886483,2.7700946565256475,0.3226020155198921,8789,0.29789863993772403,17,0,1
7,0.35444444635742156,0.6506120114888946,0.2870869287557333,2.9455394892048425,0.40494628786543585,8302,0.8327777364571273,30,0,1
19,0.5104403484014597,0.7556172488249046,0.5607352661553733,2.8907179216972168,0.37572881120020724,3550,0.24643513466670192,22,0,2
44,0.7244547632584801,0.8976998607373154,0.565667563204689,4.990960981408514,0.8394692391028539,36154,0.12094444177707298,9,0,3
23,0.26862694030709805,0.3362738239465145,0.21596491287690542,3.6717144512897093,0.5931478723756999,19877,0.41555353184086186,25,0,1
52,0.8852091473533198,0.8873829083346214,0.800399223221099,4.260417496658288,0.49650890437464773,46355,0.012249224133826175,16,0,3
6,0.6456435069233165,0.4843226079788372,0.44769645326145063,3.792730224247312,0.5595815197872702,23449,0.5771123629227849,10,0,2
19,0.9928286850175281,0.8731928253668529,0.5307585131196175,3.246445308344332,0.41375968676082525,6828,0.36086077635858965,7,0,3
14,0.058320765815725296,0.3983418230365132,0.35084169258658515,2.589359136862431,0.10824205198727262,8127,0.47393260724227876,28,0,0
3,0.30241132047038277,0.6715244053188101,0.5551029247516678,3.365659401651263,0.6366303716819497,9197,0.3224430116253919,18,0,1
27,0.7897087622921151,0.403727988233905,0.4377485318844589,3.146388499714755,0.3743166077889425,17226,0.36343380879940934,3,0,2
10,0.33287450769422744,0.4742417928745622,0.4905862752197524,1.9296581658381464,0.25043536784582887,14010,0.5609109654058659,16,0,1
10,0.22148570742758014,0.13581839870604834,0.0996158517713791,2.1217872876078214,0.1802749157088046,6328,0.5575165425455748,78,1,0
17,0.6595991061932879,0.729731888801685,0.42890040861958695,4.15885774086796,0.5228893737797351,2562,0.604243617941127,14,0,2
8,0.4764990504149819,0.5946667411702762,0.6247477158695809,2.6617684524825513,0.43721687864817915,11650,0.25938839076523956,13,0,1
13,0.5356121457363682,0.3183272796728939,0.3936431357016575,1.646282412519653,0.2600422545950196,6190,0.6440927992556127,69,0,0
0,0.08671332727933705,0.2030619038156219,0.21441682295487902,2.8959218335027894,0.09294658639600316,10125,0.5459686437173272,34,1,0
15,0.4567355257574906,0.7599777672651558,0.5701574876424985,3.942448934997833,0.45922598340290216,25057,0.19861292939302666,23,0,2
51,0.8528774770651084,0.7651174202427009,0.5045152020647752,3.772697819696631,0.8555492398365057,29485,0.2869206270522567,0,0,3
18,0.4895203628373068,0.6929871588427596,0.2963063637117327,1.845353381622913,0.29264886044511407,18007,0.7122936151007777,16,0,1
17,0.6518147019708954,0.8787845849465685,0.5225503386101615,4.851349661761423,0.6480498695771568,19789,0.4685455142293974,16,0,3
19,0.7142610375212148,0.44291027943019956,0.15511692820437875,2.14757388427485,0.4621677632756027,9142,0.5747323768197363,37,0,1
20,0.4632219028571516,0.39638045946235956,0.6466863940800874,2.6187794205599646,0.2814071372764708,13372,0.5034111236204406,20,0,1
8,0.07855555356922136,0.08825061125902783,0.40749374751788836,2.0738160158284695,0.2768289073472911,14365,0.47480287310092106,80,1,0
39,0.8076164095056095,0.6156487160635056,0.5847703106151132,3.7577462888266107,0.4562718261183611,27667,0.44286471286487616,21,0,2
35,0.6820964515404684,0.6909582483508451,0.9199735823362359,3.104677751573017,0.8631146357089727,14777,0.2719028639331187,11,1,3
11,0.5732675493903663,0.2666943085466298,0.5731743899332116,2.7213071984088133,0.18115886252459282,11409,0.3622341016158282,9,0,1
21,0.3982507855119695,0.6312021761465445,0.2720317255214626,1.647741070532068,0.5922356567877638,13298,0.376387358581322,9,0,1
15,0.4518783052391733,0.6508266933563525,0.6474065146518861,3.7970065082349596,0.15504520251094076,9313,0.6875413056810165,38,0,1
13,0.6957275322781862,0.6041823450884083,0.32191124562937623,3.251852282406622,0.3091382730597402,6339,0.49313546975760036,7,0,1
35,0.8536178720241909,0.7093528295298851,0.4861804323179397,3.02795103941966,0.34702991011429435,14118,0.1065438077348356,22,0,2
15,0.8896277358143452,0.4654577571844316,0.4518248003647132,3.0763290457679027,0.3385721870430305,11617,0.37211483223963704,23,0,2
26,0.6568334052812543,0.5430183670320954,0.7499386176876226,2.6393813934602393,0.44791135929093157,8474,0.6375837729291819,22,0,2
20,0.7242081139386645,0.7330543177003515,0.5510526544286951,3.4271028357706483,0.582516262487975,18152,0.6032114651461055,9,0,2
7,0.7206193555039735,0.5320816539942727,0.48632532555053776,4.209238051576955,0.5847606393410163,7097,0.12008620865975564,3,0,2
4,0.7976509619486609,0.4770849736207881,0.4747149583430119,4.458526582809032,0.7127291628981426,15262,0.5746340650326793,14,1,2
14,0.7591265892196981,0.6446350963858052,0.6132189022904247,2.9890808859685984,0.46636707699192775,19700,0.1521993503713429,19,0,2
31,0.6199741345752909,0.6348290822799613,0.5219242471299756,3.5608484406544854,0.6342524505754914,15407,0.5002385035335319,17,0,2
22,0.7258831873052719,0.6784452398773811,0.6051747899594343,4.914645775789174,0.7315081688696352,43379,0.42359721951679086,9,0,3
17,0.6512464517375712,0.8614789794033467,0.5037535582183044,4.097897124143412,0.660900210774928,10953,0.5714561244727432,24,1,2
3,0.3413909750547719,0.47255876444366807,0.35334714380635046,2.012166931291514,0.26395135233630934,13383,0.818069364138805,64,1,0
20,0.4284443311402006,0.5575528068090445,0.3567082875869544,2.0758580166260487,0.36568272819400094,17056,0.2697012574503266,15,0,1
4,0.5064413012547868,0.46616530129355127,0.6483668851471908,3.704988503997037,0.5565601363107097,1651,0.2886249301090238,36,1,1
24,0.49702143346786665,0.5520428343211676,0.3501095477694056,3.191452258666107,0.36345104366141856,913,0.3597325905379316,37,0,1
10,0.25290188442147055,0.42506213631761935,0.5803022451748547,2.2932451005983214,0.5171091697644344,678,0.7381816142810984,14,1,1
10,0.4789622899304489,0.53991837987886,0.3923890300452235,3.253333151896144,0.46722656987780153,8332,0.5207232449274379,30,0,1
27,0.6094817327581843,0.6069810327348779,0.4395550824868347,3.4540964503587093,0.3239194062535194,6027,0.565608643478707,20,0,2
14,0.3089300543398851,0.3260975807139591,0.4971373732179315,3.282103863305629,0.15175233176552913,756,0.7303741938476892,39,1,1
11,0.7221137005390281,0.4119923594952878,0.38452552975521026,4.217504051218368,0.3548181412675932,15071,0.2019764998049458,22,0,2
30,0.9803620615962649,0.6666923039973532,0.8494953690197938,4.587487700761033,0.8401694980253875,18114,0.43327399087454344,1,0,3
21,0.43039420053936334,0.5934784052395207,0.5745354374517461,3.3721631415186097,0.150666819745396,6292,0.6178312155216872,9,1,1
33,0.6804920040171912,0.4790076513757959,0.6887813637911229,3.9595410231473624,0.7292351262991315,19129,0.1539318167093517,20,0,2
7,0.6198981859680496,0.5769017418842723,0.27637133437422656,1.5191011345836585,0.1779827786310035,922,0.33092490784482864,15,0,1
17,0.63212281042619,0.561230655169477,0.3552465572706709,3.317170492015532,0.3291838161661992,16782,0.2967220385838198,43,1,1
31,0.743592067913347,0.5219126816206017,0.5316316528714538,3.515018188938663,0.7709082500250779,7255,0.22159338053139307,18,0,2
35,0.8563866066632906,0.8462318116966376,0.6952756298820335,4.030541048233914,0.7203163224095626,20325,0.2175571441336171,16,0,2
12,0.7180924609597116,0.46705233884941055,0.57676086142127,3.1922170003288155,0.4701081192276673,12426,0.5630618709635894,11,0,2
9,0.741022311393192,0.25802672969228446,0.3587280355468707,3.0062821948710114,0.5371302842162257,19702,0.5630894208299533,33,0,1
8,0.24145549515978518,0.1634100661001046,0.2646495239908311,2.3222264822887864,0.19668544123035547,10724,0.8273960116248029,60,1,0
10,0.4243514054214892,0.5439920107618348,0.3036625904938748,2.5083864516257153,0.40407865328007375,4549,0.7767649383997637,5,0,1
30,0.8022081378603534,0.8501563839928322,0.7914939310310793,3.938399391191534,0.6858914695341739,17678,0.6285615146708673,16,0,2
19,0.4922364045165963,0.22496124283168956,0.39262662729661346,2.9057929617573093,0.4949955981771531,1089,0.49997911007164686,38,0,1
5,0.8706766038799216,0.8267258512532605,0.40560491933070925,4.1485359718457495,0.7418666944156934,17580,0.23204658606515416,1,0,2
28,0.7912722918919795,0.7676168443180151,0.7564358108252536,3.330522875145641,0.3915847637141463,25238,0.1816845833414146,13,0,2
17,0.6907409126082142,0.49667502842240907,0.773394320372619,3.6426660099438575,0.431512917871392,20177,0.17661317917390545,21,0,2
34,0.7688908492657732,0.7787309653831045,0.5955508992358857,2.9104401745881434,0.35254877510681915,11596,0.34352072627404207,19,0,2
53,0.9717117931424459,0.6136912443282116,0.8304100591496253,3.7729216823182945,0.7588675776214109,9591,0.09015396771138906,10,0,3
47,0.7140030989875575,0.7516914339855202,0.9260967666735038,3.9583664588872,0.41744282820637224,8410,0.2773286740175478,16,0,3
16,0.5880280025066266,0.2166966024329287,0.32591344854340576,2.6070138706840744,0.24206501154059243,17721,0.5212834330734685,3,1,1
18,0.5999880402156175,0.6666386944814231,0.3749503560667286,4.092571365885602,0.7991170129143601,18814,0.19254324438590228,8,0,2
46,0.9442484950572758,0.8646620700322165,0.8654147374354382,4.100183880916312,0.6575095560378141,5384,0.3615641369412771,8,0,3
34,0.9758251869905524,0.645706920022275,0.8656350334868428,3.177534788215537,0.636068707938155,25785,0.4744229779155652,1,0,3
11,0.8489942186537542,0.5473269150309916,0.35797123277422505,2.9726854866564194,0.6556329123552265,24718,0.6324115286751957,5,0,2
11,0.11290419614083538,0.48152039136781133,0.33672391847876554,2.6918635713184984,0.17423413938623647,6719,0.45318174033585557,34,1,0
2,0.528882379549031,0.3369359098526855,0.1746459995119022,2.165631800620149,0.1509363719595843,15451,0.46488811984101586,15,1,1
23,0.6761826746310218,0.2701425063939834,0.4327821627839772,3.0025246014153106,0.24123816554961466,16418,0.537989839317395,12,1,1
20,0.6952856342342333,0.721482136584759,0.6728177483283381,3.089206665880912,0.7647037830351034,6261,0.2615690301650625,6,0,2
12,0.6643736308687566,0.6351472444970627,0.7455931704343133,3.9533909500823183,0.8070272937130851,44689,0.011013460611908499,2,1,3
22,0.6738405989811083,0.37557184527840604,0.5570341436933404,3.7961059398785726,0.43026109244754496,7395,0.3522599211279976,36,1,1
31,0.8038388682646369,0.8079743180536905,0.6501345665692317,3.079849525266057,0.43612027125302233,24208,0.3747520392471705,12,0,2
16,0.6773037813666856,0.34812787665839207,0.4617539049781111,2.429268885755458,0.26746459651457166,8282,0.7240657073602567,21,0,1
1,0.1045979745381959,0.3292127720985576,0.0006450293911636817,2.96106774257728,0.43424912625429907,4358,0.7640606751823327,60,0,0
25,0.6722291403565005,0.7939113468601384,0.7350912963483325,4.383236111138639,0.47346033901536466,26173,0.24911800024963648,13,0,3
21,0.8526027134276456,0.8891584386487102,0.9911652575400408,4.298149317588786,0.9262830649068424,21230,0.14016723039576046,4,0,3
6,0.4512746579903314,0.39665488660791043,0.013642471950819968,1.9947026462536996,0.21694269025455654,13339,0.5056196806480004,34,0,0
11,0.6824249288065918,0.5105855869052269,0.67170429713478,3.111404271620977,0.7338208073601117,8572,0.3986095140048814,14,0,2
10,0.2129939967502539,0.3825848048292566,0.36555976984517946,1.8948229085739905,0.3263119488899297,12264,0.7494379625417288,42,0,0
13,0.42043826979196824,0.3269420054805341,0.15232224154249438,1.57235154906586,0.5749878835547978,16723,0.3259161484294454,5,0,1
18,0.6387038769654919,0.4495439914619198,0.7874357009635508,3.3913835804934926,0.7413908498132484,22792,0.5067843829500754,24,0,2
8,0.41241205487427735,0.30811644719549564,0.4474841786707351,3.5786152724005658,0.4357056965221171,3542,0.7486833786612295,16,0,1
13,0.5972352439928869,0.49062113333125335,0.4065119462195723,3.9391584494987173,0.706306319544086,6931,0.2960621689662831,13,0,2
49,0.9621639180718718,0.9121982830184351,0.771616402894979,3.040052711851649,0.8320048237978679,10446,0.4285647799281411,1,0,3
30,0.9161879220953211,0.4844918824197442,0.7470841338997048,2.8612733958826304,0.766268042901112,7756,0.3527226761754255,13,0,2
36,0.9142422833766186,0.4674626214378606,0.4356025688690619,2.7512312263124716,0.3792262200903815,21488,0.6000778070538259,16,0,2
8,0.6308243109584992,0.5355106404211457,0.5331042941257825,4.359583445261006,0.32812334715758623,4083,0.5064202156183002,22,0,2
5,0.70658406065523,0.5261060529094254,0.6511696081296461,2.987277138691166,0.3964920039695143,20296,0.5493267280668442,6,0,2
7,0.3259651725734221,0.13714018811256595,0.4283854300365314,1.1504960353558658,0.19087185735269513,9877,0.8227471766639196,11,1,0
17,0.290423400821627,0.5395644156674309,0.48669578955791537,1.6251432938254093,0.4721207004129909,1938,0.48430941861063637,21,0,1
31,0.6044223304463253,0.5689047204865632,0.6656136021396987,3.3017642702558208,0.4414429548931826,6190,0.6325143602368515,23,0,2
28,0.7933314644166807,0.7866890650097145,0.573753137758998,4.331869925022307,0.5608716128954573,10625,0.16613804261390405,4,0,2
6,0.6681758560074995,0.5467904854161587,0.5513751115146928,4.27567584518576,0.6348419862316362,15998,0.19325993521411,24,0,2
8,0.8558377659334843,0.4689014828530086,0.4751504753992115,3.6977661895146343,0.34052978193880157,13141,0.4468499047913078,10,0,2
12,0.580266207718243,0.4364022320563623,0.44663554649399617,2.1732662070314754,0.1819130173548568,17832,0.7042999752475118,13,0,1
37,0.5923300478200089,0.40421306173500615,0.6101982715504803,3.7736429285687056,0.3148681306473013,26435,0.2967973038364353,18,0,2
13,0.8506784645851767,0.9009612480155291,0.5025725853773574,4.113274115873434,0.8115467626299182,11210,0.4681605769845784,2,0,3
33,0.6968714568273442,0.7267227391483537,0.36485537115514727,3.5515406733664507,0.7028041444071573,28380,0.47894999174371256,12,0,2
14,0.05867531861495433,0.45172184827046385,0.27356402630919596,2.2381771305476024,0.05294080251640578,8973,0.5066819428660487,59,1,0
35,0.7794396215584597,0.4409288039736052,0.7801564275746822,3.2644746400289826,0.37278375491661786,19805,0.4893343823800944,8,0,2
17,0.7172195601341678,0.8778452646476158,0.4398329634469629,3.715725648161961,0.7085002417488153,9372,0.40930810921142124,23,0,2
14,0.3989429795452322,8.775792896165147e-05,0.10481087441390022,1.5666554772232528,0.24628174395614177,1967,0.8863524066465838,43,0,0
13,0.758994658286953,0.8353226703180227,0.995737667572524,4.044962081032237,0.7612873864314886,19724,0.4118890450505826,16,0,3
13,0.6430333453340831,0.8019758056400617,0.583643138571557,4.136208336643497,0.640730057712636,15801,0.3367714708873305,16,0,2
22,0.2829210822543273,0.22929544385506773,0.3818902986804614,1.6651573545245792,0.23394634590250665,3003,0.7501645352129441,14,0,1
12,0.12412680133987145,0.19396526882743603,0.09221084123694263,2.172003454701423,0.07329250267395655,11711,0.7257600324357776,35,1,0
38,0.8203459627877379,0.6339550254883877,0.40375199778392856,3.4963974391233705,0.5168891372035769,7789,0.4173320207576041,12,0,2
19,0.6451087215813189,0.8108805159487134,0.5517559117360851,2.624959522715642,0.5542637158867862,4015,0.4348388780992165,16,0,2
19,0.5126011001153985,0.6713860005526382,0.6179775768643017,2.8652956999130854,0.25042560802555813,17170,0.3344460180346919,3,0,1
2,0.6875172656226293,0.34082650484223187,0.5515620830895193,1.98903333612442,0.5584842252374381,16911,0.7086400668335836,44,0,1
16,0.9755058921837911,0.9598589588580049,0.5187983866031305,4.201219085092472,0.9870383672803575,28634,0.31627205498291394,17,0,3
42,0.6812215150492197,0.89514230676261,0.5780819223960869,3.7773055972596943,0.5606660052930005,18072,0.10028012553649146,9,0,3
45,0.8370211962603121,0.8580216671077318,0.510430569645769,3.347505191324589,0.47789586937103057,28372,0.4596937022863363,7,0,3
10,0.47562060589577837,0.7459480537728058,0.5418339728315417,3.9009097308487157,0.5835163917506138,13322,0.38160996967150806,16,1,2
24,0.6189765601264692,0.3080942869352377,0.30373108651676306,2.284764766501953,0.15917433083681629,1903,0.5342146793744202,36,1,1
1,0.10003438398337305,0.10359073594721985,0.3806548406826863,2.011082299546582,0.0809027239396698,137,0.7809484264825861,52,0,0
12,0.8558355506090222,0.6129104058392814,0.7990898550012172,2.879111017073881,0.6377661843100284,27595,0.11240207184154755,12,0,2
4,0.1910397736170095,0.15307964623306564,0.3264775582912926,2.5557802847843503,0.24432408260897662,8810,0.7492979176590222,45,0,0
1,0.5051274300033528,0.15727855801281393,0.08694201819683313,1.202670968265194,0.031341721466833915,5546,0.6669400298923228,61,0,0
35,0.6321021090835932,0.7443341214574561,0.4709856108068773,3.948772711996089,0.6097841123893297,24124,0.15256594621443065,16,0,2
27,0.8510239605226453,0.4771041340569043,0.40566088277619233,3.629682873434853,0.5807389718683384,10664,0.5920288303430346,9,0,2
31,0.6849947105066522,0.6416987864207238,0.6262543748441911,4.663726226502844,0.6573321273166232,13058,0.48729590566766484,1,0,3
16,0.8330838873176292,0.7649575462739862,0.6761541387312737,3.879647385795275,0.7277944470377817,11691,0.3748381203340605,12,0,2
2,0.6672368717313142,0.25528959353432973,0.284678459090247,3.3663419699514883,0.39665010811947954,7430,0.5479742884379029,32,0,1
29,0.8609736587081545,0.8571702254457012,0.6494179431686569,4.752210385196085,0.7346921151575209,36210,0.1771338824205233,0,0,3
30,0.867281989547732,0.7896949234801478,0.6560740283482236,4.5623408475738385,0.4411032439761878,28232,0.3110197811854969,2,0,3
10,0.12181934876107833,0.30164684052433227,0.20301571940119217,1.7855997142009652,0.2822818354086779,4471,0.5985711513739902,54,0,0
25,0.5473168291900254,0.7921073389620008,0.6524236432274129,3.4112512307104,0.7223958689329557,9044,0.2302471100995731,21,1,2
6,0.630998223326824,0.5558124008848775,0.49207450839671985,4.0929035390756185,0.7038696466003572,12051,0.5566059096882643,9,0,2
17,0.435355328518892,0.3070262281137171,0.21080907840982469,3.4321774672817655,0.3808295903807076,18776,0.6708987403394702,41,1,1
4,0.9048391276718464,0.7268575798737166,0.553739451968933,3.7852558704218633,0.7871524815552386,15665,0.1127307245532546,12,0,2
16,0.6042352340061956,0.5882881799313027,0.3855842094394916,4.073166941663013,0.5635741908126324,4268,0.1635348450588402,17,0,2
2,0.47454001877079993,0.32595630336647596,0.35238036157155733,2.3934820004193016,0.37572036683688437,12585,0.8918758865023353,42,1,0
29,0.8853164448856422,0.6266792794936761,0.7167568925042667,3.43720362024302,0.35809028712704455,20248,0.17016705790418113,13,0,2
23,0.554784266949232,0.36354575300081926,0.3883976119501916,1.859401081566118,0.5838094330945662,9326,0.8415770106408504,26,0,1
4,0.6249934921899876,0.616020369609388,0.3496496280128929,2.7353777210595016,0.3603801038882304,18121,0.6294405370811178,7,1,1
6,0.3508499813155127,0.57892906103605,0.23727294175174826,1.8580550887465435,0.569814693784496,6328,0.5245759795536646,33,0,1
7,0.14120924808900687,0.19686020326609754,0.3563434192781307,2.2434532306177637,0.15397784220907806,9307,0.8253740822577087,25,0,0
29,0.6729844000017455,0.6281852105706316,0.7541659001690454,3.999228568775547,0.4988866757655198,15187,0.38253712609240553,23,1,2
49,0.8434869919177677,0.6351550498160575,0.6485014382274411,4.504855525231145,0.811178809669524,47619,0.001158773952406933,16,0,3
22,0.6611316385198078,0.9033569655782726,0.8027690788224414,3.9238938733419113,0.410800053367129,4960,0.1631692154659936,5,0,3
13,0.35416347343001986,0.33353047011968007,0.23237051918163595,2.1148928379653626,0.24300421592799762,9141,0.34398050871431124,3,0,1
23,0.4721969094578849,0.41916638780717685,0.6192310265623344,3.2889206349652875,0.6369677870522137,13456,0.5871388618008558,4,1,1
23,0.6141577552468673,0.6423411887108439,0.2560626993609699,2.4603024540473197,0.4103112325857259,1137,0.4042037393334593,35,0,1
7,0.8380421958499246,0.8393144233072618,0.7993569900500538,3.453929388730728,0.5396578882607732,41975,0.4236358338609297,11,1,3
13,0.5695027787790864,0.7364155355802058,0.6891740794529584,4.166383319570908,0.31898798378480325,23604,0.6096012794130365,4,0,2
9,0.716439614237282,0.7895545620887431,0.42422031208372896,3.969523622710689,0.7557956139030633,4793,0.2359628154118483,6,0,2
20,0.7331272649523645,0.7924351793550344,0.5747903213337828,4.149174764635533,0.9868370907841171,21019,0.4686892190821604,3,0,3
13,0.7012906338454963,0.4060462726104578,0.6422943313716473,2.8045804941353105,0.6665765115532927,6857,0.5348865970603626,8,0,2
16,0.31368601801668045,0.5210645734321302,0.5789787276987541,2.712788006196226,0.23420397450501498,11207,0.7870196509631017,33,0,1
20,0.7145581763456628,0.6725252766973018,0.15745513207740394,3.2250349122259987,0.24879229291415914,10541,0.6010599391269917,25,1,1
38,0.7737409366872939,0.5957900499383425,0.7547807442933394,3.3286540280404155,0.507581793302052,29353,0.38007239607989296,9,0,2
3,0.4791896482011068,0.051014947320745185,0.4291962282957722,1.9550480718425745,0.04182635990416785,8677,0.6390707825477134,76,0,0
26,0.9171775480513689,0.9598669781168693,0.95325685972229,3.3691702590740658,0.4893998416895461,34337,0.05137412622621168,4,0,3
32,0.8853648901529622,0.8791359556794964,0.37288404063611946,3.882603538670458,0.31572297752947376,19821,0.1624730245582712,16,0,2
15,0.8601341661783714,0.6529840751164306,0.6571696759015875,3.733769511930363,0.6537677188727218,26024,0.389068655734233,3,0,2
17,0.8000677854990592,0.7434979441464571,0.7997013259925769,3.395139901015944,0.364312030219596,12208,0.15413908997474438,6,1,2
1,0.41318421660167937,0.3368572319155076,0.1309530574706241,2.69411638174339,0.39857435118949985,11553,0.49102218679091225,67,0,0
11,0.5324091569800986,0.3373184399084914,0.5290646032484224,2.1644407885607215,0.2878648184903779,1027,0.3065334272485044,36,0,1
20,0.7822971883081178,0.814547705160235,0.3641808693869952,3.3578379189874203,0.7924573830084523,2444,0.3874150511439952,6,0,2
1,0.016184336575379085,0.12236723861749027,0.09645294570433903,2.6638243482390127,0.22229426944356317,9705,0.541101321737012,87,1,0
5,0.8109458896890609,0.8653556317149655,0.40202252477518047,3.4362838837414715,0.7059545574799524,26373,0.1610848168049101,4,1,2
19,0.7333826533413929,0.609209041915055,0.7971979296142726,4.191501456377914,0.4217725735681013,17376,0.37701151746419115,17,0,3
19,0.7410260291273127,0.7644347102353577,0.7797603138252509,3.410248462065539,0.7806912350718576,26246,0.5495768503980109,3,0,2
4,0.0979729283481849,0.2849936597693716,0.15214028473367575,2.028483935844745,0.15639023819715697,9256,0.5875418401137743,39,1,0
8,0.07921119692843476,0.22841771515644538,0.4430074310882394,1.3208354108652185,0.04948417265926777,10564,0.995343798222765,42,1,0
18,0.7540134975953992,0.4115397939358902,0.6115944588762741,3.367776096970959,0.6803032906950308,24721,0.6239531719404737,21,0,2
37,0.8465648706740281,0.40506453877609117,0.6717287705982997,2.622687748967736,0.3822890723567514,23767,0.5638166313836888,20,0,2
35,0.5479477996006159,0.505942041253321,0.7298836531208368,3.2180015361585275,0.4348171996096021,29752,0.2740759785944412,5,0,2
16,0.36551806897352973,0.5809026274774762,0.2743459047355675,1.6154901793524172,0.249731343416526,16734,0.36214717887434555,22,0,1
20,0.6957269365723746,0.4371863199873095,0.6015005425757481,2.6680826865167857,0.23853546095796987,13579,0.7722431019652599,31,0,1
11,0.5852077573294783,0.3606849778704352,0.395570484567331,3.322176610377242,0.18883293088917677,2540,0.39367886772068006,36,0,1
16,0.6259381221845954,0.5551938237191489,0.6204317739473487,3.5242453345747307,0.4686524132141622,2865,0.5101258616822806,5,0,1
31,0.5743017538335797,0.4118871412365526,0.4325406395740802,2.7880064478396442,0.6119797547160071,17257,0.3640694259578151,22,0,2
28,0.7568972732967315,0.5392211335254335,0.6773646850984235,3.9944722760791005,0.3537071627181109,13084,0.41668186598917645,23,1,2
24,0.3677357085054386,0.22000656526756218,0.5360762524037324,3.7732967208716848,0.23368376536332566,4658,0.7135158538975566,37,1,1
17,0.5360499084858126,0.3338333798847213,0.3183528344487667,3.6252793325895856,0.5063590014792748,13439,0.6059556821052263,19,0,1
25,0.6388427735014295,0.4277157181441773,0.3749448450235552,3.430410866243342,0.4602434488277736,26848,0.27197546576528575,12,0,2
6,0.7988779629400236,0.4238375159006651,0.3516660830745876,3.952607000737636,0.752480940084957,6412,0.15131382051220893,23,0,2
20,0.6053636710839567,0.5032746983795466,0.6173613761648982,2.854430113757584,0.7809324371739993,4102,0.5187015009927269,8,0,2
9,0.10717799521957042,0.11134700586470941,0.2839096938877851,1.9392577612847304,0.16980680548791566,2923,0.6286372880713397,81,1,0
9,0.2521195088198051,0.13359225858534274,0.03723240813788565,2.420839602481328,0.020199785209689652,14970,0.761084135379323,27,0,0
10,0.2830843608625904,0.22667008150259177,0.23860468991061975,1.8468234764144085,0.635609394980391,12212,0.6225245125340808,25,1,1
20,0.2631736660969588,0.6374947475122107,0.3977545886653191,2.8558623836034784,0.2857421087499292,9778,0.4604213964584364,8,0,1
39,0.7437404817367366,0.6563870541451347,0.38551843476728553,3.995194256198885,0.3841055462167708,20913,0.3441935178881167,24,0,2
16,0.933921461857601,0.9114287756203004,0.6143125807624618,3.60412100366959,0.8483317526452225,48639,0.058011340674084644,15,0,3
14,0.6371918580718556,0.849196544033355,0.4445863859234809,3.720086690915503,0.309190494887621,7724,0.36902371744374896,18,0,2
7,0.597820107859468,0.6105618130588621,0.1764864530230504,2.81477136352134,0.523872910466314,659,0.5309731406037207,29,1,1
14,0.6525033894296672,0.6522136606538462,0.7551405078085209,4.225928092950951,0.5899171191405452,13803,0.5595606392141793,15,0,2
7,0.8784119211569499,0.4382104369564027,0.3844800808964912,4.223760662236515,0.7789151087376383,23737,0.28111792207552966,13,0,2
13,0.9371493953199439,0.8856256328894456,0.7780908675198785,4.342849339061229,0.5217618205449414,47299,0.4650854827192123,17,0,3
29,0.7857746276911339,0.6846669711843316,0.40635351153293603,3.8456517771161685,0.3026992710918387,23040,0.2835982014400806,15,0,2
9,0.2817069622177833,0.3679971836993515,0.4420621688955188,2.7030616105749874,0.023702920292452894,7621,0.9444826161031027,34,1,0
22,0.643829438419897,0.8433591220238332,0.6284361421059228,3.7324812986612246,0.3321263614773055,10524,0.5882484188413265,22,0,2
59,0.7820500878347254,0.9997413998263339,0.5258484186207635,4.797801648012471,0.7769428662779688,41115,0.1478473370208021,14,0,3
11,0.7076919913979504,0.7451031578663782,0.7404519157244924,3.9692031740377294,0.892226504469384,21693,0.24066668826783244,10,0,3
7,0.464537514254976,0.5315146151406487,0.7696709933766397,2.614189521019768,0.4320064230359465,24528,0.20550986303055585,23,0,2
17,0.7831825830034587,0.6732630083847018,0.7999321600188801,4.169798856728783,0.7250859726025238,13528,0.13512650533756312,23,0,2
35,0.5595442215886924,0.49000213941711057,0.4843218941337335,2.7765663468094957,0.34754682385536473,15301,0.5527977592131247,8,0,2
20,0.8551757870110006,0.7740952817608575,0.7267228838877615,3.995401028026179,0.7655451452540074,3806,0.6099635556349571,4,0,2
26,0.7561429301356279,0.8944988734793953,0.9153212588753123,3.029334114092528,0.7945361876668138,3193,0.43447212613957253,14,0,3
16,0.5968789601745377,0.6725942898797721,0.2980122757603052,1.5371899418953954,0.20246959016397473,9275,0.3085475017457617,10,0,1
11,0.5142977893058871,0.2708335794245351,0.21383501051115694,1.469717385997201,0.01456584030248409,3019,0.6157458407495496,68,0,0
32,0.8397008009335458,0.6135228924834542,0.3911418209877691,4.4467331323045745,0.6427202611856457,6262,0.36974555295653655,23,0,2
7,0.5589654071059215,0.636204164968047,0.4910648119309027,4.370317144753242,0.5280793705599112,3525,0.5933467430021206,14,0,2
11,0.5938421681275226,0.4356806122653143,0.7823732376860848,2.5082124057948967,0.4080629991743811,20899,0.19188061820783214,14,0,2
22,0.5650035677232617,0.6216661774459686,0.15417486875688483,1.6153312530651636,0.40163522405029217,8773,0.4847661132441673,8,1,1
14,0.5434044235663779,0.26167424720957605,0.037975835956585983,2.2500450953039275,0.11686999682984857,7947,0.5826366115311981,51,1,0
48,0.7569939567505136,0.8336797938856677,0.5927364547883612,3.4882945808447485,0.802872960936786,19288,0.11037274422639087,5,1,3
26,0.7773838590077018,0.6096437525665961,0.5628457671641687,3.1380878597456148,0.6630947419310526,16440,0.3397165977324845,6,0,2
11,0.09591354643728961,0.3891328723968894,0.11973568963487315,2.1709033937148776,0.3694550668430731,6595,0.5867563972897379,18,1,0
16,0.8534069174132892,0.7452236848780363,0.7421992237870203,3.729596438289059,0.7042306623192647,40226,0.2734298204875631,7,0,3
8,0.6083988583496853,0.542927246200746,0.32449746765095544,2.7886211738730378,0.4907675001042354,3463,0.5046603333145474,27,0,1
5,0.18071208018441645,0.01973378153716765,0.28029426705927163,2.295109555306845,0.32437135263726036,1763,0.8396715834186366,59,1,0
35,0.696121805545667,0.4920333843473279,0.7577618912573658,3.597559718526023,0.4607709161989357,11019,0.2880260809692927,23,0,2
23,0.8381922319826016,0.4818885398183893,0.7472704232053222,3.5178835620185724,0.7249687457023619,15350,0.18995527112759997,4,0,2
7,0.5394583782946724,0.5925510253560629,0.3924788641567366,4.226860029043534,0.7373028972515829,12588,0.4343767364759852,18,0,2
7,0.667418967139422,0.7167968560649522,0.762684550761416,3.019588832342321,0.40636348306513653,3384,0.3813145757336108,11,0,2
10,0.17853005900380778,0.29093017534233123,0.007369607915315252,2.957495829230975,0.3270150378830352,6899,0.4533108910428585,43,0,0
7,0.7577220339198674,0.853239225342979,0.7569979339043624,4.237896386015443,0.7152609475274156,12569,0.3817895344332863,10,0,3
3,0.39256658759035434,0.5010509150636748,0.5870282815694894,2.5765933384315876,0.31545429153901305,6597,0.41313299315111474,6,1,1
24,0.6710830150306916,0.3697865706040848,0.36327642712081987,2.5510548271444113,0.6159513422103017,11635,0.3029669157810457,25,0,1
40,0.8737764749409849,0.6737483682715852,0.6419272643043226,4.292180246925016,0.7682664512894195,12714,0.40403964117791497,10,0,3
8,0.8466533422503207,0.8371851621035287,0.9950741863753235,4.811049584659347,0.683236260518199,19715,0.4348815883408554,14,0,3
5,0.26753247450935935,0.6946666434141375,0.194939140050319,2.38070773685848,0.15548295802822362,15576,0.7416628490759609,33,0,1
15,0.2732899710432708,0.3645479401573798,0.36585844251330557,2.899984149217431,0.18038463419812042,7576,0.5229610430784668,17,0,1
11,0.5028113065160232,0.7608499780878295,0.6357183785529847,2.7310117323129326,0.6823217863070561,9025,0.5583576934374151,15,0,2
9,0.7450400205369097,0.6349160718358702,0.5183659687133069,4.518688655845732,0.7689869442046795,45752,0.12111560891228346,14,0,3
15,0.5781199466241793,0.37045820459604517,0.5486197875114001,3.1597481628108097,0.5676811770894462,16086,0.4783455648268642,15,1,1
33,0.5211444504937393,0.6161134176028563,0.5761835520295641,3.5340125664194173,0.5898832287171365,2207,0.16399164742157207,7,0,2
16,0.57015037408382,0.818809576878094,0.5701756674732215,3.1659132287428364,0.7293711982566539,20050,0.5965821558846478,7,1,2
6,0.3385207205299532,0.618462164954646,0.3829356543481842,2.917026692943516,0.5016704772594662,13967,0.8473295588437415,14,0,1
21,0.46197808973163096,0.22456344694592617,0.4371351901285436,1.5905973746462794,0.32005446825143435,12630,0.4203076890076819,13,1,1
15,0.522100001056814,0.46440260907838316,0.49770357429465284,1.9328016859217114,0.45653615494135746,13041,0.5643845216114283,33,0,1
22,0.8607212290948787,0.7943879534938986,0.5952420251450081,4.0688113312168,0.5393508602846662,22478,0.5416533167524508,7,0,2
20,0.6601844851417259,0.6396094964479986,0.5097190404356073,3.94396629390329,0.356336763317395,25274,0.20831341809247866,20,1,2
31,0.7197097810482626,0.6604351969436587,0.7339076773596065,2.673497271002763,0.5209245172388663,28368,0.37346132195610426,14,0,2
54,0.7700244024973911,0.9506661511449798,0.6276532623642159,4.856635065697154,0.7952950420840423,17482,0.21874096330410486,6,0,3
22,0.5171916124723536,0.4196482932996858,0.47214388892422393,4.393197145556678,0.43796414897503144,4314,0.5314950852766924,10,0,2
59,0.844185462989779,0.8886131444487622,0.7026550915428718,4.303421295821937,0.41866935995041465,29762,0.44732139878881727,17,0,3
58,0.947034428223636,0.7461427278696231,0.8661359035923226,3.6362231072362388,0.7237337322973031,37215,0.10032550870188062,6,0,3
26,0.7860027810229175,0.6469550091097787,0.7662790504011747,3.703962705948905,0.714847842208532,27043,0.6243260442388404,22,0,2
33,0.6596658701557967,0.7962995117035138,0.7942771144866227,3.5937385491205616,0.7463036699725301,31803,0.36157474323231475,14,0,3
35,0.8297918740445307,0.6008059875970039,0.572065999132795,3.2405861328826355,0.710767788944843,24455,0.5849209806577799,3,0,2
3,0.43838458576122624,0.0806979588723965,0.1713412308231825,1.878334381108652,0.010816963499883992,8347,0.5410829848118622,78,1,0
26,0.9094672813621704,0.4873903018632906,0.5738823920934951,3.3000592719725828,0.4248123522052917,20057,0.3684210233549625,11,0,2
0,0.31129716104805555,0.3194778317671797,0.21248851624115464,1.404561535078752,0.1318448417681729,9572,0.6730009711167835,44,1,0
11,0.739721243364779,0.5826313050366572,0.6996021866921927,3.0138285693845868,0.525025965276946,3292,0.28415008959239807,24,0,2
5,0.8971565251301798,0.8157917777284818,0.6072554952573823,3.471261468064251,0.5440522235506888,6414,0.2924176298499702,24,0,2
23,0.7269308687434921,0.6628085843487974,0.696509552805123,3.3874028940593357,0.7433077444946777,13938,0.19453053639658577,22,0,2
16,0.7319848933827011,0.6627062771750485,0.7399029784620688,2.807926477333008,0.7319774110047552,9548,0.5037597196769965,13,0,2
7,0.2869838494255393,0.3537684158134981,0.281428736925066,2.9396189783527076,0.1487014639283914,12001,0.6403327587890993,65,0,0
31,0.4518034583886664,0.5602731863327459,0.6582527389984305,2.9563318275018116,0.32734231037668277,23061,0.1046011129912793,13,0,2
16,0.4676946980640067,0.2111508524493218,0.416669057446286,3.0091443433572804,0.3721911811505324,4378,0.3579088890455195,15,0,1
24,0.7674810226789371,0.9227400595850344,0.9887331931573928,4.905595055202589,0.5173655638267091,3929,0.36249058496202624,10,0,3
3,0.42677442710216856,0.6906885521630974,0.20001583553357685,1.6369102528051918,0.244299465635796,17363,0.7166872860663505,15,0,1
22,0.4936247801727255,0.2656616248821587,0.41705084504293277,3.0447787193463736,0.4232568543506018,8896,0.700233356254421,42,0,1
17,0.8181112636886391,0.7262582937168803,0.4801115232884424,4.079949000033546,0.5253530291251929,2660,0.261007851720738,10,0,2
6,0.3228056461245474,0.268405941801392,0.028781053568612797,1.9532143629749683,0.3604219631193853,14381,0.8854982829686657,85,0,0
21,0.4820112416200556,0.5957870120834945,0.5601580399347837,3.744751862946348,0.7456003987009048,10050,0.13449719427795234,8,0,2
44,0.7822051101617032,0.8605468843952984,0.6918061302028109,3.8023758280779654,0.5654319118573313,8889,0.01796933746077667,9,0,3
17,0.9109730885448549,0.6105515288492726,0.3568897639821074,2.6977466853253027,0.7808156283126535,22733,0.2551855712198766,8,0,2
35,0.514560020605277,0.5280505905394834,0.6806416799822204,2.699527115405685,0.412184587849243,27108,0.6381444156844633,22,0,2
8,0.6910240930038494,0.5061566924234611,0.5545516084115231,3.777252502590309,0.24716317693688714,18046,0.45830010380457553,11,1,1
20,0.5980549383762096,0.8689434621407788,0.6659371550980235,4.247589380839761,0.7405020424073538,3995,0.5679281696829633,16,0,2
9,0.7221194938804483,0.8112809678671247,0.514750903067938,3.894895656328612,0.4749016772557897,7261,0.1555987267958182,19,0,2
4,0.3512310918194157,0.627410026496094,0.28375592867693333,3.0223482758120706,0.24327895609780784,6691,0.7651897473415785,12,0,1
14,0.5296669231770476,0.4306622883668334,0.5750152620063236,3.9709270571953663,0.5731952336058681,11911,0.3399657831081597,5,0,2
8,0.45250921707172154,0.38521609770061693,0.29402762946877736,2.2463464860627855,0.13180984449213268,6659,0.4578760622738618,28,1,0
8,0.7533517059466286,0.6030137452536298,0.668185231914211,3.3185748904856105,0.8519124015480417,36110,0.39669700715267386,14,0,3
33,0.7677939752110543,0.8009153389850121,0.6883476809933994,3.945783931266364,0.9577701537254105,16146,0.06480032559772098,4,0,3
20,0.4889453304728748,0.2659183089017571,0.5978595873740007,2.746821971156133,0.17726127943913986,4412,0.39993591692041885,39,0,1
17,0.5275413007188255,0.5979866217761505,0.3770276613047746,3.7677354710857904,0.3024673188488304,11395,0.7737239714602756,13,0,1
10,0.49532554534554374,0.4452331288121955,0.2256173705567339,2.4291669424209203,0.1508189141800443,9923,0.8756821208597465,44,1,0
31,0.6207382143074828,0.8088593625570599,0.4584789556355315,2.5097689320405037,0.5446149501023064,7897,0.47073214901453275,11,0,2
38,0.5374019085519863,0.6516142101103876,0.5387666682904189,3.2654583826355426,0.3643736014378565,4881,0.16246049753764571,19,0,2
5,0.4008182553234553,0.006727628870906888,0.11402036768607815,2.925673266485612,0.39844838182985687,1599,0.9283965270649329,89,0,0
33,0.7888280606839881,0.724589268453103,0.7357662300512564,4.948329257256031,0.41322109617850256,42832,0.06575913345818896,14,0,3
4,0.3732389547883681,0.6764019241245866,0.289797185261616,2.4831362264577166,0.47996214762952993,8145,0.7970426249664121,32,0,1
9,0.6888266077726414,0.8317180106403161,0.6005774126106085,4.081135105382311,0.6895026969620188,7704,0.12037859653142102,14,0,2
13,0.016862719582608522,0.08355158195430684,0.32196470790945564,1.2783096690364475,0.23667788904552262,11126,0.5162825454807495,45,0,0
24,0.6884594659354235,0.28355004388281696,0.44066960846614933,2.2444243963823407,0.5914058994336854,11410,0.7458155261050025,35,0,1
18,0.7474172270109083,0.5212145870254934,0.6858889235044321,3.852944286984822,0.4633865490775226,4978,0.48670164706768804,20,0,2
12,0.9079624448768531,0.7862800489275252,0.8800470392190486,3.3409558763478353,0.6966886787770559,5282,0.45303294284318263,6,0,3
53,0.8243578153260626,0.7065993573483529,0.8838619440333901,4.164296459559944,0.55259318870699,8498,0.22911732519641692,7,0,3
30,0.8571574449116253,0.5850657109126307,0.7356936228244622,3.4983396665253235,0.7102345081804267,11450,0.11850734786946464,20,0,2
13,0.015053880673536114,0.3318570827257345,0.39064414242782086,2.2171406757273013,0.015764243823277575,8962,0.7131111666971708,36,1,0
5,0.3799681465063271,0.16363759666572503,0.07306615103687686,1.6822446254286287,0.03977021068240677,10155,0.48358550995926797,89,1,0
13,0.21292199129975653,0.2834095616928156,0.4289344396676132,2.1336286517373573,0.4333411116293722,6782,0.7450931974767601,10,0,0
13,0.3039676949061375,0.012577064911556579,0.22376575677222404,2.651710841718904,0.16274920614124275,9738,0.942038080302029,43,1,0
19,0.8976351938184226,0.5618881101060287,0.6562522997624771,3.799904196331778,0.3504738408180203,13695,0.48404992644180056,21,0,2
6,0.33618715505854974,0.08974731362132404,0.21072191861902168,2.179475225112406,0.4451922825791445,7187,0.7416081666958313,20,1,0
28,0.5517922172448032,0.7033024764385049,0.49193737606640753,3.965400367741614,0.5107771241090171,3249,0.133714336947073,18,0,2
5,0.46133179090207344,0.4838031285986495,0.4532270759694719,2.651066538313815,0.681981598162809,26395,0.19936448439632518,8,1,2
20,0.7863663301767212,0.6275686157468875,0.6859167646193622,4.234311566791294,0.9849007916686672,23584,0.06286213449611311,9,0,3
15,0.6798643917511162,0.2641149736518871,0.38512449282998806,3.403206207441114,0.34175451224636955,5182,0.4440804008382979,44,0,1
24,0.7265363843110685,0.4346411390601207,0.15279707794093475,1.8586125722245022,0.41395491397196216,12300,0.44473114361949984,23,0,1
29,0.7389572771744086,0.9734767295039498,0.5458496675557151,3.697147334483941,0.5920358995125901,26852,0.26428905486109855,15,0,3
16,0.2777419710339553,0.37171529400974657,0.4637195038410755,2.9711184845937426,0.5895310022761251,949,0.6176011178436875,35,1,1
15,0.6790706875858602,0.7282183364271397,0.4568687190629899,2.5188397119448904,0.7032479730526227,24096,0.17929229869992724,17,0,2
4,0.012827282359471276,0.45802433810382176,0.07663711722457311,2.708985226791339,0.08913470402638429,5345,0.6041729238517748,33,0,0
8,0.47777973581155764,0.5680953668911451,0.44168996863247467,2.5719315124268256,0.7575416666790373,5215,0.48734249097633087,10,0,2
15,0.6777429773479788,0.6701580766196321,0.28651439783792965,2.860516233917358,0.41625743487826006,13143,0.7298976724299409,22,1,1
35,0.5089264141399205,0.4640053443118578,0.36270294184281787,3.825571465487327,0.7863133022162763,27288,0.46809140091880663,21,0,2
11,0.7187629933797914,0.5235797805634786,0.16899891865237107,1.9100320591406938,0.5996697045092015,5430,0.5171768634251263,10,0,1
23,0.7256605370876009,0.5224448477595421,0.6298715301905191,3.258011666356399,0.5613653390284272,8629,0.5203782001136871,18,0,2
7,0.37683472956084824,0.6849103926205201,0.6416079933268729,1.6276286584634396,0.22040593104649972,14492,0.7144370241676696,12,0,1
18,0.5283991921865858,0.25034680055190156,0.40493702815320143,2.0372318911802925,0.28287318809333073,15104,0.7563309793993793,28,0,1
17,0.4567591809125519,0.8318766776362585,0.5840875734757485,3.8446536199872825,0.32529842683829086,20044,0.2581544010315087,21,0,2
13,0.4225224692350649,0.18665248884190522,0.33209387202382273,2.0193088324837563,0.07760433890180737,1765,0.4781284769972236,43,1,0
38,0.8921000390091192,0.6872092429976346,0.5808362720734013,3.4416052595712783,0.7936804108123484,21800,0.22948173968864932,13,0,3
28,0.5414314655891875,0.8236554196082779,0.708587706624286,4.425783268356075,0.346995464708301,16547,0.46263047039120087,2,0,2
20,0.6183283676093952,0.6587129264022505,0.4527646374456361,3.626189211103803,0.6349627867829717,4853,0.45760144778336587,28,0,1
54,0.8446017635249046,0.9589721639275537,0.9763243190193585,4.064962385118852,0.4107674071410951,19390,0.2653686776434179,3,0,3
26,0.8640297988029881,0.6206541911498051,0.6386328228483868,4.301023295583431,0.49040566462592644,29649,0.034514770443924814,1,0,3
12,0.07631798096203243,0.07598334342108037,0.07027423154440594,1.307653153447105,0.19561253143876547,8738,0.8170431711607096,83,1,0
4,0.5308804352527344,0.6386818655636215,0.5720330151860278,3.3859020214958653,0.45480037254275,18961,0.6382597447358808,8,0,2
2,0.2358188292369272,0.4630870220348769,0.009886756861128337,2.485970646741208,0.31632718103040147,14129,0.4946462037313164,11,1,0
13,0.3475873075200031,0.40176138325361466,0.39217145113606244,1.7052744287641433,0.18324539758738326,6418,0.5089693104234094,23,0,1
7,0.9716905003475308,0.9359155437826282,0.5729610370175727,4.63747000814854,0.5532960067933628,24312,0.38846400516361274,9,0,3
20,0.8034659430563305,0.928344589261341,0.9420994890657515,3.656762455770162,0.6602803073528631,20862,0.3437031820681188,5,0,3
21,0.5172858381712607,0.520419266423733,0.6931403169989907,3.03433052517598,0.547845385114357,20073,0.6327512659151515,12,0,2
26,0.831793304716119,0.7201292728978752,0.6340346351270321,3.2374058480079224,0.5801994769099714,23310,0.3291821618204067,22,0,2
13,0.25768312536736165,0.6313370351659445,0.5109265802665561,3.4805995590029966,0.5309848722985767,9154,0.5500888498986396,30,0,1
5,0.6106682241841033,0.6554669799309731,0.7280084743643144,3.27449209640695,0.33489974244737486,7263,0.5349673226982485,4,0,2
9,0.6061970142364608,0.5636462386197842,0.6136324351034931,1.8441644594705315,0.5274658665361192,15293,0.5207291879670377,25,0,1
13,0.1880095023185514,0.2532993480917297,0.2563335469214988,2.7551635450667344,0.043499145224551984,9195,0.48215173173136594,42,1,0
21,0.6193764814106902,0.5726655337169294,0.6660824146397909,3.4950586320549055,0.3640925551495489,8852,0.4362463572041103,7,0,2
2,0.02302453764649495,0.2357581856980257,0.4237204674543184,2.546639086406156,0.14883261460468436,8806,0.6177655553053875,50,1,0
35,0.6570534051403075,0.5489474155800148,0.7242760840872904,2.5582475699782106,0.6265935945789063,20268,0.30805064152558015,12,0,2
11,0.47869735720896356,0.14387712028116229,0.1266908000280957,1.116395540260574,0.43098508490276266,493,0.6265848297857868,45,0,0
7,0.5451495358777998,0.2429868676396058,0.16107976777226077,3.4340446464364156,0.26881060878021024,1397,0.8239603406603846,22,0,1
2,0.38675143291485353,0.52788865089209,0.44950631855730616,3.1552270288724364,0.5950527367213521,13034,0.5013962111861386,29,1,1
10,0.5437808860748992,0.40983614607863417,0.5888791710963664,3.1670153927495015,0.34783495704815803,15560,0.7659108831493978,42,0,1
2,0.30011593908814305,0.3572383179332552,0.1619806925621349,3.2145741878762273,0.36066990830552415,18423,0.2812314390203843,14,1,1
3,0.5707451845321438,0.37572083673534173,0.5991117594160811,2.0452777613792934,0.47452223363410695,16143,0.46648409574745076,30,0,1
12,0.6634745125420554,0.5589339255656318,0.5946523619141092,3.297961211772307,0.3536674602516303,16553,0.6537702401478211,10,0,1
2,0.34417317829507743,0.131760721241866,0.41602246133863136,1.6844528906097331,0.01746539146208116,1175,0.6689662874984383,45,1,0
5,0.7489422508993895,0.46202742404931973,0.5023750531006846,4.3303342759491095,0.7803573758349087,24748,0.1872504526572793,10,0,2
23,0.6874666621753245,0.5034611401132701,0.44806903084826744,3.0103110002325435,0.1601704155338005,18936,0.5644434679040227,40,0,1
47,0.6687198538615792,0.9361758527921692,0.5005147399228167,4.339205232267924,0.9068736617716129,12101,0.026099314522485817,5,0,3
8,0.5043124370398969,0.5459794477446573,0.7692466623915586,3.7969098283628697,0.5364396611052725,2770,0.3463975000678775,18,0,2
18,0.2951592801495365,0.649991638439327,0.47219808114093287,2.6511382586762116,0.1783074865673617,10464,0.49360752171293154,25,0,1
12,0.8553733584787451,0.7386352118430961,0.38690483354368443,3.676287413459196,0.3040040703368914,7355,0.5140449469810555,14,0,2
3,0.45785565457492416,0.5578382400612885,0.20565716073877507,2.358601477282641,0.2955016817001408,13204,0.7604682295784092,7,0,1
22,0.7816144744753548,0.8735139527544302,0.6292505811605564,3.2266451441724477,0.5461787972647448,2760,0.3171404226546242,1,0,2
37,0.6031642310294215,0.4877749728423388,0.5569917513551454,3.3550151151852994,0.7756981862422078,19761,0.261235768239316,13,0,2
31,0.9089680661565811,0.9160338548496347,0.8237868217009539,4.290579675051434,0.4267569450237769,22086,0.39812029778142716,19,0,3
7,0.5202194455688203,0.3465375564852435,0.32655516006983326,1.8427141754912135,0.16493274159957916,859,0.52032200314476,56,0,0
1,0.21574418017223174,0.32372106090810154,0.3521983171032486,2.4972033191043197,0.2654899221148199,8425,0.8736256464265053,14,1,0
23,0.7439050810609895,0.5516786277401091,0.5633343188485359,3.2132178257487722,0.36601758844499777,12315,0.345938277491865,5,0,2
21,0.25497987060215166,0.6524647584909076,0.17939800827231853,3.2572290390311576,0.3197824227817644,9797,0.6078460159507877,23,0,1
13,0.3541918395044127,0.39481300867900515,0.3318138743855785,2.7145343703518865,0.15858649533118477,13145,0.6376061745680193,9,1,1
15,0.6493859145573142,0.35982401379381235,0.3865472690496874,2.191359582396112,0.3456664182330963,5382,0.49425517369481187,21,0,1
46,0.976702707827819,0.8171397242453635,0.580200052665036,3.224608688822438,0.5415145594862123,47602,0.04135773076217675,10,0,3
6,0.45424369444113666,0.581815957773567,0.5868343278256657,3.099593889634878,0.6479955254730526,606,0.27930497399244636,4,0,1
4,0.3366865783787541,0.5939323597927719,0.6388161682752361,1.6732392939850311,0.42934072196861683,14027,0.6815611035691689,33,0,1
4,0.7464371989112067,0.7849783697357768,0.6396739128462257,3.5380433871571118,0.6477053354848621,23392,0.6323242931397672,24,0,2
13,0.13876037409372644,0.46340817696419917,0.2259720251202667,2.489852450390967,0.24946275885402305,334,0.4288152325599479,67,0,0
14,0.5560831103615729,0.4352723424756113,0.2805635722165385,2.089762250023467,0.337520349120105,17286,0.37524552005703393,22,0,1
55,0.9447080762541935,0.7282568768638057,0.9003848435649375,4.902957119331982,0.7232174004058234,23389,0.35505502821085333,1,0,3
10,0.8879456729650861,0.9675002089042986,0.7229791535051607,3.529790894473467,0.5696474137472572,27306,0.32385658553146074,18,0,3
27,0.662480700501342,0.45416472984813827,0.5044854361380834,4.196964419867479,0.30758709952321084,2591,0.28724259405468017,1,0,2
8,0.35888947442295577,0.22340773420962717,0.2916392004488053,2.9580587188502783,0.4272846192803701,5334,0.9992339527226284,77,0,0
11,0.7655883851566845,0.7397547996197332,0.8036532241313357,3.7618190510219742,0.7985127487032504,37591,0.4396275574231923,9,0,3
0,0.3382760967131119,0.27585464207453675,0.23590531704747983,2.3369708546135577,0.167819205854975,1465,0.4070997015278633,30,1,0
20,0.31610576141014984,0.22277507798267626,0.6027447387456628,3.1264162912520788,0.1876774481144459,7317,0.76721062967801,44,0,1
8,0.5057389037355298,0.3712276338474267,0.06966505826857168,2.87238308223042,0.2995975894773551,5927,0.6168036518616906,80,1,0
24,0.7804404034829173,0.8257834170090566,0.5047427168142491,3.226219638153146,0.726409947509651,22900,0.015274728546689986,8,0,3
4,0.6502188341501612,0.44405325110616445,0.6489907039667051,3.6541280904514055,0.46113019690974233,21762,0.2779182689037304,4,0,2
10,0.04054040026973409,0.4085401937208466,0.4283134208051247,2.5931072462026403,0.031208251958368485,1621,0.5195358655935849,44,0,0
22,0.8684112122440124,0.6141516430994414,0.49155386791731437,2.6466116362274397,0.37107042679895885,15345,0.2644212504438792,17,0,2
4,0.5942769726382385,0.7972840934950105,0.6261574344779346,3.9962113357749782,0.6619945821178457,19152,0.27833798061858384,17,0,2
9,0.8086342963900909,0.8943618452784009,0.9481106513425192,4.553447260943385,0.5175044875521513,42748,0.022281911724339576,16,0,3
19,0.34409999083993115,0.6083726397363407,0.46745711765603204,2.1257935624293487,0.5696854317689451,3736,0.5890106613436663,10,0,1
19,0.8624024995034894,0.7467574645425015,0.5774091507070218,3.7048822197228857,0.5653475948817607,20214,0.426667341518873,22,0,2
3,0.5012861198610105,0.12472563347621618,0.34417682869623856,1.816469241643913,0.3363877439379618,5234,0.6571615838683073,46,1,0
14,0.48431168866282487,0.7298511983049648,0.40040527088069255,3.8408933305650184,0.7133712142879283,15880,0.6355792755384109,7,0,2
5,0.2790668955134143,0.45460579262302125,0.16413235052498884,1.7100104184297698,0.41997411361069215,10024,0.7935731258496295,6,0,1
14,0.018902513245741423,0.46611384909223164,0.07383747834727,2.614327532843361,0.17582807529436006,11313,0.48938965504599546,67,1,0
21,0.7582745571562478,0.69816943465316,0.375077593565443,3.824223651616358,0.32522778531006186,29493,0.2960016507652812,13,1,2
41,0.7130235453222545,0.9870797552828345,0.7210121868914288,4.976550542000263,0.9245360344830109,6630,0.4199080810727655,4,0,3
3,0.4339995833780274,0.24110614087810472,0.11034881027431918,2.678027206319604,0.0780578991516658,1489,0.9620236260293353,26,1,0
27,0.7958236702084678,0.9300429325690639,0.806128992940579,4.20510632768573,0.5013125240066117,10597,0.3804271722572478,1,0,3
3,0.35691944474763215,0.5318833680608499,0.5070607637011528,3.3377238541104246,0.30430384081771833,8435,0.7811696974581402,27,0,1
14,0.3522968071458879,0.48169187033308275,0.3159531424487484,2.1723666159517796,0.2405314495579822,10463,0.738005997427065,43,0,1
14,0.422219144214255,0.40343953131233545,0.6233955861408103,3.148725575487976,0.6294523024226026,16340,0.3859323091157747,15,0,1
6,0.7335089009266191,0.6408850656900799,0.8380261285933772,4.545245454898765,0.4080415758592994,47409,0.3652481804793951,13,0,3
20,0.5565446064752142,0.7801078354219501,0.4565822617684458,2.8617490488506725,0.6761675889889425,17300,0.21233124131342546,6,0,2
27,0.5991335743876287,0.5915805282135838,0.5584397463390143,4.0382154870145985,0.4745262122307757,16935,0.3602449583970261,9,1,2
13,0.5141591411963795,0.43602671568974677,0.17755726430845736,1.4483813976787978,0.02916442154423813,5050,0.7054649994348615,28,1,0
13,0.14560122279942742,0.2822920291879448,0.41397062930162776,2.434030075327883,0.25642281612278045,7018,0.6713128627075519,30,0,0
30,0.8861843226075586,0.5940359882113788,0.5385181507718385,3.058690381862453,0.680155825552212,21421,0.19741680168133074,19,0,2
3,0.051501080096101194,0.006558337886742205,0.149805380784096,1.7078216493661342,0.4159929384708629,5188,0.7803419362288674,41,1,0
23,0.6561643251156458,0.42523571094928153,0.35706315751832585,4.373322609169362,0.49146869114580854,10974,0.21805087959743574,6,0,2
4,0.6866670813105865,0.5194331329695673,0.3530783366667636,4.49893578840516,0.6130490509935234,22464,0.5486160474480486,23,0,2
10,0.23519510942806374,0.38743263375055376,0.2927175074976094,1.562108742347637,0.21363977779588691,11151,0.490394939193351,65,1,0
21,0.6867798011363064,0.38553236740176566,0.39672213964136926,1.822744095466,0.3631949473847126,16583,0.294170956920209,10,0,1
42,0.7375057572256366,0.6403178412063546,0.5289602302793992,4.6374141142384655,0.47880964488694405,16395,0.20789875034372507,12,0,3
10,0.1408589003803443,0.306201454051486,0.28735773196753456,1.7387201412232778,0.27863270033303295,6071,0.9940902042310239,18,1,0
14,0.16042056228560816,0.15650460959844664,0.260142708356869,1.078393670911486,0.0074877588908776275,268,0.5516976671173242,76,0,0
20,0.8601478839227461,0.5051805110419845,0.5807759130958139,2.9181162575617323,0.5300585916016627,19745,0.22309994733103589,1,0,2
35,0.6769400989727492,0.6184363050497845,0.6616313057425369,2.6164350241506793,0.7441045966070745,16679,0.25492364496098874,21,0,2
9,0.23428516772095234,0.3442622010539324,0.04695077379108708,2.760431248971136,0.0178069328151092,9780,0.6766059093037726,83,0,0
5,0.5691980023040629,0.516421252759826,0.7348244052371629,3.680341547299488,0.6034132817942914,14700,0.13949802107015363,18,0,2
19,0.6939090574824993,0.22334890894255655,0.6397102568387998,2.429246236584471,0.42591411211179253,16994,0.7052043308120686,26,0,1
25,0.9179497817895599,0.7545968846156466,0.5816529057199105,4.274883381504976,0.6864402887317591,10261,0.3492939258599478,14,0,2
6,0.3421841190098469,0.4164255533978355,0.1825229788685703,3.3554439665028735,0.2524106235379272,11816,0.8418391458911799,37,1,1
50,0.9534040468587945,0.6992905771028608,0.6001795717743563,4.962472748688608,0.5852192460239172,12428,0.38115451601096934,11,0,3
15,0.39902084917345726,0.5656725475926357,0.6006934284053286,1.720038033984889,0.5936455008886647,19809,0.3395571381932837,19,0,1
8,0.7004817480193819,0.47725627784548247,0.3030030526044716,3.227135305088461,0.5043102002175655,10383,0.5876212032226406,38,0,1
16,0.9172183776834205,0.8066893167821074,0.7450902721248467,4.1374936207683835,0.33982696381021144,11422,0.35870436206167666,10,0,2
40,0.8515736013403297,0.8459801052610618,0.8854921462660678,4.449033702797236,0.40421752228817154,37542,0.42947834271031476,6,0,3
19,0.7515372263419474,0.8362553950331217,0.46980417567446464,2.954644142140055,0.3355901181590431,9130,0.31450883341115843,8,0,2
20,0.597270987018637,0.4013661849334831,0.29445715790190585,3.6192144524004513,0.6284442213164831,16875,0.2743004118891517,36,0,1
20,0.8968847701607228,0.7201290004274642,0.525812091695427,4.014378239363939,0.5785034031565643,15145,0.5433064407686665,11,0,2
30,0.9581259890234459,0.7835955952068052,0.7651771968641281,3.51409453286416,0.5364456975168274,20514,0.21775381273609534,8,0,3
18,0.39994287002790246,0.5197769131886556,0.18634107792040547,2.748212868690284,0.3729826352022029,15594,0.5310457270146152,40,0,1
6,0.5602147545068241,0.5486410577926204,0.5620948073472808,3.682703408106419,0.7374486172989632,5083,0.612116248568843,24,0,2
37,0.662887653672597,0.8049830623527686,0.8721395327974778,4.236103348574372,0.8351113288164345,33403,0.20333703499929157,2,1,3
28,0.7380048538291295,0.7992363014044023,0.6017891401711213,3.9632696930697247,0.5778938687699892,30716,0.1976029631549851,16,1,3
5,0.1358620286913371,0.11548150215031233,0.257559530412431,1.3481022227300694,0.01568965784266151,14163,0.4585585239092444,33,1,0
18,0.5036457855755271,0.6305412442198508,0.6288865345212047,4.339269816056149,0.5779560085371602,7137,0.26209316577105785,13,0,2
38,0.7458863945623968,0.641166412297658,0.5965664322936466,3.2994079359139157,0.49917646658210474,25432,0.06955792444554376,7,0,3
15,0.40488229159259354,0.5313612116840889,0.604859155953888,1.8341709375212978,0.32121640419118835,10533,0.5877889027091594,24,0,1
57,0.8978634184541199,0.7198383647065908,0.9837556318068889,3.318608041237961,0.7677400965171695,39788,0.3209299794276777,3,0,3
18,0.6666047284551312,0.24938452569937564,0.5738056871078246,2.14102689492763,0.6132503095221107,4392,0.4340011781878699,39,1,1
34,0.5306502925206393,0.6160527321688143,0.6752459042048581,2.713102494432226,0.38512957606271797,28771,0.6396221576413529,5,0,2
7,0.7093879663634479,0.9850597274219499,0.6004295449311471,4.650401534831136,0.512033977463825,14951,0.2694065045198095,8,0,3
2,0.6433262580381733,0.20548182656577169,0.200220208930983,3.5273735592229785,0.5687813673381619,6330,0.48708946509858203,22,0,1
0,0.26578077091115804,0.0742937138107011,0.41640426484655085,1.4013282333768848,0.3229278165086667,10533,0.7167664022485847,63,0,0
9,0.16804214148968627,0.40185271200830863,0.20984049717569533,1.5672060545192654,0.1377068585465492,13129,0.7436659099581961,37,1,0
2,0.1568359588079266,0.43448608253200105,0.38022726310474625,1.2521052179048138,0.04675110948644128,11275,0.7011122281699909,82,1,0
9,0.24367200470580633,0.20680842467469734,0.06994498676658263,2.77283277561275,0.06871356470095237,12751,0.7061546927200539,84,0,0
5,0.6481500929838317,0.5670622718284843,0.22419268910873882,3.593945506029667,0.5819333779941042,8667,0.45885732850472444,42,0,1
8,0.7301261626007187,0.303256582464892,0.6457988877649926,2.1849102684273873,0.16858764402482299,2869,0.5427745838744493,37,1,1
24,0.6244588202392598,0.4334837045818989,0.6085108559402782,2.745775468016022,0.35960000363536726,3140,0.5507396360070448,38,0,1
40,0.8905079268911659,0.8600669401772912,0.6271122899487467,3.227913269428634,0.7592849778300949,21354,0.2578297029282267,0,0,3
1,0.3323325302534043,0.22225448103465206,0.39326565572365985,1.185955985025652,0.3420161349580942,6844,0.7781118634727192,84,1,0
19,0.5801288856612458,0.4573748173825974,0.49468985397725335,2.6090237798217184,0.5469245978540501,2493,0.5455097779254449,17,0,2
4,0.5611576782271321,0.616379334226357,0.45068381349503317,3.0327812125425,0.5664279043089605,1216,0.7140509265432178,7,0,1
37,0.8172002118080797,0.9061425124264962,0.8402283131796626,3.782085526116349,0.698353558188813,45903,0.23670044074745628,16,0,3
20,0.8786210045738276,0.5162834356406883,0.5690726953735565,4.303819143497778,0.7831128628529103,26399,0.44671875220115487,3,0,2
57,0.8503023642097934,0.7420417213117219,0.7309714252877938,4.957262574801061,0.697628703207932,47900,0.12802378255247715,14,0,3
6,0.9303322531388398,0.8292603397029554,0.7327350043849918,4.8117822095755205,0.6976998304679316,20740,0.21119226109215294,6,0,3
7,0.8296273753912955,0.6048919978216429,0.6348883069233073,3.542347449827075,0.6393941111301225,13982,0.18560639601887496,18,0,2
14,0.5308940280409223,0.15666228315041242,0.02599483453743079,1.3401630265346607,0.3987085581196157,5094,0.8572219307846956,19,1,0
21,0.796803795129309,0.6141618101500943,0.7050253057707171,3.254357583568487,0.70287344608906,11436,0.5435215505856159,3,0,2
14,0.5320424608443126,0.5281139952044033,0.4897540113682777,2.500463612092065,0.15362621400757223,5081,0.7213760825727986,9,1,1
19,0.27150698219002767,0.22227831580882662,0.45702180348628174,3.763241745451629,0.2425825227081013,11740,0.8094702526483859,24,0,1
14,0.1307511492530395,0.4126575715151716,0.44856673923192736,1.1403238724219809,0.2456129185285125,8751,0.9143439493595963,34,1,0
10,0.4539300127954567,0.4144271806533192,0.5735787285015539,2.072026458722876,0.44655297755608225,2983,0.6636040693795626,16,0,1
7,0.27393279945305354,0.584593394997964,0.6339060684957615,3.29078312501128,0.41882423199383956,3438,0.6319266931460346,26,1,1
3,0.5068263359106648,0.282767646346933,0.18716543617679007,2.6989228558512988,0.4287591323336376,19279,0.26742326959586465,36,0,1
10,0.4875988597284747,0.2855054272091142,0.5933671959729522,3.6004649248231266,0.6267861119175794,4183,0.2917490701261474,13,1,1
2,0.2674138856931465,0.4949728050378616,0.1398168984230627,1.898011158494086,0.13045297142311704,13167,0.9157357195920792,63,0,0
19,0.624626860320341,0.6947839245700087,0.3510455327593686,4.337494609608503,0.4377149518197364,4328,0.18971307131417334,18,0,2
18,0.5610834620868039,0.3077409913927873,0.3575390645038995,1.7168347491675529,0.31341015312586606,8355,0.30245961849618547,12,1,1
14,0.7185562469607361,0.48000199461445914,0.5146332029183167,2.1726245602940106,0.3054230777586966,2107,0.550417976677186,3,0,1
5,0.3568665807819832,0.29712678359995937,0.17366464370393564,1.5806412078671324,0.25288885769118713,629,0.9901142330487778,28,0,0
5,0.6855935231751589,0.31416541829665523,0.17587273983455057,1.9996920211358884,0.6328128614187962,10229,0.6441359407928108,41,0,1
8,0.5146492169821278,0.4264665308986106,0.2373425149989886,2.7695138205249155,0.013526240490899328,4384,0.5420810620362704,32,0,0
13,0.6893487919130379,0.6472694261202955,0.4249942079329765,1.8132005274316136,0.5166024024764883,8270,0.5644669247361731,39,0,1
10,0.27013908136769393,0.37621551277637033,0.1665870788778869,3.669275194062703,0.34379083371841657,11854,0.783571277244558,31,0,1
14,0.4755380359124298,0.28865562676132245,0.42457784539511956,2.9787417787697477,0.5079250077634055,16626,0.43266606939422436,3,0,1
27,0.507196794161536,0.5388370733534408,0.5434301013844199,3.549001148437953,0.4162840371284143,2234,0.24303451142320487,23,0,2
1,0.34077290512247843,0.34929013572639506,0.05521756470178816,1.8199626387125654,0.05400582998660133,2153,0.9683218895263409,61,0,0
22,0.6241594005612454,0.2124046650212829,0.1650960076685943,3.733466654843985,0.2304685056012092,16180,0.41799252967245837,21,0,1
5,0.5474418380349708,0.2163357669588471,0.12192917921104827,1.3020262348542124,0.4455388685605871,12849,0.8388922791360742,21,1,0
2,0.39683273538997804,0.14446892528585847,0.3305799181945049,1.7899208552206975,0.36491888503278413,4791,0.8776220559410586,16,0,0
8,0.9931619537823322,0.9348315962812117,0.9179990318906047,3.2543995253748994,0.8837175286022745,28879,0.12691053907834743,2,0,3
9,0.5640117850546978,0.5147269766396528,0.5564173020503922,3.01678529574074,0.4283402958251317,9863,0.5793289674198492,16,0,2
14,0.29252181065303556,0.4407176729788027,0.4446358806185433,2.106217787112782,0.5745683180805611,8458,0.33752147617233763,36,0,1
23,0.36447116806972263,0.29640095133322963,0.40119926392176786,2.6272742430915983,0.1733179502307952,15876,0.5239070540330741,21,0,1
23,0.45043682592888173,0.6413200919726139,0.6601316346923825,4.365279387599858,0.7278218320724733,25212,0.14753354784598058,24,0,2
3,0.55525658204608,0.5648863186680786,0.23131414815785853,2.2208327913914796,0.3559798399478994,16989,0.7402763693020868,7,0,1
21,0.43415519104336586,0.5138663677811328,0.6097653144564162,2.7932497563653023,0.19943316922800733,10111,0.7039614989763128,8,0,1
37,0.8400159944171239,0.5423380430177258,0.5764306251731051,4.223750298031616,0.5884416374884729,6931,0.5275125667114905,23,0,2
17,0.4825021768276956,0.6137315318870582,0.5486767654765288,3.375292605315204,0.7124185796978699,15844,0.13656022161504436,17,0,2
38,0.7786895491387422,0.7016810417133779,0.35033646876673896,3.21249978920756,0.4705100861280169,11554,0.5248260497950064,1,0,2
17,0.5194096836248345,0.38841778050808284,0.32839812782746725,2.5777335500628196,0.16624066101794735,13296,0.2963760958902795,5,0,1
19,0.5530967687120703,0.20218699114150468,0.2157853559394631,1.8092511937642481,0.17261481546010746,17826,0.3531007341501497,26,1,1
20,0.6049477166907268,0.4948898003890392,0.6069073991681062,2.847837668200082,0.22013360672958446,14169,0.7859239531305051,18,0,1
24,0.48695988045559596,0.6705701675729201,0.3475381626940963,2.0299705351729758,0.17160684977499915,5749,0.647498123910567,16,0,1
3,0.5347614712672832,0.44466389100972015,0.06418954681042933,1.3890599498001064,0.053143540635005294,6863,0.4916723641860803,53,1,0
19,0.3538746365060952,0.6577364937867576,0.2073931393303062,1.6649341980353451,0.49457861586225416,13269,0.6643315842397869,29,0,1
19,0.6945461991244801,0.40731003119823894,0.6416207182361994,1.9693680343241557,0.23488846987906106,3812,0.8272452268223338,27,0,1
2,0.5045017227413091,0.31595056088445744,0.19921877450049538,2.9907865126529503,0.18320820224071746,6243,0.510020169218101,43,0,1
21,0.43726807622552055,0.5017087892361416,0.44045694912313915,3.1762910142133145,0.5357749676439085,15526,0.5078906188848291,24,0,1
4,0.6874885293120588,0.21250205642529607,0.46751228307080483,1.5058133646133907,0.6086515727320253,1382,0.34069717491293594,14,0,1
17,0.5446058617263102,0.2255658190533486,0.5281658932400796,3.759710097440546,0.4674757578804909,6117,0.5606443942626773,41,0,1
7,0.4713328594309316,0.39829546819882217,0.3999008696957185,2.1420167379493398,0.05505558802079672,12870,0.6914448139701126,33,1,0
9,0.3119399576057955,0.3164943070962092,0.04351972588822916,1.5464728389278954,0.420192953913038,10427,0.5423690491580316,59,1,0
10,0.6852054142791502,0.6363981625397214,0.3055962221771883,2.451382936144416,0.1774767269343133,15253,0.3520641292072456,11,0,1
14,0.07881408865787887,0.16689342737296703,0.36364454122208034,2.5470136976018924,0.16848862960603356,2437,0.8235319709367761,44,0,0
32,0.5523248810997312,0.8588047106440786,0.5881703516646156,3.6746955824860557,0.6384883761555142,11046,0.24740632528577855,5,0,2
35,0.5999511849361527,0.4225564004814964,0.5554289849036899,2.924555030571029,0.48677014815714775,26878,0.24758688520106162,2,0,2
23,0.7094100896984192,0.5669355534634659,0.7733959578536682,2.7247720986445216,0.6824394150442343,25416,0.44515581312885555,4,0,2
7,0.3026452538225479,0.21632391231405218,0.18312116041410603,2.900246910914731,0.07552418461416413,10232,0.698582927102615,44,0,0
26,0.6056388499071504,0.6482605252928941,0.35833905511744996,2.6817530767392967,0.7271290307769698,12916,0.19349439715970052,1,0,2
9,0.5333434800152516,0.643815372115076,0.6358692443115864,3.3141535587579605,0.7802842681617175,4670,0.5173888675772457,17,0,2
12,0.6554142152658282,0.6557569779526693,0.5256329962457467,4.35057638958631,0.4839253473037292,9624,0.3587603258224362,17,0,2
14,0.5025289001352043,0.5774893665745815,0.5791780275795484,3.7579725999778155,0.3171231870785657,12414,0.7556314741236811,29,0,1
22,0.6871482801110871,0.5339668677278712,0.2607967152197237,2.8181942235268984,0.42003285764208587,3228,0.6620927295953776,9,0,1
11,0.5282405171662063,0.4243942938695777,0.16405657075091337,1.7476801719309039,0.23546612166996664,7607,0.521499429762457,46,1,0
11,0.5484284303922455,0.48159904622408056,0.3746756583647731,2.2879771738016745,0.4789754140597071,13401,0.7583256925440331,14,0,1
34,0.7100466006228101,0.6192725461869449,0.7408487738536269,3.2195788267638594,0.3673736325654537,25726,0.42241449140477993,22,0,2
37,0.5445939804232021,0.5689262899512528,0.6028766494969577,4.305084229685907,0.6476292003777168,12057,0.29376629490721795,24,0,2
36,0.8903560959536353,0.4482701114000533,0.5049386149939816,2.790450039830498,0.5327528332637399,17982,0.2015581852415337,8,1,2
14,0.4547353709443886,0.5353800108557669,0.23232734412801478,3.367676573959786,0.3050109231080512,7985,0.8284874775193348,10,0,1
17,0.25774122956875767,0.40918445506600354,0.2856342932415884,1.7547215680101709,0.31429608151402744,3366,0.4346497099646921,21,0,1
15,0.8096411018645643,0.8736100535761716,0.6393774470930134,4.096968485860851,0.5565850081652821,9378,0.442052931706133,24,0,2
2,0.5354289509654633,0.08238640095594296,0.007872996368776098,2.1913869916271365,0.3137734558691764,1055,0.5470756026727045,82,0,0
24,0.5012013967400634,0.5777473285071074,0.1518725473556424,3.604676560141254,0.17296501611454498,11447,0.3004660595858114,24,0,1
39,0.5425372997345713,0.4882166392517926,0.4132663631780145,3.0048034298843023,0.5358315913925802,10235,0.27593376716726986,4,0,2
10,0.254420752657196,0.17366688286553172,0.22495858051311346,1.3946828363825785,0.08308224303179192,14778,0.9413689422643741,62,1,0
50,0.7712065123812903,0.8159124247658532,0.8310560050532823,4.586814516295675,0.8475551252882048,30005,0.39150831865836644,5,0,3
9,0.6972587836561794,0.7685806545441815,0.6230568031196015,3.20715024726455,0.44579406408057864,15828,0.37097088167105163,13,0,2
32,0.46947120174511225,0.4459075340913837,0.5674105905044747,3.754628274020525,0.7866971457180216,13882,0.10683407658666275,21,0,2
21,0.5056478731230173,0.32437163314559114,0.40777349703757104,1.732587932817814,0.4693696281446189,17738,0.4391683078623535,38,0,1
24,0.6960013769817118,0.5393224505788141,0.7186553954460891,3.1090463783027666,0.4506958978831796,14420,0.4637482165137182,7,0,2
29,0.6269150323847261,0.4032623433213337,0.44093642123893434,4.100305296783501,0.6605796341069385,19145,0.4044196486093532,13,0,2
3,0.7498366026210461,0.6765887691315695,0.27583221752273535,2.3553607989447047,0.4008514920881745,18902,0.7834577456297437,23,0,1
8,0.13461753291807174,0.2639371039447812,0.1847633844460225,1.5778868359297074,0.09570515760436475,13557,0.5953890919038028,25,1,0
5,0.7332046480617145,0.4538920934755605,0.42177195732472106,1.9952602133160824,0.6162479372568698,14809,0.8399545665769419,28,0,1
28,0.48814718549794583,0.8212922458373672,0.7971101777686485,3.302505166407456,0.6018721442816282,11411,0.3818418728091363,3,0,2
7,0.5385387213158828,0.47775448919774155,0.4851318434137959,2.8103280563108464,0.3130925306389546,18616,0.8238988748662591,38,0,1
31,0.7063804600325728,0.7176691497157239,0.4822075117944474,3.3089821289038186,0.5309626021028675,27712,0.352779752301023,1,0,2
44,0.7370534540506009,0.9199128088297077,0.7991636325612135,3.6833490037938414,0.4845757765130616,45849,0.274191018097827,18,1,3
58,0.9080918221328367,0.8289711037733862,0.8664494591706708,4.197063151368731,0.7187899123408354,19499,0.29521554491134666,18,0,3
30,0.9009519259890437,0.8162451301366491,0.5114271587957444,3.536637444858366,0.529324949040538,29843,0.649623947504342,9,0,2
35,0.5822547016209166,0.5944518662021712,0.40182010433129167,2.7488684158935106,0.7229826280492666,14894,0.5223817167953929,6,1,2
29,0.8373674474054332,0.8080672439514928,0.6172806466674143,3.327367602930603,0.8734965079532389,39703,0.10178918877318022,10,0,3
10,0.49582861545802137,0.6820609535752522,0.7628952025683552,2.5703139840970026,0.3742415915026422,3461,0.5414104938917432,23,0,2
4,0.158260581903269,0.47653716111103134,0.2350031826466478,1.1564113138221894,0.31727001232149055,11444,0.9043603735024871,85,0,0
5,0.45457189395881115,0.3033733228701196,0.6459985045074256,3.025954142937013,0.1874720063492484,14502,0.5752212313036709,28,0,1
15,0.6441604769317578,0.811998607254844,0.4137277602439777,4.254814690790294,0.4361428303540671,14380,0.18543881638050932,22,1,2
5,0.3753620084771249,0.4300602206987067,0.2602142304015234,1.2078706459446045,0.369564502449979,8911,0.7722486248281202,14,0,0
10,0.4786364992087384,0.49767423738655003,0.7707018709495289,3.392709158859852,0.7008097429910167,11624,0.5993299723143825,22,0,2
6,0.16121153352340334,0.04136590366050258,0.13606606519917222,2.620665015151671,0.3642653628549757,5535,0.4862058618128622,22,1,0
8,0.6540045227580497,0.8731857565361464,0.43004782643052486,3.9950259411649536,0.7478220765319175,6975,0.5104398898304586,6,0,2
4,0.01793097462829615,0.48901720604725685,0.20137512263564455,1.0062486992947433,0.040974232639259,2969,0.6441609847813973,51,1,0
34,0.8274012116152789,0.7016353396676751,0.6045839117319056,3.5624020936391925,0.7631399809242037,18059,0.18817625925181392,14,1,2
20,0.5474580104594358,0.20893924201740904,0.3769266278425262,1.6947551570581867,0.31951427487195483,15003,0.3373406551915007,16,0,1
26,0.8665554617341873,0.42519122084786926,0.5914116760348129,2.5352903203572117,0.7206698595030241,6350,0.5328327566402082,3,0,2
32,0.8131553644202383,0.5491433575894948,0.44305895421986485,2.953468453796723,0.5545409142832356,13744,0.4512994002370708,11,0,2
58,0.6668206234689619,0.7421449807273583,0.8669549594768509,3.849054850392724,0.8950784005996691,49628,0.44786336296308643,15,0,3
21,0.6742840373264418,0.5303988118545546,0.770543110529837,3.7036526972660955,0.6054797497161273,27848,0.5425529335340725,20,0,2
0,0.3477774552693374,0.3429075830860223,0.4226381377355257,1.3668189272347016,0.10775466633847589,11695,0.7563257352191326,30,0,0
13,0.3612605220887232,0.47410188639607576,0.21470150029928395,1.9039157289616826,0.36535831080400516,8603,0.3789227043094807,23,1,1
26,0.7385703444484951,0.412896473941569,0.4950461710112412,3.7588474222342008,0.6168984879963644,12695,0.21259267117730574,12,0,2
17,0.835216489940926,0.43346532440019014,0.6080443214100475,4.463794280070491,0.6685317588220876,11894,0.49761186973123206,7,1,2
29,0.490941366046874,0.6796162131715533,0.7421698437908248,2.5058234356675775,0.5313439158439135,29742,0.3731548668142275,22,0,2
29,0.7925688081095204,0.6749250558184416,0.49240455944005596,3.918254382971875,0.5909326332523539,27975,0.2608429925242337,24,0,2
27,0.9094232413581798,0.4501193773590967,0.512044833851951,2.7125570231410716,0.4110410941044949,16377,0.45073656807306084,12,0,2
32,0.7708467243707735,0.5241812547595046,0.6934175259855027,2.855759590921257,0.7304054313433688,19671,0.4652840207799652,23,0,2
6,0.8571610585874495,0.8140278875734634,0.6470839866717389,4.216972825319583,0.8750199930720111,27950,0.36951327889397934,5,0,3
53,0.8925116255421788,0.8262033389291895,0.9200607513706094,3.5137676952914294,0.6885436004518418,26377,0.05240403249878606,4,0,3
15,0.5629031336079412,0.8718710558151138,0.6204910253283362,3.8517852456604214,0.3079267726867835,13260,0.46047863324157035,6,0,2
49,0.7042645658547105,0.7906477936505648,0.9945924549066795,4.126877854696918,0.8870513301194259,36539,0.27456516813858634,18,0,3
5,0.7152658287593252,0.6468289654076693,0.7827257412949775,3.085030040682062,0.5563025265107939,24731,0.36598495371341644,10,0,2
8,0.7385465587962344,0.9467975040046094,0.5513962022463328,3.6450559556928304,0.9679827725197643,30840,0.10249060476340821,5,0,3
13,0.2929053858547194,0.5360421953030314,0.6152810135177863,2.525454158657051,0.44059267136605673,14961,0.7519121166685473,15,0,1
8,0.43855529782596264,0.23099917139697423,0.1592872865904887,1.7276042168646697,0.02959549642555905,6690,0.6211592171116954,35,0,0
52,0.915984393128155,0.9181367351836389,0.7399485407960367,4.919653036151858,0.7403024679516313,39593,0.4133733840131235,7,0,3
6,0.9041422954251468,0.8764887430438617,0.7466384233918998,4.584187267521086,0.8937750677328916,37704,0.00709502469788359,16,0,3
16,0.5022681112489629,0.7200311343316431,0.779271538636884,3.936203475912045,0.3291376507802872,26878,0.41185677898109474,7,0,2
19,0.33341911721041734,0.607396000817948,0.6350383094550005,2.6883030253008586,0.2441973837002461,4974,0.3603074361335787,36,1,1
51,0.6867042082863684,0.7617941798727403,0.9699098959634209,3.221615924359614,0.7757057029558829,37631,0.2660108394921259,14,0,3
38,0.5781458042368678,0.5517832588303985,0.7468889998132734,4.000543658943544,0.4612249048553248,25555,0.4342403945248525,13,0,2
15,0.3904416365337999,0.41653805129339627,0.6289096619066296,1.6188230044066763,0.45065418190735207,11829,0.5524449681040531,20,0,1
16,0.4712456568340187,0.4168112934508369,0.3544218308625341,2.2219225590126594,0.2082723049993163,6803,0.5946218345434084,18,0,1
29,0.9133110773052984,0.536348026739406,0.7125937632319991,4.365542559812189,0.7948682988561355,19206,0.2104558125962065,11,0,2
10,0.5437075818963334,0.6480141826624966,0.34801217315117305,1.880926136643394,0.318039193871119,5492,0.7117600907768393,35,0,1
16,0.8767670920062379,0.5944713057656352,0.7684710173333387,3.449442254256426,0.33599040923166085,22714,0.10086868159285153,10,0,2
8,0.40900485240714907,0.381089378779073,0.3227904366743487,2.939034515452664,0.5738951351814372,11940,0.6013084254886478,9,0,1
24,0.25557729365591525,0.37808926716421054,0.27234309406163626,2.4782087456926525,0.6294004771294239,9336,0.3552729821181646,20,0,1
15,0.5412565484516587,0.6196361594802073,0.39300159678125085,3.5801586438443915,0.5280497633312958,9902,0.3636786892449061,9,0,2
3,0.01347320246339029,0.08494079363557394,0.38173241968884836,1.2826299468055136,0.13692359257769515,11827,0.8982757542576169,51,0,0
52,0.9104149250496905,0.6466784256566726,0.73169037410781,4.493751432271646,0.6821914324610714,49546,0.2744902247208209,11,0,3
10,0.020767526779120395,0.3087282901988802,0.016785246537665183,1.19953424524428,0.33787366365885046,2520,0.9231954243982801,43,1,0
41,0.8849002308884177,0.7992990791395761,0.6358434855345021,4.333943033981814,0.5083567589051805,47096,0.16670366107955525,18,0,3
15,0.6293970713521564,0.3440747445166875,0.25441851022599193,3.766957326201719,0.5587404675450701,5943,0.6535892436594226,26,1,1
38,0.7240700770228485,0.7029037087697059,0.511996588450576,3.119466497892024,0.38870473506059117,3389,0.16939327458180523,18,0,2
11,0.6690746575494898,0.7494458837421747,0.4093130734535057,3.707840887324455,0.4530979602410406,22704,0.17356838229235122,19,0,2
38,0.8359430138907369,0.8980258192480881,0.842983867991492,3.9565105891518475,0.5702970682141122,39304,0.0238206287182533,1,0,3
58,0.9434682673173947,0.8310527816366189,0.9340614067452655,3.9497730870124372,0.9682215926432338,40437,0.22745944475379354,18,0,3
30,0.8189893189026858,0.8570290801966487,0.4836030534206194,4.273681805663214,0.5219279955702847,4409,0.42715799263812726,10,0,2
29,0.8883637994839182,0.8137823565028988,0.992175703701452,4.572551913514189,0.6135840242769116,4141,0.3550677158990329,12,0,3
22,0.7500247713876029,0.7304024375423511,0.4362520934736234,4.499503126858089,0.7167870548228683,5970,0.19608972562683213,6,0,2
28,0.839811020566916,0.49093284792035335,0.5396800321296307,3.4084288395304947,0.47078481647213755,18226,0.3310397623886904,7,0,2
29,0.5946203222932266,0.5335684771930095,0.637257529308829,3.280575817326273,0.3183148487994097,18978,0.6243283456879262,10,0,2
23,0.7231957768774799,0.7406160644536876,0.9289931269613529,3.9909042069219636,0.6449838056556707,46171,0.19316158653823295,4,0,3
2,0.1649687912475853,0.02813497210735527,0.2896347588975159,2.9451790735031147,0.010101135222802033,8299,0.514132422457188,71,0,0
21,0.8878980476301495,0.4361446881272655,0.6053494436104534,3.5463160016119653,0.48138356656873793,19042,0.5780168878545691,23,0,2
11,0.135265467839067,0.48697510382888043,0.20448160146893868,1.6405034607403621,0.3746931760136882,14792,0.9098444368872252,87,0,0
35,0.7225296771528198,0.7620992352110755,0.5870966682891268,3.7741575206712614,0.4664490671913749,18848,0.4835263407130174,4,1,3
11,0.3205793646157032,0.35036854966715114,0.0682529132445141,1.3910967967122043,0.3669625067540288,14644,0.5994273639265724,44,1,0
20,0.759149730138122,0.8220757424140291,0.7259931010446684,4.199685209194048,0.7931640867800631,26968,0.3751835106218123,24,0,2
8,0.6690796007005433,0.5513135531618261,0.31985727191804214,2.5551670669001636,0.170009820369503,8084,0.4233746914844303,7,0,1
2,0.4905313418138216,0.055798510003482626,0.24026053434252304,1.458801253393045,0.009783363526503691,4185,0.5096278441379704,79,1,0
18,0.5374767466148207,0.447920015552012,0.26913120666996504,3.1603920201822993,0.26846393075559116,17291,0.44729982812871416,30,0,1
20,0.6018568597831786,0.4571711372208238,0.6577888084618135,2.8790380864747536,0.6442006453546784,27019,0.23928904933114395,12,0,2
6,0.06875595104941401,0.061056310682996995,0.24821444736298537,1.3934657328563607,0.19618616970017017,6327,0.7254650253290997,32,0,0
39,0.5154460169592315,0.5150299767796271,0.42674212200420164,2.599729152988358,0.31002299976628234,16925,0.6101343586393035,2,0,2
8,0.32132024171104195,0.17319235851859482,0.32970238650030087,1.5372359141875986,0.1950002439862236,7532,0.523048950487645,30,0,0
21,0.7939392908048792,0.9444272079898887,0.5203770530462364,4.508507088687726,0.5878971968903695,17138,0.4488373363389783,15,1,3
25,0.6747346940712468,0.7941483638657667,0.49748625165325766,2.68621431301678,0.5846406914752622,14175,0.2865404928887686,9,0,2
32,0.7725763863451097,0.6737851485675425,0.9559180174799555,4.013676863640965,0.7293031940320353,37888,0.11163169275259816,8,0,3
18,0.9854895239091195,0.9642744793022853,0.5794691416383783,3.1398632114188683,0.5608834120573081,15497,0.34109694031330523,4,0,3
15,0.6818115004599767,0.6857009243043231,0.45669521403180247,2.0009379647677696,0.24134740635569138,5611,0.3516800253330637,21,0,1
37,0.4755990422624137,0.7386953462964607,0.3564678282999999,3.0947866641239794,0.7474346003527599,3883,0.6076115429553336,6,0,2
16,0.8922926822180373,0.7176178458310465,0.38483519839313773,3.1223894756080184,0.5019881416515417,23573,0.10099661862808842,10,1,2
8,0.7958814381694348,0.8195265622281835,0.40209202081084605,3.619434871856627,0.4170995298940451,13957,0.33073254013563436,13,0,2
13,0.4374822745372646,0.5109409819451967,0.3149079044281805,1.9136422277217449,0.3706800393428107,2188,0.7063012026503439,11,0,1
7,0.026263567593118094,0.3945903262196575,0.39785037925518807,2.815652289858571,0.38356834386715133,8512,0.8883728702810338,19,1,0
8,0.48690549074342143,0.09045124372895647,0.41691649532013136,1.800621798462226,0.19677454610147568,14977,0.601224570927715,22,1,0
9,0.3757565198382004,0.6980726210620959,0.23212053361157722,2.6219710081574776,0.5275715250580707,5772,0.30368702978945045,30,0,1
12,0.7084361638312672,0.4543838101111685,0.6250136854450608,4.41956757287543,0.5703787509436782,19273,0.12479887080296446,17,0,2
6,0.6476435223986112,0.3220472862463012,0.4240600324909092,2.3871843541696163,0.3093991808752756,17128,0.6636032933200497,25,0,1
11,0.8068761019205966,0.760861401936283,0.7322614557126481,2.7649379080357095,0.4334496440493859,6541,0.2864466835888653,13,0,2
38,0.6720822581252051,0.43083451641142045,0.37809992373826584,3.2053822403394694,0.5777625340313598,26708,0.25509964397673446,21,0,2
21,0.6025172611316664,0.5792278736545633,0.30487928162931033,3.059819944554856,0.4217447288543169,1875,0.6505643378362018,13,0,1
2,0.4670833003640864,0.3081264134185507,0.12114446360147914,2.8768120632185803,0.21577357641521686,7444,0.43679258970104073,15,1,0
7,0.7022126711585751,0.653127118368934,0.5314277389481858,2.0360152266066156,0.5781870491074012,17965,0.31859386847147514,18,0,1
4,0.4795795651879557,0.37318175155424715,0.4543437639414004,2.87035732449693,0.2539441770524985,17043,0.6098117885368357,24,0,1
8,0.8967795275038309,0.7707155621346997,0.500615917583213,3.4547146001921973,0.6571783281822854,31011,0.33150367307088796,0,1,3
47,0.960316002132731,0.990026865178057,0.6294913258009068,3.7513445037634527,0.456254152387334,15466,0.19955009403686153,19,0,3
29,0.5332497577731794,0.8174470352049581,0.663539666720932,3.333272074827501,0.5158301070718917,20700,0.4096571187444147,10,0,2
29,0.6256898111674911,0.8139950185111844,0.6308510390205445,4.203938507111683,0.6120960364481352,12077,0.5936407423072755,22,0,2
6,0.283398538631086,0.6405986697778204,0.27116490572686947,2.582748509835715,0.4277593333512979,542,0.5994223378950092,36,0,1
13,0.5121289639519178,0.4376464882827541,0.3046344393960948,3.1978413638463477,0.2852345528082544,16576,0.32745780991578,32,0,1
13,0.3987537534460217,0.1555014065765456,0.27733844243101236,1.5456341575268406,0.3297330964511066,6787,0.47914879504643376,33,0,0
21,0.6385805981027974,0.28494333740331,0.21446865270990859,2.4801485614366645,0.2909128395498424,5954,0.5340526783800674,9,0,1
28,0.7113655944612685,0.7807794405196157,0.9414531345687307,4.718831586561178,0.5932648025375113,20087,0.13577352370562118,18,0,3
9,0.7362572410798713,0.6724177265103686,0.6074659508851482,3.3235424278253802,0.4408956323888551,10374,0.8355360027375393,4,0,1
25,0.8133962455916164,0.4035481126932607,0.6559872695402194,2.714493666991692,0.4276162171721417,5395,0.18162093306741847,5,1,2
8,0.904867286694788,0.6011853637321865,0.3784323935871019,3.443397533782419,0.5193423514498967,16838,0.5838957396458269,13,0,2
6,0.5893879917602145,0.5014544057123427,0.5615141543978822,1.6254412195528465,0.4774156791970018,7178,0.7830590230864576,39,1,1
19,0.45241562496521337,0.6266686843629781,0.39348826287419214,2.810017334833509,0.7087826647722985,9358,0.29614198935432867,14,0,2
42,0.9855458425927461,0.8883252385242026,0.5412542672202106,3.2783960492350595,0.6710180915390096,14120,0.32140945740008714,3,0,3
58,0.7231215511653761,0.6977412621858619,0.7903786036136639,4.653677767423755,0.734687935306642,23961,0.40989890249236377,15,0,3
53,0.9661028705368192,0.9083943702141914,0.6919235759338982,3.5320385560107614,0.7463498384611679,37395,0.2573418085607195,14,0,3
20,0.7565693021225537,0.5790399210720942,0.7754726872517751,2.5032023750980574,0.7915099990381792,15015,0.27818860109055477,10,0,2
49,0.660665253456758,0.7924247535376345,0.7661224944131495,4.041536283668425,0.9263570576957078,31398,0.14501459682445295,9,0,3
16,0.7462949379669224,0.38054982031323337,0.30712076024975243,3.0984201182828697,0.6406641455692214,19874,0.4614776706395439,18,0,1
57,0.8188823323749249,0.9349963156009968,0.763512048105931,3.461658378308024,0.7371957084800841,49619,0.33343333027546085,8,0,3
34,0.6454548295217354,0.5259928037922837,0.7182352292477219,2.8758519157475906,0.7335399985792118,24689,0.5644868422225102,20,0,2
7,0.6978174660047101,0.7951239203234952,0.5016731810214896,4.73287733505529,0.8367683060384459,29955,0.49732432077999894,15,0,3
39,0.645291609639171,0.5626302503703271,0.4172463163332324,3.5402696955693695,0.6349849620483283,17823,0.48388448500798753,8,0,2
10,0.5406583359376427,0.1211601156853625,0.24892951776154043,1.243237972726486,0.14495946426733844,10238,0.4177497067271425,16,1,0
22,0.5530547999264865,0.6346700539536776,0.43222092082690666,3.325663656168434,0.2432069235831634,10369,0.8113930776457267,14,1,1
3,0.4658664119214246,0.2520379782091235,0.46802017756594294,2.130178381086957,0.44811553992117503,2056,0.644435823696798,44,1,1
16,0.7160808596068162,0.6144485559879389,0.5321102419211543,2.0654024050563975,0.5770077652277297,15485,0.2728921635612263,31,0,1
32,0.5541131178931598,0.7393390328768429,0.6488148649000929,3.6285670034668636,0.7418810077290159,25241,0.3329473174828295,21,0,2
17,0.31726274614459227,0.41470939342612667,0.5283113940449726,3.29624112165152,0.3571384237949413,17799,0.5906956548397504,34,0,1
12,0.5808375303587652,0.2607555847688331,0.6304277883923899,2.840259394762691,0.17217343097680057,6729,0.3960114964201592,7,0,1
3,0.40978993802531866,0.2931920110464492,0.2723583409074819,2.513219379475984,0.0005655579272150325,9675,0.48773544953074827,18,0,0
8,0.9146137939114822,0.48148441666855674,0.487652665967684,3.9744384471426093,0.5743171525972918,29114,0.1146722194348799,21,0,2
11,0.45234316855690976,0.15108836570632878,0.3549915494181361,1.7374480105515862,0.0758518524252998,13664,0.6051873936013825,16,0,0
35,0.45686622864117493,0.6241014875790901,0.396636526916358,2.6809926221917335,0.5124142665884502,16691,0.269866001129891,24,0,2
7,0.8431178338032506,0.6981310359568975,0.39717608624269607,3.259198712896665,0.3195393430009776,3843,0.1664287373379183,14,0,2
33,0.7279017461498607,0.6135516640986379,0.7813751431716913,3.2396580040352925,0.5098092665408364,12342,0.10990267441159501,2,0,3
4,0.30913525503237155,0.017127286813319986,0.27785339187494235,2.3669932341961704,0.4302745577497218,12194,0.7166915147347102,38,0,0
26,0.7617803909869003,0.8795437590897496,0.5755232291558707,2.817849533688343,0.7431843235477704,24409,0.2173496874181342,10,0,2
7,0.8663795778837897,0.4533524222959897,0.7545607921922678,2.7995542633618054,0.3880413165158581,10655,0.3155676543836406,3,0,2
14,0.5004846509294342,0.28713933925068036,0.28888202473862756,2.4075913888208533,0.5144170735611517,14559,0.6739177793819147,6,0,1
9,0.4835497732403663,0.4755540910413063,0.26538993800519634,2.306865375005258,0.11071585179640346,3614,0.5787515165872639,31,1,0
13,0.45580029164837577,0.8090619477768035,0.7440583074137477,3.0227946331207898,0.6781167949081066,14834,0.34032517359603376,18,0,2
31,0.5967301853796023,0.45255566682614184,0.6491680958223219,3.0320427534576035,0.38125782237855765,9953,0.531155771677147,15,1,2
22,0.615224862223358,0.6314915200391409,0.40607677843510614,3.004287911677887,0.5770630816791371,4892,0.6478487999954817,18,0,2
2,0.34602099677950204,0.6257193481655572,0.32383587073445563,2.5765399844295684,0.5219326404440855,18413,0.3670181390734926,3,0,1
34,0.8874873152453537,0.45107764619336543,0.4072511991216548,4.1150725107959865,0.6848210819418272,18465,0.6208721529793976,2,0,2
5,0.6021534880368992,0.7801566560347406,0.38770593764671774,4.2025223347241205,0.592538908186608,8553,0.31542157809455196,16,0,2
37,0.7409824519989919,0.8532963099643842,0.5621099833640297,3.159930788718604,0.7856047946034541,45417,0.11512546035525734,6,0,3
29,0.8981188489185415,0.9403270071344585,0.7336553832688263,4.9866738747172565,0.46476622878787865,9581,0.044906077141387,7,0,3
20,0.6493436854651813,0.4201758869466261,0.43018993006838413,2.0204200449444008,0.49748373030292337,10234,0.2642836259550058,8,0,1
24,0.7335670722196563,0.7590477168157131,0.3819668396315035,4.04985694461191,0.46344663152780324,19922,0.10292279303517413,6,0,2
18,0.46392028531352647,0.2811147855482485,0.5042895625324996,1.7428239771047658,0.5088611273717457,2723,0.5451642295656141,15,0,1
8,0.94020747724728,0.7884261810775257,0.8078710109711214,3.530774818376389,0.9930495936472459,34778,0.05444665699051954,3,0,3
19,0.549774251584238,0.47850582137448994,0.45958775250479134,4.354008320202817,0.720301811386596,13228,0.3643685617677922,14,0,2
8,0.6751493682858959,0.23084014812654774,0.27849296892689057,3.4103416477632376,0.3630500769904301,2122,0.41896036614115084,11,1,1
54,0.9455542354217701,0.7458788997829223,0.7608650233181066,3.97203100595508,0.43869476274950053,25190,0.2316468266363984,16,0,3
8,0.8227396233342084,0.44980304489721107,0.6767275967281134,2.6290015173731236,0.32006231013050473,22758,0.1758422183280171,1,1,2
2,0.6080638202383688,0.6949460811199373,0.5373608113046708,3.680209281549343,0.6274539544675017,14080,0.39322048281938704,38,0,1
2,0.26934247912859577,0.2666996175887447,0.3156970694713187,3.422625367963971,0.16071993331155662,12752,0.6370496151800717,34,1,1
21,0.7901051711185985,0.6311061376315829,0.6173370191307755,4.7649188809122,0.9393084329081484,29421,0.4871861193396288,12,0,3
20,0.4752729864811322,0.6148248904509097,0.5513763003647787,2.5345760895267264,0.6671139005930417,19378,0.6331486847476768,17,0,2
12,0.6158229519599441,0.20411812079598007,0.15007887228902836,1.648976058907964,0.5009312134121079,2479,0.7379573808103925,32,0,1
12,0.5542523064853933,0.506856090927114,0.5359048881349978,3.613359717895492,0.3175245854692412,4172,0.5699961056517618,8,0,1
13,0.8885647841404765,0.7635820708341973,0.5642243590465956,3.624543572097592,0.9116368119254268,3726,0.13448401579769298,5,0,3
8,0.7120739745683495,0.44084991900617043,0.3168574242378964,1.9423892598925492,0.57770807731559,15467,0.2749619400131928,38,0,1
4,0.8364472129111951,0.40129991191381703,0.6146567294605347,4.424391752555983,0.5137528518566831,7154,0.6284004485255337,24,0,2
18,0.6069572920418171,0.35011355577069314,0.16844664445538407,2.258338003452668,0.6291742918154711,18511,0.5046028838777654,31,0,1
7,0.6838736950408653,0.272449329653673,0.28622322055441585,3.0637076100785023,0.4553742474771547,17546,0.7889678245262769,8,0,1
53,0.6821296730347047,0.9631464521850064,0.554734430027227,4.953450477325157,0.6919585973462519,40465,0.07931207226318898,5,0,3
4,0.37771414052304525,0.432201453160323,0.42194684824632056,2.737222971916137,0.1623318441490054,5892,0.30658759087764853,19,0,1
25,0.8107713827811603,0.9366118641240173,0.796459199915891,4.617766923272656,0.44624680717087645,22218,0.04536085111746552,2,0,3
10,0.31976339027983464,0.5200451982930849,0.4707851477825499,2.0998593825433853,0.16232802785344644,1159,0.7476679838569986,3,0,1
14,0.5200961881916766,0.7341723761445231,0.5405669041621998,3.673496237934686,0.5919632695988706,7944,0.4672934209926394,11,0,2
40,0.7223395259568609,0.9018541167440466,0.629344165348954,4.5333122704008115,0.98778802902033,6311,0.3379238732321682,15,0,3
23,0.5891965732029536,0.5393566181076769,0.36689220110368637,2.3262316234299627,0.23689942856761984,7044,0.8104932062758038,32,0,1
29,0.5654087941939108,0.5646648316094323,0.3597650428739937,3.2839960877782968,0.3167729357060789,15751,0.1751972520054062,12,0,2
3,0.1712148750504549,0.36219102575831685,0.2657294139647831,2.0046038103288923,0.13518443645405862,7053,0.7541000426876248,70,1,0
33,0.47937826250989307,0.7309202242582358,0.4169639215331792,3.435497350749327,0.7446593799641598,18724,0.18460425847907602,4,0,2
16,0.5973358647984788,0.36477106676194104,0.2683990172980594,3.7766952132871547,0.5518759871520408,11866,0.6411842283537763,13,0,1
16,0.28707955288701537,0.5866520200571876,0.18151682624988077,1.514001321243857,0.4723584189073715,2353,0.4364221141349446,7,0,1
24,0.8474571554703509,0.4229986565984002,0.3671221302395409,4.371498523049101,0.6741804167143098,2011,0.3082533108722517,13,0,2
17,0.5721828502462837,0.2598152197580352,0.6299171906994384,2.121011491869532,0.4875719272219242,16642,0.3293702248057633,24,0,1
24,0.2750094104510932,0.3369212595496296,0.45844203598319744,2.8833835320267767,0.48315266156414616,10558,0.48930196890385347,13,0,1
