profile,months_active,bill_payment_ratio,qr_transaction_consistency,airtime_topup_frequency,psychometric_score,network_trust_score,avg_transaction_value,transaction_volatility,days_since_last_transaction,community_fraud_flag,risk_band
refused,5,0.22384597694181357,0.17107955971443434,0.15368481896583502,1.5441327418017647,0.12869853319204935,1950,0.6098857517553933,49,0,0
platinum,18,0.8577453216811769,0.8554531291393548,0.8951534943375147,4.150676107709877,0.9883064825899132,49323,0.24175881881403655,3,0,3
silver,10,0.6247783238311344,0.4735447079192576,0.2891946495089945,2.8506199558602967,0.5117239529460106,1275,0.43769054849496203,25,0,1
gold,14,0.8423304530710447,0.7612599122241607,0.6161511998111318,3.8516845017612242,0.5961247632970734,14433,0.4016663697377324,7,0,2
silver,11,0.45110083740117757,0.36682449731375655,0.3237515013041553,2.049881910818912,0.4533281483088014,4487,0.4418597060447116,29,0,1
silver,9,0.5963600610049864,0.3823944578605465,0.49875854230478156,3.1893687113249714,0.4689746888537733,5770,0.36301135081737607,5,0,1
gold,34,0.6522077338736475,0.7158276773760005,0.6829669899993756,3.0334092615151036,0.5798301245124581,14287,0.29402704267201396,8,0,2
refused,2,0.25211361579853725,0.027566326566229458,0.011195599072519324,1.2596268592306026,0.11696842926389994,1423,0.920581211129619,88,1,0
platinum,48,0.9126919047573367,0.9918149589128056,0.9366420945612233,4.274540254000126,0.8524682583826826,19342,0.0779659644792208,2,0,3
silver,13,0.5525568246534872,0.5183502487738114,0.5463013381700477,2.3412724446119677,0.3251540419491674,5499,0.47638305505256745,29,0,1
platinum,59,0.9078094931448347,0.8972714963991216,0.9456038261499525,4.178445965227772,0.622454441366484,12282,0.12321614611186166,2,0,3
silver,13,0.5399086716223227,0.5115850872117937,0.26326322318071016,3.329667517095886,0.37924521723613774,4791,0.6772768155931641,16,0,1
silver,17,0.4733757195436607,0.4595470532432415,0.35590728080759665,2.835434194791103,0.33670190042033904,7641,0.4713999538251113,11,0,1
gold,25,0.7720113892685322,0.7114312608377634,0.5879125883545797,3.863996163152936,0.7384631168643329,12573,0.22428512615241558,8,0,2
platinum,25,0.9294760034771675,0.8240677524069993,0.8761185123103452,4.310928930007554,0.8148029953405433,13167,0.22652176512031513,0,0,3
platinum,50,0.9811476407281625,0.8629193113618823,0.9008171204378084,4.038021848237455,0.7559037549705968,37810,0.056531332812417984,1,0,3
gold,35,0.7835378147604115,0.576700176000591,0.531272428328975,3.836917940684631,0.5881747652084,12234,0.4307446872333438,12,0,2
platinum,59,0.902532737005047,0.8368925742837713,0.9735508104879733,4.506838431820483,0.8195354626880235,47226,0.036825761069742585,6,0,3
silver,17,0.6168340275055032,0.35728465766263284,0.3344722857566591,2.3443809633387747,0.5340314444308063,2037,0.42788542387461,10,0,1
refused,5,0.19298880919602618,0.026674789673069597,0.014344905823008547,1.1273805085348212,0.11354251521821146,1698,0.9094027395203784,65,1,0
gold,32,0.6743218010703316,0.6588155699141385,0.598203952533782,3.31805674489114,0.7078508926874694,13655,0.44480401461673025,6,0,2
silver,14,0.3644815660873944,0.3505155894909163,0.3358558740052402,2.0136649158233024,0.41128171201792396,3831,0.5157355569962674,15,1,1
refused,0,0.12737254643092397,0.281385690631831,0.29454516298945177,2.305948523097988,0.141287055717309,1870,0.833628763973508,58,1,0
gold,24,0.6242414177413562,0.6124360448073388,0.5141393216368733,4.002292872190639,0.4830053163382631,13186,0.3792767022072424,13,0,2
refused,3,0.3139108433533631,0.20898430546363223,0.13877495599483416,1.5210006485965952,0.1499723870087423,1433,0.7133310954446506,57,0,0
platinum,24,0.8819091842536343,0.9488499303686577,0.7394005379228134,4.995480490704257,0.8929794927352359,49332,0.11845245709948665,3,0,3
silver,11,0.3500555585886328,0.45634467165152715,0.39955433829671716,2.9591369602648565,0.2733470393911498,7232,0.6606561467516003,18,0,1
gold,28,0.8071632265295723,0.5954544132093347,0.6313125404799305,3.6145062920383966,0.7144457458766731,9535,0.2114141842785304,10,0,2
gold,34,0.7821945136126618,0.6443407941991628,0.5291030965574718,3.7730556191875415,0.5451777523070602,8757,0.2704625214015848,5,0,2
platinum,33,0.8522956810435577,0.8458050781849593,0.7472021979107577,4.526499194153781,0.894202242595015,26715,0.22003918448037127,3,0,3
gold,26,0.668809795259252,0.7313429000587144,0.5863614190215555,3.2026311472404423,0.6408316903930855,6025,0.3437277533814098,8,0,2
gold,18,0.6863702134308614,0.7328126473368438,0.5293229114319684,3.335720317064449,0.542954135025984,5992,0.3917114377443611,11,0,2
gold,33,0.7820927135849115,0.752206580872921,0.5557388631857052,3.1589647876103117,0.4768019706875601,17243,0.2110239006594945,13,1,2
gold,14,0.6155091909071954,0.5628158647939996,0.6350461675124075,3.621846878619025,0.6081765449852031,11249,0.3060548807197181,8,0,2
gold,35,0.6788409358165294,0.7782002001019654,0.5347927411806677,3.0799917957879672,0.7185255518298943,8231,0.22207877534967946,6,0,2
gold,13,0.6081108615117967,0.7337562965474559,0.5409604818112419,3.556723516145869,0.674699705221487,18091,0.4422914889331433,7,0,2
silver,8,0.6346932032358787,0.4789156255209688,0.49351407931625024,3.4481001754610885,0.3973716327853011,2333,0.6055263083111652,6,0,1
silver,15,0.3887012525069776,0.524569415536088,0.5100365794450725,2.361597995498485,0.4138138220074348,3184,0.46500725705981916,12,0,1
gold,35,0.7498399312605414,0.5640560737127431,0.641716709153565,3.951047721145604,0.4894695919918064,16631,0.2938247395881306,6,0,2
platinum,41,0.9285403414022517,0.8539822444784391,0.8311496166450479,4.102149529657538,0.8621129638766633,12490,0.12673010949045865,4,0,3
platinum,26,0.9820539952957625,0.8917977976034026,0.8591063181184768,4.25704726643208,0.6909637983445516,38226,0.11749706703948415,2,0,3
refused,1,0.3238787748242351,0.2469071036972179,0.009780531615434263,2.4670516181417703,0.13425008175709635,1727,0.6320254650640905,62,1,0
platinum,33,0.9176365671124156,0.9908173873079267,0.8537845615617415,4.3923937215284745,0.6015268536497388,46703,0.017789571293358203,5,0,3
gold,35,0.6300968946972723,0.6776426021821259,0.6020920262692883,3.1213987435357238,0.6921784947978751,17404,0.3019369131109542,10,0,2
silver,17,0.5795459482545641,0.356145657779679,0.3891503028850157,2.1093755178905083,0.4905838960135209,3062,0.4364207732880766,20,1,1
gold,23,0.6787296111472239,0.6991167688533859,0.6672757154820799,3.363678913410122,0.6481409164093294,6502,0.23141645647102943,3,0,2
gold,34,0.6290896212911239,0.5550344622373224,0.6933412280036921,3.191599619240581,0.7094984928623329,9939,0.3919487838315736,5,0,2
gold,17,0.8278347975196576,0.6612131082068853,0.5376464399538091,3.61044718105952,0.6260303723533773,8574,0.3859449102887718,5,0,2
platinum,57,0.9363886862887126,0.9229900526305309,0.9312952877596407,4.724516851398618,0.6028116815254476,44587,0.031387553690663345,0,0,3
silver,11,0.49116138043708246,0.35248380410730895,0.3938623375318685,2.0799951023101193,0.4302001803116817,2244,0.5874493334530578,25,0,1
silver,8,0.5164081056941173,0.3180661093335709,0.4911830592328157,3.1293950990072923,0.2669134573871657,4986,0.3590863564238723,17,0,1
platinum,26,0.9332223412813339,0.9443065722243811,0.821593054925723,4.651710647910968,0.612446239966943,49852,0.046533974438336984,5,0,3
silver,7,0.6406074350639129,0.5389970204973429,0.4404508467937652,2.073233062888055,0.29945702228396504,3779,0.43299606083416303,13,0,1
platinum,46,0.9624866124204958,0.8843407869106564,0.895978905771199,4.655723672561656,0.8747443990700117,11960,0.1442806465095802,4,0,3
gold,28,0.7264829135798896,0.7184390574460224,0.5704962093886702,3.6830762545097375,0.5951390689748389,13719,0.31834534400158687,4,0,2
refused,4,0.043991694306166854,0.16733743114199887,0.08759008819526057,2.0749473846481163,0.1899981397095249,1677,0.6930497784037499,47,0,0
silver,11,0.41068315432720065,0.4466193806931862,0.44094121256502916,3.316218793863249,0.5076325855685395,6615,0.5009779097358007,11,0,1
silver,11,0.5743221156925076,0.34677568077193677,0.5160961208569961,2.323977913594255,0.4004735949719369,4484,0.568595522571088,19,0,1
silver,17,0.5299157033330832,0.4631809236870804,0.31763721602129763,3.0600255435576855,0.4934641019004199,6238,0.4686599924103684,20,0,1
platinum,51,0.9962600744417713,0.8517965303203627,0.8127016755645179,4.093756920645557,0.6011684130485447,15585,0.0991384204974908,5,0,3
silver,10,0.4052795228512231,0.45323760914966515,0.39094256886487033,2.3394564292268516,0.4015766170752731,4900,0.4641246758144931,5,0,1
gold,20,0.7680959608229259,0.6010605265921073,0.694980854562047,3.004702049941312,0.7425733605851876,7181,0.24736623291927784,3,0,2
silver,6,0.5953387042938256,0.3421754493746691,0.4407623581993021,3.292722764218861,0.42783168979825964,7827,0.35478024274912795,20,0,1
gold,20,0.8306085709140311,0.5540070391137808,0.5864134570133235,3.010917817536931,0.6131633763483353,5656,0.34198691553437116,4,0,2
refused,2,0.13941271284587606,0.045682489797885396,0.18773082452458767,1.3952821637255979,0.27734830755908757,303,0.8486906461235527,76,1,0
refused,0,0.1510639643549285,0.12816889077767202,0.19707123178792696,2.402252203262853,0.26161602941384804,1080,0.9093278172812311,74,1,0
gold,20,0.6330449144384679,0.6831177269709744,0.5708129124710188,4.129534714688158,0.5882606205808956,13572,0.39324843400868126,9,0,2
silver,14,0.5132546462693902,0.4483854045330097,0.39691161825939936,2.50984373174275,0.2919221978693063,6265,0.43458492909041035,8,0,1
platinum,44,0.9532045015262558,0.8065693340486877,0.9173268017842351,4.001236679759409,0.6764762805859156,32852,0.03520073722316902,3,0,3
silver,17,0.5837281830145311,0.5997989764479257,0.29632448330199773,2.6268765272471573,0.4175720265124798,5601,0.5240359180663471,28,0,1
silver,10,0.4757224049376323,0.41946298923539854,0.34968372111759904,3.1286630096720796,0.3352959060934875,6139,0.6721364410250128,26,0,1
platinum,33,0.918140195832865,0.9036520733352784,0.9441298864958759,4.8399639802821826,0.7587187388345266,47496,0.0835124914171923,1,0,3
silver,8,0.48388600054230535,0.448150782195577,0.3650388503643078,2.9953353793378414,0.2981033931715497,1190,0.5112323106487463,14,0,1
gold,34,0.6424717683047643,0.6554281543814792,0.6928706468071972,3.266135390320256,0.7297331935132052,18636,0.160094917019708,10,0,2
gold,34,0.6069630602052686,0.7087266647882907,0.6263444836653168,3.087026780345378,0.5765322725808377,15073,0.15551149636143133,10,0,2
platinum,42,0.9303003346023285,0.9040336219757464,0.7703683880004486,4.163683801465302,0.9156643386354926,12951,0.1822452654139541,6,0,3
silver,15,0.3625911510218201,0.502767566612488,0.2885511935503629,3.3409283908288208,0.28263598266536827,2088,0.369543377306766,9,0,1
gold,19,0.654472844906686,0.7348673083096818,0.5266832671046414,4.093610179459691,0.4780560370793729,8520,0.16694502720104462,4,0,2
platinum,39,0.9757873838053936,0.9486705645787248,0.8141259112698392,4.74171206151293,0.789188538438204,17927,0.1681757485522245,5,0,3
refused,3,0.37349767929112543,0.31455919078009237,0.2847551653418305,1.4644829115706917,0.1109108166027856,1876,0.802670870842839,87,0,0
platinum,40,0.9352780425624937,0.8575859232951453,0.7499132760796816,4.445790914577229,0.912085225372041,17461,0.2440034558198034,1,0,3
gold,29,0.6490614291765414,0.6709650547160779,0.5631336962328132,3.5311858179125197,0.5060317584693388,19647,0.43543279166619964,4,0,2
silver,15,0.36619978765431166,0.49372787145920627,0.44350940036558506,2.842286898159718,0.2977922446755808,1368,0.6457875546518942,17,0,1
silver,16,0.4707335415330778,0.300888816168119,0.35172224454453294,2.1513230420801897,0.2516904279584287,7315,0.5710157484964625,8,0,1
silver,13,0.6231039038925966,0.3039805622582625,0.3016935511892349,3.3270867549718472,0.4160676381511782,3337,0.4895307506314442,10,0,1
silver,14,0.41391816530526065,0.4670306159692472,0.4182869498491439,2.0259889576335457,0.3242034013430032,4753,0.39674539305221923,28,0,1
refused,1,0.043865531853376764,0.1401558292581597,0.051487005565369434,1.9331267587099317,0.14869931468907574,1293,0.9854733089042008,58,0,0
gold,31,0.8014286314170544,0.7726646138654607,0.5336040104385357,3.209741985460039,0.5955218727428087,19912,0.17999557424513302,12,0,2
platinum,25,0.901762394173358,0.8173410423724368,0.8077752243748737,4.508579289447578,0.9209417316637056,20886,0.24171137494982134,1,0,3
silver,12,0.6498094796578037,0.30470171216661773,0.2732786745928447,2.263714825115885,0.2734148585199676,4852,0.5981933442853301,29,0,1
silver,13,0.5718510364718248,0.37284044994788257,0.38560857203940563,2.8810373093283426,0.258939929118875,3064,0.37998246791644047,26,0,1
refused,2,0.306383268522207,0.21988980783350148,0.08153060930213925,2.3815515798180074,0.0952400230897666,342,0.6782193593424408,26,1,0
platinum,23,0.9537571595753368,0.8436046214988173,0.7485017632440407,4.22080262978564,0.8624536072082323,35552,0.22960660803635216,4,0,3
platinum,47,0.8503892536575469,0.9111613162874359,0.8920008900510741,4.782484924563938,0.813070354704622,21528,0.09829880025698057,0,0,3
refused,5,0.09123103764122531,0.31011779406652656,0.20989040010040796,1.2526211602077115,0.09079371365754267,1603,0.9545665551225501,51,0,0
refused,4,0.1493874287932196,0.2005031013883984,0.19961331274545233,2.350887850942392,0.2671398772873173,1824,0.8073323148039326,33,1,0
gold,34,0.71052675866993,0.7699786566817537,0.5744087135624415,3.8903944693514068,0.535673884871591,10969,0.33325802505505514,4,0,2
silver,14,0.4787964025902909,0.573370624634308,0.3782268407108309,3.1599630052963956,0.4645005906693065,3902,0.3561479094963884,9,0,1
silver,6,0.3992092194378168,0.49345157880605894,0.3249041163941534,2.1045092966353818,0.4353445839276668,7982,0.5164778445580728,6,1,1
refused,4,0.13060153578822228,0.13801927758301305,0.14820824786006065,1.2348720642684459,0.1152142148272573,1460,0.9611651567867077,33,1,0
gold,33,0.6287865445988002,0.6864239922032565,0.5368202646721913,3.0778791354460915,0.732993033562245,15720,0.2712445295331169,4,0,2
gold,19,0.8256008190276687,0.7924547161584462,0.5532202737074617,3.13769035000583,0.637877782398728,9261,0.18183762556947072,10,0,2
gold,30,0.7832500268056558,0.6388598343410155,0.5068862617146629,3.9959275118549322,0.7143774203289035,13330,0.41714087219516693,11,0,2
silver,6,0.5116317758345348,0.525741927280728,0.25566167637718157,3.2673711275273796,0.34074034809545384,6289,0.5574305267599062,13,0,1
platinum,33,0.9677002395916464,0.9917254354626441,0.9976399949022017,4.265851136654313,0.6765041671658347,28354,0.23661412828760137,5,0,3
gold,17,0.8024811050757248,0.7702237901361881,0.6520069803606348,3.431308592196981,0.687798743025485,18350,0.37889788088690823,12,0,2
gold,33,0.6028256341472555,0.7573906789207625,0.6030334056773178,3.286004652753596,0.6878520135820582,19268,0.18952313988958924,7,0,2
platinum,41,0.9694707663510815,0.832402775578317,0.8215062397240964,4.9428311414132615,0.6290683486440065,34045,0.2027196452519796,0,0,3
gold,31,0.8171023809867335,0.5920696471269282,0.5811290518894475,3.591579252549707,0.5848750058760787,7496,0.3084679823181471,5,0,2
gold,17,0.7574551636086769,0.7179272148110152,0.5193389119575135,3.799136599296557,0.6130453285749043,17082,0.38637928153133005,6,0,2
gold,13,0.6852396428588896,0.7836988793731958,0.6551754508939386,3.9638046139592777,0.5018271954843262,12338,0.31795661401034314,5,0,2
silver,12,0.4782213281682802,0.4785600542716313,0.2660046983649582,2.127454756148374,0.2879669028982715,2251,0.3818146155160917,27,0,1
gold,16,0.7394684189150182,0.6762278628125349,0.6819128854760602,3.5895965182945573,0.726666995446458,13634,0.16042198423343443,3,0,2
refused,5,0.22325659736117692,0.18622819973901394,0.1384487395354008,1.4867571709300142,0.13221193272292084,614,0.747520353960919,44,0,0
gold,25,0.6436617964740824,0.5975321915796765,0.5984003458864166,3.780306085312394,0.6430109175209282,11129,0.3761341803259246,5,0,2
platinum,57,0.9053845722264844,0.8432648046073108,0.9742709547854409,4.848047791130772,0.6874039337416521,15276,0.15532311226240253,6,0,3
silver,16,0.40411624279031383,0.544366136105999,0.2815725694232957,2.1471783108507685,0.35169492680145126,7345,0.40189888826357056,7,0,1
gold,32,0.6100713796944996,0.6305168837989324,0.5607470092450199,4.098499441760044,0.46974895300894615,18280,0.37732048335068813,12,0,2
platinum,37,0.9763471052947272,0.917821706894179,0.7327328895297249,4.48839413006494,0.9147001340617748,41921,0.13660757901946183,6,0,3
silver,9,0.42379778002137625,0.5404116749626378,0.4085056367653708,3.3591676271699864,0.40632885387403767,2776,0.3832262033479663,21,0,1
refused,0,0.27536853849726634,0.012072840104007852,0.18363287325025748,1.0558489073739064,0.29565068749105067,126,0.9331186695071179,78,0,0
gold,35,0.6155103542391386,0.568723960500496,0.6304562225636892,3.710992175011686,0.52008742909457,9299,0.24829648910508467,4,0,2
silver,11,0.6471595715251455,0.5390126002627718,0.4703405157625969,2.4284974832700845,0.43741985556868435,1018,0.46762743570978327,11,0,1
gold,24,0.8334373557503675,0.5703937314028416,0.5076801754652689,3.2867972162538615,0.47562074528726217,17603,0.3585775202266301,13,0,2
platinum,43,0.9409152821583758,0.9495743208184457,0.8563702397456003,4.12471405691139,0.8701680830188356,35682,0.0934802617532034,4,0,3
silver,15,0.534033641770397,0.3096054159958353,0.2785757364712976,2.9474667341172456,0.3674009688061476,1249,0.41277367574259316,27,0,1
gold,24,0.6125873817423383,0.6962069528264477,0.6739067343629959,3.264564577199244,0.7309710654212518,5037,0.20081894988947357,10,1,2
gold,19,0.7754345684693142,0.6559425299827308,0.6513293098704798,3.0450794754527766,0.650012656618937,5527,0.3379975917274023,3,0,2
silver,15,0.46781255964326507,0.5568438450858861,0.3321101888465788,2.2401442064861667,0.4579823282226156,5521,0.528462401505805,13,0,1
platinum,42,0.9302555098067365,0.9807447934350542,0.8829495416496084,4.558042325148967,0.7878567098722836,25649,0.07251138299060922,6,0,3
refused,3,0.35133592801735136,0.22387555467755457,0.19927769314204127,1.9832344352995015,0.1823726842820823,470,0.8243574575215642,63,1,0
refused,5,0.12905113769470927,0.26307077774854354,0.2805260668941202,1.8125007382736054,0.14255667367410463,1588,0.9327653250283843,25,1,0
gold,32,0.8123616015564339,0.6732392429139651,0.6219363816551554,3.162751939208776,0.4948198165361317,9608,0.3564992286998031,9,0,2
gold,23,0.8068255374343114,0.7395101052528041,0.6560096174080087,4.020159281622044,0.46897602266960386,8775,0.39460638715666846,2,0,2
gold,24,0.6258585287151208,0.7869449244923075,0.5224794054352025,3.200144802220409,0.49095090362507465,9428,0.3735434429483462,2,0,2
silver,11,0.46055529735151424,0.30725110564005104,0.285968016143462,3.0731854330397246,0.4556417755136023,4379,0.474658437860055,26,1,1
refused,2,0.38527415581195606,0.19938124464017357,0.15905243093013696,1.2230333085924705,0.05367855346825077,729,0.6316906151523679,81,1,0
refused,3,0.3879039885035406,0.2765193570081428,0.2441406531780489,2.0588988087490954,0.26771111119525864,1991,0.713441210903853,41,0,0
silver,13,0.3747026489290165,0.41426553663263055,0.33466857883543333,3.478617053015044,0.5388221758170535,7731,0.51224327815594,18,1,1
silver,17,0.5152229842673217,0.36902577252600055,0.5391528554781579,2.3103543422763586,0.3481779835508597,3941,0.5292996600675746,19,0,1
silver,15,0.44077764579923473,0.5233670571313738,0.3426376089401788,2.841067608726977,0.4963988351050731,3845,0.6626695746396629,15,0,1
platinum,45,0.9296898630960301,0.949012909624044,0.9057903207948952,4.4782552945759235,0.7135313788094081,20207,0.23805544642439866,5,0,3
silver,9,0.5300545832942977,0.5248340363801596,0.3643797157267142,2.975877479969185,0.490725486153611,5180,0.3945214417682233,16,0,1
gold,23,0.7463909321983254,0.7914580799295832,0.6739391769703267,3.451428562523547,0.6100663300660738,11107,0.284383092062311,11,0,2
silver,17,0.4103751093653509,0.37816678979593465,0.4636163601073682,2.6350046636995725,0.4935574668729334,2925,0.3885074350470168,26,0,1
gold,22,0.6104788041790643,0.7400013862405247,0.5943252730390524,3.346980401344981,0.4895128605619065,7421,0.4167956279784959,5,0,2
gold,30,0.7324851467325582,0.5845928986801392,0.5788958781677715,3.2378356637060017,0.47941336143328195,9865,0.28072030705299233,7,0,2
silver,16,0.536948526123374,0.4585619581068864,0.45050956797712993,2.7901217786450694,0.4348884138192354,5818,0.3660482064311455,17,0,1
platinum,40,0.9951960648159734,0.9146588756358801,0.7088183337269521,4.834303365954767,0.6451772833644694,46593,0.14502220866736365,4,0,3
platinum,43,0.926998925303859,0.8440194428162194,0.7611103747828822,4.768599804788509,0.6355360980350258,49748,0.06497624481070821,1,0,3
silver,11,0.42570020132396824,0.4325544261521571,0.30950694047479993,3.0929634855753503,0.5099824686787477,5835,0.68704157982757,15,1,1
gold,13,0.8270046363554155,0.7121161392250593,0.6187369239817466,3.832081024114853,0.48813078413122213,8816,0.20966751088140523,12,0,2
gold,27,0.6982237772232948,0.70107824556008,0.5454522107119324,3.39995983184463,0.4979248380701833,11823,0.2733446797020416,11,0,2
silver,12,0.607245576120866,0.5822838579811963,0.2535713406543551,3.3027597060280867,0.3479418189455862,6776,0.5178711846698343,18,0,1
platinum,47,0.9580774092087198,0.810976522929295,0.7052139370556438,4.895814597371882,0.9298139232348128,31793,0.010605574551722924,0,0,3
platinum,54,0.9151677766732407,0.8936463656882759,0.7742619866810125,4.346321768589004,0.686436181274123,12169,0.060473323528222295,2,0,3
gold,21,0.7350741329475767,0.6513313401617384,0.5856703601137693,3.5823487608740585,0.6926575617100696,16678,0.3391677703037215,12,0,2
silver,12,0.5244591422831332,0.3757683213808576,0.38677732729582515,3.4350914418716942,0.2851815308661732,7299,0.45937690994482083,17,0,1
gold,35,0.7648764954128318,0.6751448293577078,0.5309041659981037,3.1546831020881987,0.47691027570445377,6509,0.44721376758693154,4,0,2
silver,6,0.4378717240105187,0.31019139639988524,0.4218980932340779,2.5688178593534516,0.5497028385006604,6337,0.5939989348810241,29,0,1
gold,29,0.7603761203140629,0.678218685576317,0.5098588985528832,3.3236909590485206,0.5931439127967149,16757,0.17256060862884073,9,0,2
gold,35,0.6817352560841687,0.6406254961328783,0.6823637139078893,4.012416635597973,0.6813729222099534,5598,0.20495947353799046,13,0,2
platinum,57,0.9558747225818042,0.9836909449878602,0.793585597148539,4.422689113396189,0.6579860289519268,21120,0.05634531700169146,0,0,3
silver,14,0.491085180878971,0.36337911969263037,0.48462700438708295,3.3302310010152825,0.2655350331829202,1845,0.6423768239626123,16,1,1
refused,4,0.070989176522993,0.1748408981633004,0.1886009780094879,1.374225379796173,0.1453764249592854,326,0.6556619338072894,53,1,0
silver,16,0.6017147504238072,0.593731018275682,0.3679692093918633,2.3477677348249495,0.5065925104552036,7044,0.5220646706941157,24,0,1
refused,5,0.26503330574957956,0.3409610780305439,0.19203942461727666,2.403588773587621,0.25587991853916636,948,0.8009207620657786,53,0,0
silver,11,0.43372554084538506,0.5143044826206614,0.5025925076218813,2.363353490113711,0.41692573933364485,7620,0.4062504547120269,10,0,1
platinum,33,0.9301519412544195,0.9290108335538659,0.7062583417874614,4.173752595662295,0.651930579580687,11207,0.2377321486256371,1,0,3
refused,4,0.05033547620546766,0.2508717591919792,0.04811203953155794,1.3311970269646012,0.2937699249891733,491,0.9499085450013344,61,0,0
silver,10,0.4530594834494882,0.529967188310026,0.34560254611985974,2.49915581907377,0.54675376998035,7833,0.41524484650821436,27,0,1
gold,20,0.8065161711370714,0.6546737858319212,0.5822226833989697,4.199352817271608,0.7397311331652862,14834,0.38450612932991923,4,0,2
refused,0,0.16374925077126676,0.2570417795767451,0.2721722051332178,1.8080502791370785,0.22480055393831258,1701,0.6657596090881237,83,1,0
refused,1,0.17244259493821495,0.07984284116211486,0.13626871731216042,2.4813786123078616,0.08089435849188349,895,0.8836441451831092,43,1,0
gold,32,0.6476524582686124,0.5649043313361648,0.5601932639263243,3.9148334564486076,0.6639042875585223,12928,0.4013619810358089,7,0,2
silver,13,0.5399936523309832,0.328172989449309,0.39203047097010807,2.152835969005094,0.2740276482640736,3239,0.6135043055762497,11,1,1
gold,26,0.7699082955987859,0.7228116659464974,0.6277926043946569,3.1456463094583436,0.5709116273721396,7588,0.2713935085320298,8,0,2
silver,15,0.4804404601309483,0.46584910682771985,0.4979196321233901,2.7770035045948767,0.34926006911371843,5326,0.623326612926673,12,0,1
gold,24,0.7723276030256725,0.7399559146070971,0.6101141269082728,3.7772640653047347,0.5569214207548994,14697,0.2727676440575388,2,0,2
silver,17,0.4665968004630541,0.48913748917272726,0.45831919824397405,2.9287207040737853,0.4564331197751955,7184,0.4384918241078064,7,0,1
silver,6,0.5325603929831715,0.4537424112358551,0.3514430614672589,2.719220946786501,0.4430415796737185,2037,0.6859043933136364,23,0,1
gold,14,0.6002780235490468,0.6758362826515385,0.5585310195334816,3.468286259500794,0.6414419707548809,10947,0.17770375168362967,10,0,2
refused,5,0.12671642979784567,0.33497968610547657,0.22520676554661653,1.5808927184097834,0.22955088289755396,553,0.7240951445762938,44,0,0
silver,10,0.48167262206187167,0.30295821850114185,0.4207200994726269,3.056608316243863,0.32792528083077277,4630,0.4585057245376471,12,0,1
gold,29,0.6000076797113456,0.6454041247772838,0.5770116111437923,3.2087728794261645,0.5921319877543268,16109,0.16784404893251686,8,0,2
gold,35,0.8045951061948837,0.5524776738727885,0.5733357759405963,3.8920234746840148,0.6383876206028724,9019,0.2835319991153983,3,0,2
refused,5,0.13438369927820526,0.3455705750528903,0.28709285691309316,1.8897876363369188,0.16586081805773137,1667,0.6243127369938679,80,1,0
silver,11,0.39620489761230987,0.5827208594270971,0.5159759803181031,2.200094883411214,0.48588906552581634,7952,0.6680294464691259,11,0,1
silver,7,0.6028851170530429,0.3814634306005317,0.4279338334974182,3.303445659272441,0.5306187862551102,4130,0.6863211010453214,20,0,1
silver,7,0.578890816612707,0.49985788807992937,0.5493886198287059,3.4504270885007715,0.286836970571267,2384,0.4613967911418181,6,1,1
gold,21,0.7654296706609891,0.7194308103003302,0.5028393268943447,3.126955824327359,0.6537515098613979,5080,0.4064221855775937,8,0,2
platinum,19,0.9100450733365422,0.8155530688157915,0.7704022114784653,4.8824594404561,0.959538955272099,27611,2.9086888415352785e-06,0,0,3
silver,17,0.6121018181539295,0.3674438698530553,0.2917177377381789,2.6657191114701213,0.28925905778301364,5075,0.6500951963277802,14,0,1
platinum,45,0.8961665859656573,0.9266196126714895,0.8541987603426174,4.618948193007721,0.8101739650182771,12808,0.1454055732472984,1,0,3
platinum,31,0.8910941690981701,0.8205832061488291,0.7579398593761879,4.149703967956958,0.6661176443880698,16031,0.2088700564355486,5,0,3
gold,29,0.7078084674478895,0.7336520751776339,0.6603680336905612,3.5362490342405266,0.4887195374487189,13768,0.29977287225743243,13,0,2
silver,6,0.41464082982476336,0.3423498099591089,0.4565881906884995,3.1010065258994066,0.5163705514984962,6207,0.6040156064086464,21,0,1
gold,31,0.754276486107164,0.7777065661715789,0.6430644621058271,3.373814758816783,0.6364521933414252,17177,0.30986293040902424,4,0,2
gold,29,0.7984545259770099,0.6372079768646576,0.6683244015085548,4.119831500458822,0.6357364200140089,10890,0.38069405856858884,12,0,2
silver,9,0.6251234596596437,0.31682405077910125,0.35585323551205006,2.3446410122832892,0.4210380924486744,1599,0.5216674425228235,21,1,1
refused,2,0.2241821386930865,0.12518698195702097,0.08554688662250542,2.3034582475960033,0.2534848420698308,1092,0.8776987849318312,89,0,0
gold,13,0.6988148288577894,0.6750145647977717,0.53853527929734,3.9495728571752005,0.5536881111108477,17517,0.42642580046289835,13,0,2
platinum,49,0.8754519855843348,0.992529863710975,0.7602577269586882,4.825200767415568,0.6746893183092165,10358,0.24432697699787592,6,0,3
gold,15,0.8163905957930508,0.6845987448217394,0.5533589098867662,3.3055965190679544,0.6097080704583945,8022,0.2128603871850377,12,0,2
gold,28,0.7074894049449554,0.6539546420046027,0.5948315891758159,3.0239675190936337,0.6764797619355152,15093,0.18135836636270827,11,0,2
platinum,52,0.9220068950527712,0.8844072119101375,0.9378868283816895,4.0426332092870325,0.9621439497111481,38753,0.0882625979000756,4,0,3
silver,16,0.6183569710732918,0.5290506254161098,0.31916519472111005,2.6065620493562305,0.5272650286730638,1543,0.6610073731181522,12,0,1
silver,13,0.3531578138929104,0.5848806441100896,0.48164569944793467,3.1015754620324256,0.5171781280365728,6717,0.5149377508182348,23,0,1
gold,29,0.6356391387582789,0.5748736672182412,0.696276666848256,4.098166584485876,0.5719909580654912,11766,0.18827044540928528,7,0,2
platinum,29,0.9197010719409418,0.8877489350776678,0.8631336723992198,4.185228446547409,0.9927876761784581,44542,0.10412610797596974,1,0,3
refused,4,0.22187670113890984,0.2901962103769393,0.17920922248816526,1.4582967495173262,0.24111162720498516,717,0.6012497398589486,57,1,0
platinum,53,0.9904972227783561,0.9198058729554653,0.75384919702715,4.058454614108554,0.9749413176863457,47437,0.12975807003238718,1,0,3
platinum,47,0.8995149269965232,0.980672762527205,0.9592648533022506,4.412130930262771,0.9891105291568343,18068,0.1781553332746282,3,0,3
platinum,49,0.9910797740703075,0.8671731714299671,0.9350268177824844,4.017687809613257,0.9588745363858475,49673,0.2315485171079455,6,0,3
gold,27,0.706871613522567,0.5634576312271148,0.5398186839871851,3.20174171711727,0.5080871429386382,11083,0.24480141685991813,4,0,2
refused,1,0.14489858082153978,0.3036296349455555,0.14247850590851543,2.306880858730291,0.03060896839244711,1299,0.8397846703146628,51,1,0
silver,6,0.35614312500865936,0.5976379414056828,0.3604810976335363,3.141191763730097,0.5155314955271562,6943,0.5388273008945034,28,1,1
platinum,25,0.8527363722142541,0.9820678204115069,0.9295572593667354,4.342383636033547,0.7050702570394607,26237,0.012917180414490276,2,0,3
gold,14,0.629972773368178,0.6506848711867077,0.623324395633055,3.546473886297529,0.5220454788066042,9490,0.3171020418939386,5,0,2
silver,13,0.43107466251851423,0.47373428096268155,0.3681653904824851,2.2985265380224806,0.44554003101432016,5315,0.506087844641542,6,0,1
gold,12,0.7504516834863618,0.6130432193738825,0.6915942132964907,3.2512180792609184,0.6011075283712334,9512,0.41869587587495305,2,0,2
platinum,49,0.9116882674878053,0.9722136039949443,0.7122262318277418,4.754253544343863,0.7252647979269129,36485,0.1071755052466084,4,0,3
gold,25,0.6664821126580297,0.7225807117251823,0.6997585871631309,3.119085197903617,0.5783007257472508,17780,0.2861605859987808,3,0,2
silver,9,0.6223045835657461,0.36717186057404416,0.5349696951492949,3.15211097871593,0.5220922879205436,6926,0.5604579273351464,23,1,1
refused,1,0.38655602642593606,0.023440818143250927,0.11500549027956673,1.643142261555256,0.2778522132209261,1721,0.6379572669743407,49,1,0
refused,4,0.24424749207854157,0.14956543909090272,0.12020832947783465,2.0585314696785737,0.21555998789101088,1561,0.6196124985462724,40,1,0
gold,20,0.7416513147263657,0.6394528123338983,0.517341313519128,3.803121950101002,0.5312050812905194,9725,0.20695579808129075,13,0,2
platinum,26,0.9919291814322535,0.8411159616751276,0.9604162967596879,4.446352351197643,0.8193282334905697,36167,0.014461112361790152,0,0,3
silver,11,0.39324069919681853,0.32069619247760417,0.5007953347280425,3.1434277928475867,0.38752776221347474,2161,0.6167598869192872,11,0,1
platinum,40,0.9691434174949694,0.8069730320467651,0.9467180256451174,4.385375883047362,0.6179414272094275,12224,0.23611214567357586,6,0,3
refused,5,0.374301188588614,0.25874280275404665,0.29860463892816586,1.6490073008765413,0.08128611947403218,1779,0.6787764692979565,68,1,0
platinum,37,0.8877163659267697,0.8996181507022012,0.7610734841026727,4.481634846534862,0.7185959125133261,39535,0.04789823643370644,1,0,3
silver,16,0.47738934793708726,0.3324452268070997,0.3642086607032032,3.4853568261309773,0.5053110815605069,3834,0.5561636292129192,19,0,1
silver,11,0.4867599500541299,0.4667521463050496,0.3289154542035812,2.830664843898872,0.3821077623906447,6769,0.6131392359491886,16,0,1
refused,2,0.32484069128688847,0.2284863082788791,0.1376266595968363,1.7957846370473416,0.04878183968621506,1681,0.9017437017424502,60,1,0
platinum,59,0.8511301544701112,0.8672740927656845,0.7477862335728415,4.7531873359134025,0.668232764622836,48333,0.20974933192950268,0,0,3
gold,32,0.6966767642609945,0.7351658952666565,0.6442109321795744,3.988675657949597,0.7160494618406877,9088,0.38725490328995377,13,0,2
gold,17,0.6896553954883978,0.7903876830343917,0.5373180193746335,3.645713596945334,0.6257334812793143,14900,0.187632535335156,5,0,2
silver,10,0.49593398350731427,0.5569704589469697,0.4008682233821258,2.5689481890082813,0.36886604334453427,4556,0.5031592103138277,27,0,1
gold,18,0.6366090641507041,0.7363036856727087,0.5935441231942301,3.6038644978303616,0.6485580936645017,15251,0.21894190242679953,9,0,2
gold,27,0.7514992418177564,0.7763247497526289,0.6324635827079165,3.3566569366141152,0.5574657123729219,15731,0.15784750269702594,10,0,2
silver,9,0.3678876573161806,0.3320141579981306,0.35100215027610776,2.339665643155838,0.4703120436030322,1666,0.67942683506098,7,0,1
gold,34,0.8395295022298584,0.7454727282492225,0.5358327836580301,4.152440129546557,0.7093208961583193,11032,0.1742849106067068,5,0,2
gold,21,0.6944598034317966,0.648763334464199,0.6483368257983646,3.0088293955504977,0.713475740319704,18960,0.15969697959782708,8,0,2
silver,17,0.4818967202177495,0.4327528443987687,0.5105387736842412,3.211253787670734,0.2787303658598881,2817,0.45596437971628356,23,0,1
platinum,54,0.9139137212570412,0.8331026634855948,0.9144772120606743,4.382526280244008,0.9869424711153101,36039,0.03674067739705242,1,0,3
gold,34,0.7329679416262541,0.6093708262923461,0.6292619867314763,3.6592941984731575,0.5740027379613577,9659,0.36176473340451654,13,0,2
refused,5,0.14506374651424866,0.10332988734441231,0.08998297704413742,1.084404916322066,0.19308983926501058,1199,0.9063302187849774,37,0,0
gold,17,0.7780342614701512,0.7438086347247641,0.6885965568142272,3.4049724548555664,0.5840316476518821,6446,0.33327225664751897,11,0,2
silver,7,0.6396326662216132,0.5635551627192047,0.3262106195342525,2.3612052682319287,0.5249878845933937,6151,0.41593816859017224,26,0,1
gold,28,0.806483077137504,0.633610631779526,0.69712014679056,3.076321723653357,0.5829119929905482,8663,0.4426351572404854,4,0,2
platinum,34,0.9639933113406378,0.9590683675918195,0.843969124477622,4.959826518075929,0.8268683119677542,42955,0.1459431951285279,6,0,3
silver,10,0.5642395980806458,0.4819577601151601,0.38199213011271405,3.2193572461291984,0.3141687209124375,1272,0.686797321053362,29,0,1
gold,22,0.682044870699403,0.6992363058532932,0.5709594579312778,3.777636381666257,0.6122481191914619,11411,0.16006376142364734,12,0,2
silver,13,0.5685058512429686,0.39028568292347643,0.5169891115411744,2.7887744543957202,0.5307402928163862,7177,0.5603768796522374,29,1,1
gold,20,0.6442705638493225,0.620479588899313,0.5993486856011969,3.1868311173071193,0.7236763683303467,18034,0.359481778059164,13,0,2
gold,12,0.8414368024549368,0.6121349552318566,0.6017918080844095,3.5459482556732844,0.7071087084991734,12838,0.3310743741369188,6,0,2
gold,32,0.6071631068944137,0.6652245845516456,0.6087574140783494,3.590313628846955,0.49921907647960057,6189,0.22097037756333002,6,0,2
refused,3,0.11711577206137776,0.10099819772700924,0.11459119752498477,2.393606372262566,0.28688148024230614,1675,0.7555833942511749,45,1,0
silver,11,0.6178227628989066,0.4177334545627711,0.4287041907469346,3.4029052438729,0.3883146901656507,4480,0.4432925421590004,12,0,1
platinum,46,0.9519767169850368,0.9837501044521493,0.8337874921030964,4.264895447236733,0.7130982758315048,46788,0.19328546847966788,1,0,3
refused,3,0.21003513818879171,0.32557885594328584,0.25884001023861813,1.9778689100994278,0.23492024104770487,1665,0.9406123221149975,44,1,0
platinum,54,0.9309066172600093,0.8665631571824969,0.7716070093903052,4.6379852057932975,0.6250168907589474,24376,0.15193803056318064,2,0,3
silver,17,0.42613929276679763,0.5035594232190194,0.40217126656226715,3.2351762122843604,0.3017347400719205,7720,0.4806416062102441,6,1,1
gold,28,0.8097866520176881,0.6091524456768769,0.5292193131082641,3.1404772955782354,0.6811313408377011,6146,0.18101340216058798,10,0,2
silver,7,0.4181449240313981,0.4054943202341713,0.26290064963337156,3.43629084171627,0.2784312674776059,2242,0.5991663098544567,21,0,1
platinum,53,0.8583480234035463,0.9431106630468484,0.7866056786591914,4.965129742126996,0.6936737787261943,25373,0.2042820355038963,1,0,3
platinum,56,0.9993747062544056,0.9190097959400841,0.9327414207378868,4.932730740476255,0.7374652770436412,31300,0.1483902338446965,2,0,3
platinum,51,0.9743746331059772,0.8942130905387629,0.8847226065826728,4.265387409188195,0.9953663957648307,13630,0.22988275616401244,3,0,3
gold,15,0.619296882556617,0.6156020941223255,0.6954876368408024,3.0310067666640133,0.6798471304748334,15745,0.19906370604724177,9,0,2
silver,13,0.6035244913206506,0.45464924279309715,0.42899242161812057,2.204204660525767,0.255889681416296,1900,0.3695930997015902,14,0,1
refused,5,0.2955189159397659,0.17633677961499108,0.1480550960174317,1.401992536845414,0.22132965393277163,406,0.9280256478173483,15,1,0
gold,18,0.7709666129588357,0.57194705926454,0.5736500214790266,3.337541476263641,0.5849411972113286,7460,0.19264225607937532,10,0,2
silver,11,0.4030270602270382,0.5980906345478826,0.27632017817880966,3.1644224960274396,0.3918742133602416,1792,0.6922032291554252,28,0,1
refused,1,0.0348896555366891,0.34429215044601175,0.10457734511297491,2.0290595481220426,0.11392336036468702,1885,0.847055220217418,72,0,0
refused,2,0.15010618841737589,0.13947237299558038,0.11448332216014812,1.0526069192177987,0.21735660070028787,1062,0.9791843667005579,35,0,0
gold,14,0.6578688034413245,0.6458492852645648,0.606664709571921,4.017843754263475,0.450428502923753,5667,0.16072987290448057,13,0,2
gold,33,0.8052452543247852,0.6545973833445834,0.677047775741513,4.040413928292721,0.7260114492327158,17672,0.3923814090042851,7,0,2
silver,7,0.5252804606193503,0.3742856661596717,0.37214241536677345,3.085976397872227,0.4663615374885831,6696,0.4135204937005445,20,1,1
platinum,20,0.8861627248494448,0.9059323357310163,0.766168337476697,4.3542362404447745,0.9893829559904692,47529,0.16415776842696903,1,0,3
refused,1,0.06076242039557585,0.059003701224166795,0.16691144893362345,2.4495001507084657,0.24599394242473105,1357,0.6127208163278681,75,1,0
silver,8,0.6294266582258659,0.5135858964196651,0.49790895545693936,2.162279292320058,0.4248858848093561,4010,0.35645197339525964,24,0,1
gold,14,0.6678730006356778,0.6519445086015407,0.5968346064326815,3.3685052920322986,0.5789493772539007,15603,0.40096571735088415,6,0,2
silver,9,0.5523297669405791,0.49373710733852183,0.276234725310666,2.819774067525845,0.5199638561713457,5501,0.4939711871085251,23,0,1
silver,8,0.3550729439769101,0.41631199893932624,0.2660241289748646,3.4376755346786876,0.42110482840262836,1277,0.48236013505852593,22,0,1
platinum,35,0.8891041792353854,0.8024406144636089,0.7055283156214652,4.206186164518426,0.7507656658945487,11998,0.14878291872642038,6,0,3
platinum,50,0.980245166055338,0.8946420236162667,0.7674103530918039,4.22784241754311,0.8540356423638875,31281,0.14765945849865944,4,0,3
refused,0,0.3665460426969583,0.1174972368044774,0.11013427696008295,1.0716279116175949,0.2367541957317945,1694,0.8307643631593518,49,1,0
platinum,35,0.8875024673824157,0.8201589206031773,0.7173761381676395,4.818707057119233,0.6525397632579627,27514,0.20178888434122064,0,0,3
platinum,20,0.8941740920259145,0.9011015758212068,0.8038049702934519,4.573041428930849,0.6376607640502792,18556,0.10924897141640522,1,0,3
silver,15,0.6244261704013879,0.5191910763788632,0.3699497378050615,2.4095179933100477,0.5113414450486466,6833,0.3992841517325498,25,0,1
silver,13,0.4229005742386357,0.39508909610940046,0.42156477647983304,2.7700910138127735,0.43423454633873426,2180,0.6847847121773032,28,1,1
silver,14,0.39989351006272467,0.516674573425278,0.4283650303435135,3.3649325949089137,0.4229319575928363,3194,0.6767335094508207,19,0,1
silver,7,0.4699886373751813,0.5258828663050912,0.29532731428161574,3.2708242516400223,0.33265240597959855,2794,0.44691559140932813,22,0,1
gold,29,0.7366146354320311,0.7880966880996811,0.6889414763344963,3.282819041491062,0.6189493165361865,14840,0.28785067997109526,9,0,2
platinum,52,0.9031220006189689,0.90605302652698,0.7398143961457831,4.156638436973808,0.7361623373398258,15776,0.09232019255388527,5,0,3
platinum,45,0.943890950515236,0.8409089186338927,0.7003360334440328,4.851174260852771,0.9801251011722367,21777,0.014522988020087446,6,0,3
refused,0,0.35113766019000997,0.12435626035043047,0.12147410084125099,2.0564371035724696,0.2636846707786186,413,0.7161282415734265,66,1,0
refused,5,0.23865567997338163,0.3478195148205269,0.1250157344919147,2.1956259331736554,0.1996994504827985,206,0.9327648696478026,51,0,0
gold,27,0.8256032583215258,0.7978831939568467,0.6130831879505075,3.2840645710245995,0.4517594183661484,17428,0.3837016181772113,12,0,2
gold,27,0.6064423996910877,0.7206351196917893,0.6157083636407062,3.315234572402322,0.4768956693707037,8810,0.2455056066408033,9,0,2
platinum,42,0.9342800038215661,0.9185925810517643,0.997044511825194,4.905524792329674,0.7888241736787993,34950,0.004388090841657227,2,0,3
refused,2,0.3846981506818381,0.05308899692833695,0.18969679378327495,2.028722749258067,0.2817587584903504,903,0.8426102023185964,49,1,0
silver,8,0.42345186524285616,0.509762603261213,0.3845839758489016,2.1060064470426583,0.4904973288424192,2264,0.425755079194085,8,0,1
gold,21,0.798047798700419,0.6861388311636689,0.6057414639768105,3.126966029827817,0.6346657869579537,16530,0.4473169526217261,2,0,2
refused,2,0.3954361916105328,0.3471293245160182,0.22568083828360186,1.6342350443348814,0.06600299341859156,1077,0.6680326053069321,85,1,0
silver,17,0.5904817029839129,0.30600706035591196,0.26428456827116553,2.1269407932801356,0.4870647284655833,7995,0.4152952692684655,21,0,1
silver,8,0.41338551127098133,0.3195016468232419,0.4435411371807162,2.6030127074762923,0.4616226621920452,5370,0.6966978244648572,20,0,1
gold,24,0.7835914191230546,0.6105884237841906,0.5988741622091516,3.636062807054857,0.6795319774899393,7515,0.3216163917544145,7,0,2
platinum,32,0.9900154462119224,0.9085698621226818,0.7481200315990216,4.1123043444112195,0.6943430396574748,34306,0.05393516979411353,6,0,3
gold,19,0.6701502033094789,0.6442465418217105,0.6190829603240217,3.3004304754850264,0.5920304800782146,12743,0.43373539387228677,8,0,2
silver,14,0.4360387187565619,0.47643155947259935,0.5268027485572724,3.4542092306407826,0.3232613419563847,2454,0.41746401266046385,23,1,1
silver,15,0.3596495810967894,0.4782364399497564,0.5004585754199187,2.8377091874242026,0.3702245342942734,6727,0.6343408694109602,14,0,1
gold,34,0.7013557062847887,0.6899361653334188,0.518603481852535,3.9143212508917165,0.6577718400232746,19746,0.32472028946038195,7,0,2
gold,13,0.6447579093603959,0.6358188722661121,0.5723080375525913,3.4384402098607834,0.7342283994179379,8983,0.44794623107704823,11,0,2
gold,33,0.700801939033313,0.7829351008291271,0.5834328557951404,3.9236777019562563,0.4904935458214926,18251,0.3049333025708465,7,0,2
silver,7,0.39408812177114344,0.5907766391159042,0.3173100483077139,3.253613367836979,0.5292531009049584,5848,0.6280233152366863,29,0,1
silver,6,0.4354023175840453,0.4640748878346664,0.5025916356121887,3.384923623554717,0.49882404917449574,7195,0.5459443834543971,20,0,1
refused,2,0.2969523557026972,0.1612077028696828,0.12160269713198607,1.3710637292991104,0.0068730179673478055,1041,0.8733986468392341,76,1,0
silver,6,0.5808187330522406,0.4223220740789158,0.3971051323166983,3.1739825165833695,0.45020853924754245,1006,0.6248660918985743,7,1,1
platinum,37,0.9730959213615933,0.828625597109694,0.9726103927808103,4.7319580675856345,0.8959945546742447,29539,0.09194649693903822,6,0,3
silver,14,0.5369442102007871,0.4072129210343887,0.5152441638957166,2.251432956133102,0.26853814322200625,6985,0.4345399844505922,17,0,1
platinum,54,0.9938053611111769,0.9441626192621013,0.7247525603321263,4.13919802461753,0.7806787276926731,10340,0.19814877907209583,1,0,3
platinum,21,0.9886062638661149,0.8230564042494569,0.9064623597599786,4.260713299919916,0.7053263135012801,29810,0.041830326000265095,4,0,3
gold,12,0.6952379612558688,0.5915638325874252,0.6354248526965127,3.9295831437516213,0.5959327161425624,15583,0.41943715041386365,13,1,2
gold,18,0.8111664772725561,0.6172903927479073,0.5054213304672466,3.1792579634717186,0.5384104109656584,19367,0.3748798323362287,6,0,2
refused,0,0.285042429434837,0.23301902533421445,0.10174967731269734,1.0181735583994724,0.0980540091392147,1212,0.7052601038409316,85,1,0
gold,27,0.8087368014236009,0.7293662476529781,0.6990843025850912,4.140335068333688,0.6173637550733657,8641,0.2715645369897836,2,0,2
silver,13,0.46982049762234007,0.45178966890600086,0.2664361740774741,2.9879337634446417,0.4732665018427923,1840,0.6371207552666356,29,0,1
gold,26,0.7065995892004056,0.5676339093982392,0.5102331012890952,3.4830316265881707,0.5098714847687816,19576,0.39141779512242936,10,0,2
gold,13,0.6027027709087991,0.6883679440524625,0.5267391308798872,3.4304910126514665,0.6718689744333805,18269,0.3678568451586316,6,0,2
gold,17,0.7508822016252802,0.6329042122769586,0.5165144316070555,4.049719275064792,0.5512077235071839,15088,0.26436898583246304,2,0,2
silver,11,0.460395523156036,0.5376507408683893,0.4042260624637821,2.1693041264702333,0.26371144739157626,4325,0.4879466349899091,14,0,1
gold,23,0.6454447168043405,0.7187233007635387,0.5258142493861763,3.241093607622627,0.6923107107132171,13983,0.1885872181317576,7,0,2
platinum,56,0.8995522721921371,0.8796574767951272,0.8731555710135244,4.053858206998026,0.7363262799159387,17190,0.09608875963103372,0,0,3
refused,3,0.012722212493536535,0.18619043051593345,0.012610920657126212,1.1262556548403058,0.004298536635690631,1866,0.7063513941540391,66,0,0
platinum,39,0.9214929226189618,0.9978369819626718,0.8690316782045376,4.81175221686571,0.7801861206631273,47713,0.21785350854771357,2,0,3
platinum,45,0.8906436463772694,0.9407892270277018,0.9805605445898379,4.277752623749262,0.6664137253664781,30219,0.0030257791940268564,1,0,3
silver,7,0.47429249370025195,0.36456619357991366,0.2715839077718321,2.70216858568239,0.3435049770537884,3779,0.44301123166533146,29,0,1
refused,2,0.14060301760372082,0.2929916937960821,0.1580958654979284,1.6040519293479458,0.081491039223629,908,0.691760250678609,68,0,0
silver,16,0.5015679433405023,0.5329772687949963,0.3390835287860716,2.1729368898254005,0.2955977684334032,1361,0.49162939626663327,28,0,1
platinum,50,0.9395917123383146,0.8241045157572929,0.7265666752669724,4.667350398046429,0.6873772731533229,44782,0.019613954079280987,0,0,3
refused,5,0.3886084108328625,0.021471645286926105,0.258503395858352,2.3591613997928107,0.12314907993686691,180,0.9026438758951968,86,1,0
gold,21,0.7456786123361704,0.7002363711344298,0.6300374332891306,3.3067994679981774,0.6746016525752973,8483,0.3821402245707102,6,0,2
gold,14,0.7588535892154774,0.5826793308974394,0.5100350700639948,4.118720260705167,0.5555129453876425,12773,0.30835021126838225,4,0,2
silver,14,0.35577468915466814,0.506966619671521,0.4030207566852124,3.2346433704434503,0.36686594068782863,3091,0.6549096161863404,19,0,1
platinum,24,0.9708797330111715,0.9705643643383803,0.7271445085861152,4.091870887710044,0.6526773753888154,22145,0.17621775251084543,1,0,3
refused,3,0.23304894327129852,0.2683353698676539,0.12296420520085027,1.2794644262536754,0.18296127547690672,670,0.6156787341822972,16,1,0
silver,17,0.5962728902211848,0.4594175379415313,0.35429052609286044,3.2934548540395983,0.28552047524245083,2254,0.5886288839495353,14,0,1
gold,20,0.7680626718235486,0.7882800285985345,0.6591156752515173,3.0698853969843305,0.610210833961397,6663,0.15085264609919172,3,0,2
platinum,41,0.9082402575984808,0.8282163697555428,0.9464322184029599,4.121761911125275,0.7426683896567059,29840,0.040417859059240474,1,0,3
gold,13,0.7166732802211021,0.7374649828220672,0.6166614496368409,3.9321856406883375,0.6923494355479867,15239,0.38873601935295066,8,0,2
silver,9,0.6457420463025276,0.375729358230612,0.4699072644590975,3.47950409323713,0.39210557812101143,5983,0.538388461220668,7,0,1
silver,9,0.6042501861129025,0.5507077761578076,0.47767367466610894,3.2780162742325647,0.3083399033973083,4669,0.42452104996150697,23,0,1
platinum,44,0.9794707782983506,0.9951082631365513,0.8361080903815847,4.09292914437939,0.9922067288004424,43210,0.0726261264178551,1,0,3
gold,31,0.6982759768898502,0.5829217258590518,0.5322895372065842,3.1930323521821173,0.708553146988449,8811,0.3122958706584251,12,0,2
refused,4,0.10464811091626953,0.007262105809132623,0.17876509130070295,1.6859414190935254,0.15166378139044925,1107,0.991499165846195,54,0,0
refused,2,0.3207856020090283,0.2890521973648116,0.262078257987487,1.6645600128340172,0.1240850548048184,897,0.9212077529197467,62,1,0
silver,15,0.4734691315703091,0.5219249842171456,0.3077119276787407,2.883674515741493,0.45181375794603107,3938,0.674744793312168,10,0,1
silver,6,0.451037783324632,0.37546366593988345,0.3750547718480207,2.771481398586367,0.5363381282615901,3225,0.5806954694181062,20,0,1
gold,13,0.655309674111516,0.595196287640595,0.6195616026803028,4.070962912742415,0.6598583611207716,12616,0.29385577113340616,3,0,2
platinum,39,0.9376299227071254,0.8370945819153446,0.7732441871267123,4.671454934894643,0.8100959030080641,38454,0.24463136709728514,0,0,3
gold,19,0.7654586462784996,0.7113835891026306,0.6383286803946636,3.6649191364749916,0.5781337339258003,14971,0.35185651134290735,4,0,2
platinum,49,0.9327381808816105,0.954766904640268,0.9351497660256586,4.211755350665478,0.8930540938803331,35232,0.18221536056748672,0,0,3
gold,15,0.8014122013408355,0.6121979471847943,0.6009005848109671,4.15862150188172,0.5945700501329932,15576,0.27281673935502554,2,0,2
gold,30,0.7444079385861057,0.6518413810532081,0.6216422753532893,3.1010556134125182,0.6685481801542321,6832,0.32471865252255094,5,0,2
refused,3,0.29110228693143386,0.31950124908028255,0.14607694449573308,1.2149475145214879,0.10013605642378022,1167,0.7364489250857258,42,1,0
platinum,20,0.9761064978816897,0.9323310350161083,0.9192488424612629,4.550091940458156,0.7716730373585428,40622,0.23024863027414397,6,0,3
silver,10,0.5238482548370784,0.4136542394551665,0.309832101103966,2.4578804436506645,0.4744162207264349,1485,0.6103528483108598,9,0,1
platinum,42,0.9012344815684817,0.9409851099377906,0.8765237900021816,4.450124432419759,0.961443137738718,32313,0.10630704635942348,2,0,3
silver,10,0.44020672028813307,0.5415033897245171,0.4229547371465914,2.86804261807647,0.3163852197744873,7067,0.6452839313968043,19,0,1
refused,3,0.1764139223382482,0.15589037722562818,0.2642261514170155,1.8568853524455669,0.08627152466757851,837,0.7453293934295006,25,1,0
platinum,25,0.9321957824872131,0.8454701966059974,0.931256232562297,4.675841245087376,0.9615653321041499,17446,0.19323037046902877,6,0,3
refused,4,0.18046716651534891,0.07492962907593127,0.29111514683774625,1.3175062405067548,0.0973942170011628,1103,0.7632938483287826,89,1,0
silver,7,0.3659077313089432,0.5651487970426456,0.5343812039138955,2.5879342102132283,0.4697859464386778,1381,0.4613463859667218,23,0,1
silver,14,0.35240955916268685,0.5717629266288602,0.28652991327986965,3.168107235387746,0.3464764792672147,5329,0.6095813110513311,12,0,1
gold,22,0.6522648434267115,0.7525402724899257,0.5799966036587136,3.2945453550467168,0.695508192418565,19404,0.31811968614598285,9,0,2
refused,4,0.11133082819945557,0.13913281518752554,0.29693232470402686,1.4396678187001908,0.024819542196301548,1363,0.9111560569568701,67,1,0
refused,0,0.2213779327790796,0.27607098273140046,0.14944453117037007,1.4358688433569933,0.25091880218519874,1618,0.8492692972125571,44,1,0
silver,11,0.5392911334610174,0.4965516429533757,0.2738848753982313,2.7652078128656026,0.27897297421169925,3810,0.5852520404263425,26,0,1
silver,11,0.5029797486222946,0.32914940458978964,0.41625810898461946,2.9156177911408565,0.3222878986843842,2896,0.6787284476599222,28,0,1
gold,24,0.7391161593372055,0.6355331500279737,0.6164870153776592,3.8606177364561094,0.5352864867286378,5916,0.35543194748375956,10,1,2
gold,20,0.7490204888095765,0.5832524497268322,0.5418194729179229,3.878663047574667,0.6591039041802789,18879,0.3767897546793745,6,0,2
silver,13,0.40046408070026296,0.41168389704297237,0.4941477700296113,2.4492000694213774,0.4461047996971407,3455,0.4110436901257452,28,0,1
silver,15,0.4855225260546326,0.4646855224073481,0.5388861860725991,2.3251458020156,0.278694579866802,4478,0.35334536515182396,15,0,1
gold,23,0.8225960802138165,0.6117402917479732,0.551621528634683,3.4827124964202505,0.705446754493964,14686,0.4016913290022204,7,0,2
gold,22,0.663834093440811,0.5623052286351904,0.5109220606426939,3.926203242276132,0.6739356386571342,6193,0.19004066378463855,5,0,2
silver,7,0.5600643976536003,0.490637153885667,0.4549240520422406,2.3080098190085847,0.4066070252993046,5811,0.4008315041767203,9,0,1
gold,32,0.7049068457017026,0.687227407910018,0.6954913126367684,3.588374987291794,0.621694555689023,16690,0.21224083141766314,12,0,2
silver,16,0.6320935402783255,0.4859898874388502,0.3022327742599705,2.3547105760494595,0.5247851411537033,2477,0.6515474994874847,26,0,1
refused,2,0.16015227194549264,0.17464554232118,0.021849818696996613,1.3385276400178312,0.11637916129646161,777,0.7756668762217304,15,1,0
silver,12,0.45309419253361954,0.3367015727886424,0.5156571516259592,3.01103449159039,0.5413523215419875,3739,0.5534847133677789,21,1,1
gold,17,0.625816252218762,0.5832955314168808,0.5127589112507196,3.4024881761956163,0.5255994664932215,18375,0.43028093743916307,10,0,2
gold,19,0.7706331148844303,0.6343326522114414,0.5019655105139575,3.6143263568183137,0.7067775568773893,11763,0.3579892405654476,2,0,2
gold,13,0.7392601283187588,0.7941402558307261,0.6879848745771417,3.645097365661817,0.6165887475984544,16351,0.4384147410431146,8,0,2
gold,19,0.7958673900123169,0.6575866330930502,0.6813971036876487,4.1288282252678785,0.5747740962892529,11883,0.2504455034140353,11,0,2
silver,16,0.6199571845547585,0.42404197923659054,0.5144633351217797,3.052235923294045,0.47700753198281015,7162,0.5914969187240071,28,0,1
refused,0,0.06033177506441145,0.179525390726949,0.10821096087180962,2.4705780229666545,0.2246505857690151,1888,0.9383727142636997,17,1,0
platinum,57,0.8568791899606949,0.9246665101809981,0.8956369736591313,4.253058432800785,0.744151127972139,46188,0.16366267171648863,6,0,3
gold,29,0.657845159094212,0.7114006442646029,0.5686053425180049,3.690950965346772,0.6082738867276052,5712,0.3308009882833516,12,0,2
gold,26,0.6310864603577175,0.6838369420154142,0.5905766720831023,4.027886386420003,0.5724121384808449,14168,0.190554916251429,10,0,2
platinum,43,0.9459042035461364,0.8368741841357927,0.7851563585825935,4.646090123462508,0.8455109675262796,32190,0.22313955687161863,3,0,3
gold,21,0.6949947697413487,0.6336972604726698,0.555826094154854,4.169712097603434,0.6426330705076564,11860,0.432647375108998,10,0,2
gold,33,0.8443199831416118,0.6780982051830267,0.5421939781239901,3.4925984564368555,0.559991310028937,14379,0.33270868341207477,10,0,2
gold,27,0.7232048961332062,0.7188640113341065,0.5295916668218812,3.8616817934410332,0.4964524183942365,16600,0.25673222526019807,2,0,2
gold,14,0.7993785113241214,0.7630121039511732,0.6069598932562384,4.009938551709379,0.5770074082052358,11963,0.3774907851631556,5,0,2
refused,0,0.15237830506952285,0.16174022294561333,0.03177190085243335,1.7573362214184416,0.07228561279108284,1578,0.7275415082459503,37,0,0
platinum,39,0.957768590625483,0.9201596892884396,0.8890626244987432,4.1608481739577465,0.695542664160771,22237,0.07744696480227481,5,0,3
gold,14,0.6200264316524006,0.6686922515109128,0.5505674801380578,3.645745212047776,0.7079243417055201,11152,0.35529859513658,3,0,2
silver,13,0.3602875034931627,0.4190735771960086,0.3313451083531659,3.2089294525662244,0.42116801552226946,6376,0.6174194564483534,11,0,1
gold,19,0.7556883508099602,0.7505990076384081,0.5173934040511866,3.9466967555590404,0.7300365315749557,7162,0.2745641270052992,10,0,2
gold,25,0.7730885765386035,0.5670466549413657,0.6623254028889707,3.7121956989862217,0.6801700182477669,7176,0.2232192032901754,12,0,2
refused,3,0.22889735838738054,0.24755297200953738,0.06037594827147229,1.5293843396396525,0.2722917879928632,1032,0.6789365672765157,54,1,0
gold,19,0.7488074331798504,0.5882861250209891,0.651795366370806,3.7542046801002815,0.4555075151997672,10640,0.4313224964804466,3,0,2
platinum,38,0.959747163294946,0.982370481768593,0.9125716013807887,4.0158210917655826,0.6229121004310493,20516,0.004236916222395248,0,0,3
silver,10,0.5060058638868571,0.4130567948952326,0.3434953301828955,3.2566081392766457,0.36726275471074854,1027,0.55389309373461,29,0,1
platinum,53,0.9653376611973096,0.9910472625446958,0.8987863837024961,4.279367713934716,0.9465546057005368,43905,0.1734045143684488,4,0,3
platinum,53,0.9065888624841963,0.8757643131113831,0.7979300729509878,4.152983800828562,0.8343240583887608,16439,0.09477351216798405,2,0,3
platinum,28,0.9220555122799532,0.994909453039774,0.8315821649468615,4.297355048236839,0.9871023508413556,48975,0.12022253665075225,2,0,3
refused,1,0.18985828931035542,0.06217956774849361,0.03275912982760402,2.1933179146280333,0.20466018177995834,889,0.8310676680932676,46,1,0
gold,13,0.7231338451785723,0.6601662208560735,0.6436028356254002,3.245975079391093,0.5902162006343776,13021,0.24863228624777722,10,0,2
platinum,40,0.9605233713092369,0.8767927779839452,0.9492631574025117,4.316922477344945,0.6130582710182674,12368,0.2141343059369817,6,0,3
silver,15,0.46104437550512506,0.3237387868424051,0.4902350240121679,3.127057655803254,0.33888095078634084,5360,0.47978146914069664,7,0,1
gold,19,0.6400564002441266,0.71557843468268,0.6141707872557522,4.048413641472899,0.4511490871500968,17931,0.32599389833247755,9,0,2
silver,9,0.51264125279185,0.5003810233644196,0.30722629892297915,2.602003914649139,0.3607962832635027,7932,0.6703381594107654,7,0,1
refused,3,0.07053234150721602,0.12245558174505387,0.2057180853227046,2.2298755290680328,0.2851936874177841,1164,0.7455208433729339,88,0,0
silver,8,0.4306343894484812,0.34000560202608404,0.3730491307691912,3.226814956832135,0.4035419192315872,5364,0.41018964064524,18,0,1
silver,11,0.6406768621156228,0.45284482135317433,0.5373946160827299,2.252135878029463,0.46058606019109777,5081,0.6050919514928061,12,0,1
gold,32,0.7961013683031993,0.5993889764196196,0.5487229583964388,4.009315404739322,0.6809920854619803,15559,0.27701602472023856,2,0,2
silver,13,0.5168157272839883,0.3950241549772305,0.47100576276080963,3.2848578535390036,0.362224224186461,3045,0.5533928399751694,11,0,1
gold,33,0.7366739205180325,0.7767604901037555,0.5851011318543685,3.2529157193158875,0.6186332647869689,7580,0.3556321567113874,13,0,2
silver,6,0.48664135121881025,0.5897983483672387,0.27191759380983443,3.1618254912105375,0.4788500275907603,6413,0.4521033605131263,26,1,1
silver,12,0.5234865845520211,0.47024576333507884,0.32338380102085756,2.4124540496794236,0.26723055825848313,5849,0.4518511771900985,5,0,1
gold,17,0.6768041042553177,0.5843250081788927,0.6933116878761088,3.767042195267952,0.4982953295062124,14764,0.2943564454425308,4,0,2
refused,0,0.06168909564785596,0.16879676082030254,0.2047429137147954,2.29018066209612,0.1734761536010156,1484,0.7789645817147981,32,1,0
refused,5,0.2766982850443602,0.04445726942520074,0.12828824150621657,2.1622979012516614,0.19514500499840623,1274,0.7922313010754714,76,1,0
silver,6,0.6343510699541,0.46734080436274406,0.37097812636674615,2.2019887420766855,0.36981860441306524,3167,0.4643871071881062,6,0,1
gold,13,0.8035966948171903,0.5803257495013836,0.6847462791753551,3.7089654402214993,0.733536734623466,8872,0.29027668454963007,11,0,2
platinum,18,0.9112777439403875,0.878233953216076,0.9863980090099922,4.137822899159236,0.7559489411766176,36586,0.0497480347398592,4,0,3
silver,12,0.5847536024617488,0.39082427114136975,0.5395422102213059,2.5179117416278576,0.32519679401247087,2681,0.5073186878148997,7,0,1
gold,30,0.6998796961467337,0.5903644585160601,0.5775945508795772,3.2451077615236756,0.7145126908915754,14941,0.19692807564648573,3,0,2
platinum,19,0.8624122630052959,0.9661309013130499,0.8659004357775875,4.564441090678883,0.6133534407145524,11307,0.08041749741488716,5,0,3
silver,11,0.4374733150279792,0.4999410588161115,0.3299491600038536,2.493493662031953,0.4663063117908255,2277,0.5382432381022577,29,1,1
gold,30,0.6126556180672685,0.5972989480975888,0.6706634373333171,4.016142002243694,0.7497621896830322,14636,0.4217550576296387,11,0,2
silver,15,0.5311180152605393,0.42153063811413616,0.48506680499272786,2.661868814646766,0.5149497033926853,3185,0.4002521122070083,16,0,1
gold,26,0.8366890611730602,0.7643077343424478,0.5565100535037277,3.5015809026082962,0.6816802670512517,18942,0.2059735497760924,2,0,2
gold,27,0.6700836881378531,0.6256937820679919,0.6642942505552382,3.8657389885314863,0.5348002081623477,6054,0.4124818216808014,4,0,2
silver,11,0.5006905152985226,0.34677037306198405,0.42415578300291107,2.3963659052183184,0.4979244786546646,3297,0.3604232755623223,18,0,1
gold,23,0.8336082596883603,0.6353111124394302,0.5579455967476429,3.6957257301149755,0.5180275852201548,7580,0.17851207219548582,10,0,2
silver,13,0.4398777966755647,0.37688794868838227,0.3530060159248156,2.639661192938648,0.2961022918640862,1929,0.5183735167966157,5,0,1
platinum,30,0.973418552781504,0.9428118399579657,0.8770791816656867,4.873336661723847,0.9147880539670665,41778,0.11491621760066531,0,0,3
silver,10,0.6245097270413253,0.313343156640948,0.4030058139184095,2.2818349254087713,0.4350214241724709,1842,0.6747062979240512,29,0,1
platinum,32,0.8774298995660961,0.8758457169927601,0.9556580600041022,4.4791832294436,0.6116285521375815,13311,0.17826151265857967,3,0,3
silver,17,0.4451219656291073,0.4252043760912424,0.38124683225893996,2.7911034307550873,0.30606166432103665,3736,0.4400939305688469,20,0,1
refused,1,0.2875116722338862,0.32174702391395626,0.07683212748018778,1.9186043621544582,0.1915718213116897,379,0.9793891277821585,38,1,0
silver,10,0.5203522881655164,0.5609070603778636,0.5313259046534451,3.400727025210923,0.5188593394838187,7268,0.5185888128593172,28,0,1
platinum,57,0.9411332833440359,0.895956265371301,0.9822626069014195,4.748191905978998,0.9642706317740558,40750,0.04075883423289775,5,0,3
refused,1,0.22796147865873695,0.1307321463841265,0.18438743480382466,1.7826832257060161,0.21226104948809885,1836,0.9225666696075163,68,1,0
silver,12,0.590154537379545,0.591293157476744,0.46261645112457533,2.4495942270813873,0.4339041883155916,2164,0.5454806536062887,10,0,1
gold,28,0.7205330247299604,0.778260366722464,0.6768686855942575,3.808103674693719,0.6578635283089956,9997,0.2520648715366004,9,0,2
platinum,52,0.9369474901707607,0.8825587101213505,0.7027091212388651,4.386348909848316,0.9036994932243372,29337,0.07061810659250092,3,0,3
platinum,56,0.9651669252164258,0.87681812229825,0.8927727906841568,4.8151183844803676,0.6197987413974666,32736,0.16850497976469817,0,0,3
gold,26,0.6149858252153271,0.6442167200867972,0.69747369446244,3.963236886403226,0.7295194274261474,17766,0.4193694314322757,10,0,2
gold,29,0.756412697356819,0.6191885329878272,0.5860285464193652,3.4868573090171373,0.5885419444686056,13015,0.22597584508971486,12,0,2
gold,20,0.8066377685478661,0.6925717346828477,0.6870788979335597,4.19477421200922,0.47598592825640823,18092,0.4025476093095788,12,0,2
platinum,52,0.9546501360545397,0.8004678781251557,0.9651129008982258,4.105693479906274,0.8603074190234989,49105,0.10414145712057304,3,0,3
platinum,19,0.9404172823034948,0.9285851127228506,0.7896507659011941,4.876105192598042,0.8231280767716805,29554,0.12472391613398548,2,0,3
gold,25,0.6146413263211334,0.7597749246999029,0.5423428744295942,3.2959877362137333,0.595255349496779,14001,0.2974221790298005,6,0,2
platinum,22,0.9970694087638567,0.9674157981406059,0.9507994191343628,4.127199762687449,0.9224783524015163,29503,0.12438496303652555,6,0,3
gold,26,0.7454341618552967,0.6616816171756602,0.5066847144871007,3.0473011021444356,0.5047875390759303,5415,0.18167951880784228,7,1,2
gold,25,0.8451420567651808,0.6909732302638506,0.5551133552618357,3.54135608375741,0.6871540822600943,13831,0.40073492125638044,7,0,2
gold,33,0.7893207445688751,0.7864374255564825,0.6621367140675183,3.7122903052971576,0.5013257900571486,13148,0.17111043237180878,2,0,2
gold,16,0.6212640963723103,0.7520670528040696,0.6995344526529318,4.021844606277511,0.5699158652923283,19893,0.16582698444962723,11,0,2
silver,8,0.4063184226494821,0.4622827080014781,0.35979892248698075,2.8465088347732603,0.2757526832861747,7323,0.4252472782559369,23,0,1
silver,17,0.48829161567669466,0.37547969092944755,0.41154899522351795,2.9490925790113494,0.5294824286397772,1579,0.4389883409150903,21,0,1
gold,35,0.6952478184170999,0.6171994037575496,0.6329478409821692,3.0943520531877096,0.5736053216854969,16032,0.1547560636120701,9,0,2
gold,33,0.7682730327278042,0.6049087321486423,0.5889425553716672,3.9627284365769735,0.5145807137357503,8888,0.3776987287472183,5,0,2
gold,22,0.807737292763767,0.6871471037636722,0.5451579104301258,3.703922084885473,0.7365525481434397,19293,0.1886241608627139,3,0,2
platinum,58,0.9544752199340618,0.801050763711677,0.7992668088967515,4.443273087443618,0.6000753598226327,25906,0.013658605000243074,3,0,3
silver,12,0.42069321182642655,0.3313913420782877,0.3592872264020737,2.6053842061477215,0.5034820126056325,5302,0.5450707726507633,24,1,1
refused,0,0.14940884147182484,0.003927311492111879,0.066440574909561,2.093140696336696,0.004036577322544132,948,0.9780087670140956,42,1,0
silver,15,0.3550764030394829,0.531589330304965,0.520217743037195,2.313260624634188,0.4644075201744271,7348,0.6577147212226842,12,0,1
platinum,36,0.9321169460348667,0.8793298746104109,0.8118545911566803,4.859565231646946,0.7259678354451871,25072,0.051768952302713805,0,0,3
gold,28,0.6855269052158985,0.5849968441804407,0.6512902175977824,3.0103428031101362,0.4658807806706455,19641,0.42661464063813226,6,0,2
silver,16,0.4885503303681825,0.5998906876276331,0.31569406896746727,2.369148683864474,0.4478590957089942,5459,0.5453967835413704,27,0,1
silver,8,0.4544090458124759,0.33848303173876976,0.3925278005462086,2.666096737130797,0.45991190672497567,1391,0.48565358360289157,13,0,1
gold,13,0.8479906868096608,0.7972101353259158,0.6909332713758137,4.003294680954337,0.6401668385497326,19635,0.4494667351827152,9,0,2
platinum,52,0.8699675392881218,0.9289093301251644,0.8740336689086404,4.474336109906214,0.8920984588360583,28514,0.07413997805148267,1,0,3
gold,28,0.7621913465398464,0.6687750851729302,0.6701705514644191,3.796814673681123,0.5595142700077804,10778,0.2597758306240726,8,0,2
platinum,52,0.9390824646336848,0.9259555845992307,0.9541502084117722,4.524159170726162,0.7754153954149742,25275,0.08823962586308914,1,0,3
silver,11,0.5094082495085801,0.40502139368248585,0.4198934864557314,3.0353099975312032,0.2832117066419533,3295,0.5161547248446692,17,0,1
gold,12,0.6291457686389241,0.7699003741779405,0.6538122266319448,3.706117488544143,0.5760748805422626,13431,0.29505662020949147,12,0,2
refused,1,0.3292998410718122,0.2171640611180171,0.20725535263981476,1.490912789997175,0.048710767357917906,1935,0.7685428350982427,50,0,0
gold,27,0.6420509139416295,0.6526706582525708,0.5332369999219498,3.0598321756789972,0.6401349854241862,14280,0.319509757492785,13,0,2
gold,21,0.6034206036901703,0.5910717108181024,0.6158626805576921,3.2921311401184927,0.6920123423235185,18411,0.42445734177622796,6,0,2
gold,28,0.7442203003278021,0.7649113363381517,0.5927970834880761,3.061469155685176,0.5949198735579908,14044,0.23930211467785373,12,0,2
silver,11,0.4363935823797501,0.4833952161159244,0.5052407804948539,2.416573458860859,0.4496418895411899,3134,0.4815593841784858,17,0,1
gold,18,0.6784695191287569,0.7581529433315328,0.6817652995433724,4.021897680020685,0.6256963006286398,11007,0.16228545964484392,5,0,2
silver,17,0.5378538358773544,0.5672236775549164,0.32729685304215844,3.386122901136145,0.36244917087625905,3701,0.43209043526181856,6,0,1
gold,26,0.7648557405204994,0.6437062310874995,0.5060707611066009,3.764882977451066,0.49781846543142066,18113,0.28403095034047565,5,0,2
refused,1,0.3462550349126041,0.21884931280785935,0.24215597043516873,1.1210849568743717,0.0957132094060988,441,0.876830036763284,71,1,0
gold,32,0.7693595178070736,0.6761139854173389,0.5078723759639459,3.551475573006626,0.6531113444646031,7108,0.29099353039733833,7,0,2
gold,29,0.6406652037763713,0.7943209557942323,0.5470766523796715,3.7206417218476977,0.5506827732722704,15623,0.3533684755488264,7,0,2
silver,12,0.4773188878245607,0.5666239214254926,0.2905683552865492,3.2623077015370052,0.4011198235924703,2658,0.5417081055134958,5,1,1
silver,10,0.5928028486216107,0.5066867370513509,0.34626441971099303,2.384780640988712,0.2987380641510499,7660,0.6974850617894385,28,0,1
refused,4,0.22625410748045757,0.2793707468934645,0.09794908425491954,2.1668522417305556,0.036976112441417706,1736,0.8481871892857016,29,1,0
silver,14,0.6363108086684708,0.35888616004292284,0.45500088438406416,3.0113471746227978,0.2822495911328287,2836,0.5190336771258329,17,0,1
platinum,34,0.8919645260753418,0.8245553779325417,0.8849813745587422,4.5942907505617745,0.8080762093006217,23283,0.14127132811318907,4,0,3
refused,5,0.05134895941302667,0.07099427792823808,0.28093691710653157,1.8309580818791908,0.044917669243857095,992,0.9178718273724862,20,1,0
silver,16,0.37740615960993096,0.39620978551239683,0.4360094823034705,2.057461200259492,0.27012029546208666,4886,0.3824957802857172,12,0,1
platinum,59,0.9091782697912194,0.9977457563910885,0.8073404052784814,4.829332405141284,0.6373631887901182,36132,0.2359253982050552,2,0,3
platinum,25,0.922171809108444,0.8103191613317421,0.7102563297817475,4.068712832518267,0.9357843638003067,30131,0.0927352520394413,0,0,3
gold,34,0.721005143127351,0.7742488223411028,0.6071084946195596,4.154805668977448,0.695389048304746,8900,0.23604472416210937,10,0,2
silver,13,0.43211297515185276,0.4205071705684843,0.2851321694515834,2.963869873706811,0.5431116260849327,2196,0.4938149667471322,16,0,1
refused,3,0.35663222318324383,0.06781907821192902,0.18439270637783417,1.6585795599270927,0.28966553239353904,454,0.647194883329758,77,0,0
silver,10,0.5700380816023475,0.380198864508803,0.506932913393629,2.9077132952043017,0.31396425869804334,2112,0.4377814463753137,8,0,1
gold,34,0.7825622973823928,0.6102009540182933,0.6945136471299473,3.3836650192078253,0.47501371613062787,13661,0.36463086098296216,4,0,2
platinum,33,0.8770100908523948,0.9935398776414173,0.8326073121348572,4.9882752710001315,0.9496906896553406,21944,0.1306275452713971,3,0,3
silver,17,0.3613814938807806,0.42625301651600045,0.3550314412853691,3.3181252082517405,0.5391325546621686,5694,0.45183545068128655,11,0,1
gold,17,0.6363316731051261,0.670874521276701,0.6646007148893869,3.6338132657076208,0.513158546532184,10152,0.20419880967072282,5,1,2
refused,4,0.23206874799652152,0.2001808768424507,0.21519252370005248,1.2852672032859889,0.19752766325913454,859,0.9684860400425142,18,1,0
platinum,32,0.9566428718255122,0.9675651470566491,0.863706066548642,4.1939538672677745,0.7789872565289832,34142,0.15621852490174973,3,0,3
silver,14,0.4481750923717451,0.33964301345095815,0.4786325400092313,2.0117100417333353,0.35393539220291814,1137,0.45208056967532795,18,1,1
gold,33,0.6257106480393692,0.7980339098696457,0.6011851600292788,3.5867411117261425,0.5410092846642511,6860,0.19353167201893506,9,0,2
gold,31,0.6689806735951367,0.6269547875065298,0.6386755077037705,3.2049764475674527,0.5073316868073435,14193,0.42412950099113966,13,0,2
gold,29,0.7313675768389732,0.6222421312302646,0.6154706802439335,3.848673994002508,0.46453926974274673,12394,0.3706309781676559,10,0,2
gold,24,0.6933644862831763,0.7699381005735859,0.6115377382370906,3.4877552615424867,0.5540156283707733,5045,0.35225928685947894,8,0,2
platinum,44,0.9379803151991138,0.8140059411494942,0.9305558093571373,4.258431620291818,0.6258747574060526,32173,0.18176419040384753,1,0,3
gold,26,0.7751528740986129,0.7225117221023625,0.6282172207164318,3.542658120122062,0.4593204390733369,19908,0.3960830579305964,13,0,2
silver,7,0.4124329989261522,0.5080852913348636,0.3884203572476729,3.3060894599782933,0.3604064408317677,4648,0.37233911214839976,20,0,1
gold,20,0.6741531205392732,0.7609983679855062,0.5271491706199802,3.4462041414797033,0.4893239585114109,12192,0.34476863386228906,7,1,2
refused,0,0.36482713805025035,0.17112764090670887,0.1812722892291296,1.6667634431039562,0.2621771038157732,702,0.9912612488336157,69,0,0
platinum,39,0.864123548240284,0.863239316459299,0.9683439792904203,4.823174015595661,0.8397475862651735,33377,0.1251002864275503,5,0,3
gold,19,0.7722719134370574,0.6610458517195916,0.5477503542172049,3.6482607201343424,0.7294471160756778,13146,0.1784860942254993,11,0,2
gold,19,0.7030699319579163,0.7484837833629628,0.6192692994993552,3.501250280367571,0.7297944301627436,9928,0.4454850949084933,5,0,2
refused,2,0.13959604320566302,0.22984967880349194,0.11444071919814978,1.5229667175335764,0.147782903655848,1839,0.7989405292507399,69,1,0
silver,9,0.5458279267928376,0.3487961561286363,0.3512968506402819,2.7791445934509627,0.45095000164488663,3743,0.40296944054203654,8,0,1
gold,17,0.6301118349991414,0.7354068218629722,0.6470457036203192,4.176006555836181,0.4561023245646533,9091,0.18235597936869274,11,0,2
gold,24,0.6131913144649006,0.7853685593765164,0.5361315082622606,3.1974792701152017,0.5425056365028597,15264,0.3362456410517676,13,0,2
refused,2,0.026068798358882806,0.10372866239428773,0.037332243228283275,1.809558272989946,0.20193399069298626,754,0.8482832905340236,40,1,0
platinum,34,0.9977929075998256,0.9559517549576062,0.9174479679622175,4.430337177508921,0.9427495744300376,11140,0.16560850292526702,0,0,3
silver,17,0.5250306904132656,0.46892828336174786,0.5003133590969224,3.269414682004438,0.5382213516698415,6153,0.502701275752793,5,0,1
gold,25,0.6317361034387432,0.5599806331409378,0.5327457915758342,3.936565366056186,0.7341920697710886,14910,0.1923328944997948,7,0,2
silver,6,0.42918825623956125,0.3966892420208725,0.4947127810006219,2.978089813991937,0.25371649657112677,7345,0.4087624421317546,7,0,1
silver,11,0.5056424936253061,0.37566001518507386,0.4757416045161216,3.347176375405342,0.48528573152214066,3626,0.44006969586633626,9,0,1
gold,19,0.8051218961200687,0.5980058422840862,0.6664782083403815,3.867407044680255,0.6824018811545395,18939,0.39129141388665506,3,0,2
gold,33,0.7691209373801511,0.6508702422567499,0.562566839504844,3.751009433978851,0.47487437441834435,14908,0.2537190756578994,13,0,2
refused,3,0.14621151876291166,0.18278768352486774,0.23530918363234982,1.1105647280083657,0.24512411623250796,1889,0.7491010880268693,41,0,0
refused,3,0.218121280946303,0.34454561196337324,0.05456420944547621,1.3107722078416595,0.25376989378845755,1180,0.7365338403324873,24,1,0
refused,3,0.04578582638981765,0.24353813085833645,0.053924070401477564,1.2250290426847932,0.003449391719189332,1349,0.6266662205103293,75,1,0
gold,23,0.667999651336089,0.5656078318194451,0.6230139508029395,3.981386488279429,0.5196235733598495,16226,0.2675903220823389,12,0,2
platinum,19,0.9716806265104004,0.9557143878101502,0.768587548457477,4.302060501834795,0.898887835096815,27154,0.07185239911639493,2,0,3
platinum,53,0.9117491821536292,0.820618749202749,0.834633272149421,4.047830820394106,0.667632428142397,30536,0.2432695407430832,2,0,3
gold,16,0.8185768335342701,0.693916313249355,0.5834765883600946,3.2261998233546736,0.6958283561011095,11839,0.16776699161898223,4,0,2
platinum,25,0.9671944075706804,0.9575579777428985,0.9889709960320396,4.3335695494722,0.6511952834134346,31312,0.23944745024705097,0,0,3
silver,11,0.4750503845668381,0.41916219129206916,0.2670704441492865,2.3329925675284633,0.25039439002918795,5499,0.6484554878474916,25,0,1
refused,1,0.12101061648188507,0.11797497673170411,0.04981933332058214,2.0320614495180322,0.2571592761673662,1863,0.7901589487455531,69,1,0
refused,5,0.25890180454963024,0.17248877656482003,0.1853919140541922,1.5127531881415037,0.15197960885503783,543,0.9028128217844132,62,0,0
platinum,54,0.9605553335186513,0.8931400244637626,0.9280282235314291,4.170477938173917,0.7977924525180372,21738,0.018901260154187693,3,0,3
silver,7,0.5326052661810503,0.46395673734972526,0.345494560040433,2.263437171993257,0.39200376427828554,1746,0.4648362165446376,15,0,1
gold,28,0.608164765196124,0.6795193745100863,0.5841473125137233,3.2811900787806323,0.6882403685196817,10121,0.16640538622600967,4,0,2
refused,5,0.33273710903390685,0.16181755788220636,0.04137689692911099,1.8756103379113334,0.11012482412617398,1507,0.879263057607938,42,1,0
gold,24,0.7825554294393122,0.6142656730473022,0.6687457585420514,3.2320070803344625,0.5980024764157141,11655,0.43631907061004227,4,0,2
gold,19,0.7578438315120627,0.5809615066764544,0.6037495694229419,3.8439360648507006,0.5189148851049695,9483,0.23115653405155398,13,0,2
gold,14,0.7458130980781392,0.7571772459545016,0.6389940266242952,3.687327011684531,0.5355559788030143,18908,0.3689979673934891,8,0,2
silver,12,0.41010525543452175,0.30767369495855046,0.47249824284289543,2.2598275717803507,0.3712584638826644,4389,0.5859827965698696,22,1,1
refused,5,0.38674089289785224,0.2709548773740081,0.041627989615654046,1.2279500302632411,0.04684948769627063,655,0.6284800393897992,84,1,0
gold,35,0.6891490439965514,0.635647770702783,0.6220752119563384,3.0216973106468226,0.4521289597484662,14632,0.2634620351619234,9,0,2
gold,17,0.6177889197194775,0.5765400883868669,0.581039428515066,3.5789916726331956,0.5728682781787527,19853,0.21305275057017703,6,0,2
platinum,33,0.8691534594133699,0.8278232388286124,0.8420721665305265,4.34109002447422,0.6900894809073959,23749,0.192539552939274,5,0,3
silver,16,0.5728726159861167,0.32092710369360306,0.4409590928241951,3.0899071465664942,0.34801276449411483,5129,0.6427292525535302,14,0,1
silver,9,0.4523051279357609,0.3542455437007185,0.4210713893731145,2.6109973847713888,0.3574898240558747,5174,0.39254482033139415,15,0,1
silver,12,0.6374368386438839,0.40973145568890657,0.4419792062351574,2.3643293549371833,0.43999099791960145,5746,0.466844722520185,10,0,1
silver,14,0.4509231641549808,0.456809179391511,0.5379324945298956,3.1884349299963533,0.29751190615876005,1823,0.435208904190118,19,0,1
gold,22,0.6211720854688267,0.657418340838787,0.5114783687376547,3.861073659178243,0.5015034585129651,6751,0.3584482737984378,4,0,2
gold,19,0.7676085834492293,0.7001980373349048,0.6641698018526258,4.014612973008672,0.5301629686458222,18071,0.28108645832510937,10,0,2
gold,27,0.7044167489542487,0.7831882347650784,0.5772101871303672,3.1759299604320037,0.4766319800868698,14776,0.2888063495063481,12,0,2
silver,15,0.6309040842413249,0.3329348861011213,0.28058014161478256,2.8799499694595245,0.5307065132642879,3989,0.664768793156441,27,0,1
refused,3,0.06648612074809633,0.031248376697702283,0.033821186459008876,1.1875162301347655,0.0366337864097982,252,0.9612469131488546,81,1,0
refused,2,0.13407325168750744,0.16693171816633715,0.0730961998841145,1.5987711474833366,0.020890894792518176,1907,0.9881669917547455,77,1,0
silver,13,0.4412738934459754,0.43810116948082056,0.4170155877199496,2.318622098784823,0.4656592218651433,6566,0.6113525605894217,19,1,1
refused,1,0.03510242230799845,0.06345957851963176,0.09744684454175692,1.2154040884820672,0.16600283244425043,1582,0.6565259893611027,66,1,0
silver,17,0.45948715630046755,0.31152769369171757,0.27966190866289087,2.2951852003876994,0.42035162390179176,5450,0.5099130942438497,25,1,1
platinum,58,0.9530748258104996,0.9300334700886457,0.7762673739692479,4.1139566347143175,0.8395233185533966,48010,0.17860604101781055,6,0,3
gold,27,0.719209719433281,0.7441996093021577,0.6791631463120389,3.3948885353528735,0.45845740213416664,10969,0.4472958508490056,2,0,2
gold,16,0.8211467220574034,0.7327175864440402,0.5262575944009649,3.607253630894204,0.5826198639354225,8006,0.27183299415076734,9,0,2
silver,12,0.42577056774130606,0.37277316086938095,0.501488235100229,2.1954925468845383,0.5466512898340281,7250,0.5048648244477314,5,0,1
silver,11,0.6469941844967543,0.32568876921856066,0.45975322943847186,2.1013293244663016,0.37718117676807444,7745,0.6095630918801684,11,0,1
platinum,23,0.8721608637859339,0.9044869152142339,0.9919293244211039,4.125233570432827,0.6905405977365944,38220,0.15038846982495602,4,0,3
platinum,56,0.8903008723037961,0.8280037077320899,0.8886294454617836,4.418580621623935,0.8606671674825703,38064,0.009004704572856598,1,0,3
refused,1,0.10848811057073693,0.12013700821456014,0.06985919693725233,1.9632006929411736,0.22906192052741592,1094,0.6809123070157503,75,1,0
gold,17,0.7948791753560158,0.765361421505331,0.6408062905183314,3.224816149592147,0.45582037368546463,14553,0.4432268843141244,6,0,2
refused,3,0.3353017463266954,0.06528264041840684,0.23911886496066884,1.2420938766171896,0.114227487215455,1824,0.9589999509604816,22,1,0
silver,7,0.48364330492500374,0.5844928141291099,0.3261642538372096,2.9280150636032976,0.5201850196305848,6202,0.3952143712330623,10,0,1
refused,4,0.09029230738522315,0.08125210805013737,0.2815248826872186,1.3219029928229582,0.2647854825654523,1365,0.7292564825039306,55,0,0
platinum,23,0.9292555181945814,0.8668725622620965,0.9924099555612069,4.397178777429211,0.9488542800089906,28800,0.012494757164919684,4,0,3
silver,10,0.436043787432046,0.4442222737229168,0.4730768219563678,2.9232628328975645,0.27504158336242146,3883,0.4089992005372394,17,1,1
refused,5,0.24908015849317602,0.035004333124794916,0.1257175195989286,2.0637357485521965,0.2529908025611972,142,0.6778119899600212,16,0,0
gold,24,0.8351259882198506,0.6567762613400858,0.649504127349301,3.9962434612149145,0.5048768777886254,12188,0.38437708613485566,6,0,2
gold,26,0.8179782653201264,0.7320291093340416,0.6001239064667862,3.668702199982093,0.6461982664260745,19104,0.17737549773571443,2,0,2
gold,20,0.70067593024864,0.6010219152889401,0.5079895946572188,3.9922414166080347,0.5082386311337916,14183,0.24833136175236567,13,0,2
gold,14,0.8013575107614948,0.7646745303111435,0.615965915209545,3.107367747372465,0.5373589364989872,6845,0.35427516378517543,13,0,2
gold,26,0.6947601213457587,0.7458468049989596,0.5021026449083307,3.2068636345261994,0.6736193217424619,18288,0.4297923187661954,7,0,2
silver,10,0.5312326703452541,0.44927254324624066,0.3357761324918896,2.138634375357605,0.41395154143399593,4262,0.5102682924376504,10,0,1
silver,9,0.3713465767647743,0.4969414552590494,0.39804661412150466,2.55508705406924,0.3745433511604863,4903,0.5981339431999476,22,0,1
silver,13,0.3822684175311302,0.4811633968872263,0.4566555586901995,3.2233747103529327,0.3499219888158825,6256,0.5359195779845289,26,1,1
silver,6,0.4782224863712946,0.49763583530427385,0.2942058298050216,2.243408858838612,0.4450921471921768,5012,0.5308802081417183,26,0,1
silver,8,0.5516343380296397,0.40290464295017897,0.4268129117944352,2.0393852282148592,0.39370711948275217,7274,0.3966293617945236,23,0,1
platinum,29,0.9033987226407979,0.9448206658546278,0.9345370989535088,4.942315389673193,0.9864973642827193,19764,0.10565729925340228,5,0,3
silver,15,0.5207320941088411,0.3761187598371352,0.4076649010450689,2.0885050009986506,0.4573220819813709,6704,0.5788316307845157,23,1,1
gold,14,0.7296404221664334,0.6944032701592835,0.5200309995013533,3.0960760830347587,0.49065506206822623,17242,0.20378887057801454,6,0,2
gold,27,0.6210319155648457,0.7646266136378886,0.5182651468667114,3.5130502264316545,0.6210561647399413,8960,0.4359711536343699,8,0,2
gold,24,0.7003654447722608,0.5808624664525888,0.6159585687665909,3.8895704500209147,0.6221925525095225,14663,0.3619649406848481,3,0,2
silver,17,0.3889286700488793,0.3396991668360274,0.4616069009066262,3.0960080183598135,0.4552212659246178,5263,0.41534464470701044,22,0,1
silver,17,0.4939314073347133,0.4997548093800384,0.2710103870895344,2.7000729836058532,0.3140492181732988,7309,0.4919324043212375,25,0,1
silver,7,0.5164794933123029,0.4234667239635082,0.467262949244008,2.5213374909674027,0.43391177694171573,1714,0.6966630062215518,28,0,1
gold,34,0.8195083782111142,0.5987395678746577,0.5033825599843215,3.233808589986437,0.5184301133707155,15756,0.42045168583539094,4,0,2
silver,10,0.5373791754560463,0.5403024729593748,0.33816702495979506,3.2246807834008373,0.3035658577854749,6412,0.5167691227493446,10,0,1
gold,15,0.6295546555727721,0.7953143943478193,0.5520096080504868,3.5565717896092517,0.6758181413477928,14522,0.3964948001640218,11,0,2
gold,25,0.7461357783148646,0.7512743280102838,0.6251299825882906,3.7155102902792425,0.5115561428714421,12282,0.22869147941533186,4,0,2
silver,14,0.5060638066270488,0.3145651281626589,0.3147324989328068,3.1106796835753845,0.29191072848757066,5649,0.578441163769324,27,0,1
silver,10,0.4470887373741437,0.5633496503670367,0.4557109154166812,2.3426544439968127,0.4545618830490301,1050,0.5877929951582954,6,0,1
gold,21,0.72506963380194,0.7634857205354633,0.6855491466150814,3.147982189290351,0.7433561080505345,11806,0.19109466669285835,3,0,2
gold,28,0.6338648841986727,0.7622745049896691,0.607644020373695,3.4730285935198895,0.4759372521360457,17791,0.39408471779421583,3,0,2
refused,3,0.07678560364926104,0.23011566731706903,0.008827819950206772,1.3671017158524708,0.06430196380289267,713,0.8024333862583028,27,1,0
silver,9,0.49762451161652455,0.5945053517811146,0.5095572433319187,3.105083639752095,0.2558305465546906,6509,0.5247915964830856,6,0,1
silver,9,0.5433689463895466,0.3497983382025376,0.3966118505174806,3.3565652504914887,0.4296502043951752,2326,0.47474624930522563,12,0,1
gold,35,0.7352784562197112,0.6590615065892894,0.6820392248289393,4.0879839563423985,0.5311045771486753,17123,0.2472752621555912,11,0,2
gold,27,0.6296609414353951,0.7038551949552089,0.6322685357889448,3.254497484972853,0.6262109605726731,6682,0.1933739130718754,13,0,2
silver,13,0.494751677414634,0.4106637274977827,0.3347098202656172,3.435975276935828,0.5311029098536432,5838,0.44813796250662263,12,0,1
platinum,50,0.9959665523905157,0.9924197571528235,0.8348301505641214,4.659035534203681,0.6906921531694042,20503,0.07598562806375683,0,0,3
refused,4,0.30040954365536565,0.33982909928553307,0.13452486239071657,1.9429592349453517,0.1133454851534715,1564,0.6486475945452972,53,1,0
platinum,40,0.936399762670849,0.8248875114593713,0.9633673477123983,4.611940505337331,0.7075835783305884,28691,0.04481390297694751,1,0,3
silver,12,0.5882181877648265,0.3911421377209103,0.41098867129054123,2.0674031786790894,0.5445631889057818,6577,0.5192881560152532,9,0,1
platinum,59,0.9384933845706454,0.9541822754128542,0.8793170695767593,4.064616679844086,0.76804749113909,13802,0.07062401649321307,6,0,3
gold,15,0.8061178794011372,0.711304643961166,0.52688668547391,3.8213224332831692,0.6722649620165957,14434,0.42712293937999457,5,0,2
refused,5,0.062290404769338226,0.11565657389942631,0.236727045478924,1.7233184226343141,0.07356587351621278,1325,0.9539027641049831,15,1,0
refused,3,0.3590673384402268,0.30810420109648934,0.10775207636362683,1.101292280838816,0.16739769446803573,339,0.7796022316988171,19,1,0
platinum,50,0.8520507947240495,0.9397691706321809,0.8300966001869167,4.228894604846614,0.9988312628326647,26859,0.09811454655737001,1,0,3
silver,12,0.3563576738683558,0.4487201385907381,0.42332892024931223,3.018796183028419,0.4142891954140533,2390,0.6514769516347984,18,0,1
silver,14,0.6425206767796151,0.5847511515322891,0.3404789822337771,2.6797351164575396,0.4135717524182856,6941,0.39519774142321695,18,0,1
platinum,46,0.901093685419636,0.954376396119649,0.7850028844796745,4.23024616842787,0.6902165319702931,34364,0.13273441960302346,2,0,3
gold,14,0.8260608228518913,0.7715950904900355,0.6588028900531925,3.042191100325433,0.5361773084631203,5071,0.30369010827463994,10,0,2
refused,5,0.24612047030934067,0.3188729352458547,0.23921198063234322,1.6929975141909228,0.10619152439365913,270,0.7773124705706934,51,1,0
refused,5,0.225040596959426,0.2353405420787437,0.2827979229318259,2.355021775549087,0.07134619418294756,1613,0.8963250366040092,40,1,0
refused,4,0.2648850471600449,0.1278880885180814,0.17129329574945976,2.23366318697339,0.09065301942379726,650,0.7149063323966992,79,0,0
platinum,49,0.9584344144932664,0.9964661030160163,0.8947223976383178,4.877138441511404,0.8416286708284877,38278,0.2163239397272281,6,0,3
gold,28,0.6171126131415041,0.7496639450891591,0.5950216729863671,3.990527874898355,0.7076941641366661,17048,0.3622606313236332,10,0,2
silver,14,0.5207452941963715,0.414595040907091,0.49368881662704434,3.0728322140873012,0.5248447589341172,7196,0.5655273932354848,10,0,1
silver,11,0.6390452835968518,0.5157634342901366,0.3729652392625812,2.5731722967642776,0.5166360300148652,3624,0.6113696556168001,15,0,1
silver,14,0.43857818902579215,0.4398908969945693,0.3586685091815981,3.2929161373714866,0.40217184946505924,7608,0.6155673127456571,10,1,1
silver,6,0.5727982155969265,0.36318951668229027,0.43628952888315775,2.435845267366183,0.4098621037484521,6360,0.6036209679147877,8,0,1
silver,7,0.5860784317689985,0.40073597505085085,0.38409588704242537,2.411678075307218,0.4992511753477459,5925,0.536380204414782,26,0,1
silver,6,0.5239465319300224,0.32015927122571214,0.5193290732557565,2.3838243290671626,0.45084422391577944,1206,0.6009094614590471,25,0,1
silver,16,0.5886385763664402,0.5112852809637827,0.341668918306429,3.214380906214329,0.3119016635746267,2845,0.6261758940085927,13,0,1
platinum,18,0.9837845363165165,0.9560991415092175,0.8629698417369874,4.0200263559258245,0.8880032158652452,15744,0.09704142653174888,0,0,3
silver,13,0.630844431353907,0.5047479101211446,0.41751763489860216,3.2586372479781582,0.25468318667731876,2413,0.5694206977598635,29,0,1
refused,0,0.2149581700933459,0.19965740720532058,0.10195281454494204,2.3366750116800645,0.14130872523131302,1285,0.8108439301414538,31,1,0
gold,19,0.7032931293019299,0.6140478786098388,0.5581753708463165,4.089313492380215,0.5496002106353037,9943,0.26321628749243287,6,0,2
gold,32,0.7376658448602129,0.7197666511239094,0.6099434510326622,3.442470186565015,0.5461702758049497,11200,0.31916010956753,6,0,2
platinum,42,0.9066593329264442,0.9302734421976493,0.8150836781216865,4.4011879140389825,0.7102879412382209,38011,0.09293482372658257,0,0,3
gold,18,0.7001760417086167,0.7373423591612392,0.6256694235098889,3.808331798396034,0.7232472660991188,14441,0.3572854098803868,3,0,2
gold,33,0.7909230673375801,0.675592954993024,0.6881501718468922,4.138548597230302,0.6387657579024877,8858,0.24842090534569733,9,0,2
platinum,47,0.8980963288239271,0.960153937425975,0.9854435678997974,4.538695667343039,0.7851407820063403,45205,0.0766941498805353,2,0,3
gold,13,0.6994483602322745,0.5713507575406804,0.643877631114964,4.162733276609149,0.674917724035063,14223,0.3648446336627084,8,0,2
silver,15,0.5547934646879394,0.5890648798172551,0.5476745737466726,3.441110164379375,0.30138716640030194,3589,0.3759417110350853,27,0,1
platinum,41,0.9084427129328805,0.8137843078734438,0.8115500587716173,4.6171557833956465,0.9899338611124447,28626,0.16161468540948262,0,0,3
silver,15,0.3561476140633923,0.38158953233342474,0.5175414658255306,2.3631329994282573,0.5417735252978428,4255,0.4406494590848349,16,0,1
platinum,41,0.9473234260437364,0.9980682626683555,0.8122890301419378,4.012714889986894,0.7953498515931755,45548,0.08633548806122196,6,0,3
platinum,36,0.948566699275025,0.956302896350283,0.9205637963570358,4.523084724581785,0.7609308498746223,25812,0.2376931769328345,1,0,3
gold,34,0.6112492053088561,0.6325389875789011,0.683019690898006,3.1747543760465082,0.6029955237940492,16906,0.33123918865696056,5,0,2
silver,9,0.5841561727608819,0.5574928321521144,0.4140361374484851,3.206798893614686,0.5352616613876284,3530,0.6170567892354836,9,0,1
gold,31,0.6886821391825532,0.5966049512134937,0.6925465167722278,4.134020513098193,0.7198837468116945,13578,0.33471781603355183,8,0,2
gold,19,0.7245324858870106,0.643020563740724,0.5486359960528452,3.692624011467971,0.4735608728378396,12973,0.424033409542677,8,0,2
gold,19,0.7646794096817555,0.7025269805090587,0.6595996070438448,3.29498230442709,0.5316946191543248,7335,0.4458984520680379,12,0,2
gold,19,0.7147810058216701,0.6887834466882972,0.6009274575954869,3.4672677356002484,0.6418124401628327,11889,0.23384083236889458,2,0,2
silver,17,0.37653127620065074,0.545030271938875,0.529423098337918,2.0476837243327064,0.529534897982876,3246,0.3617457135765379,10,0,1
platinum,39,0.9841325894343889,0.9274463159578974,0.9116156782336611,4.783842676767674,0.6509815837691476,30620,0.07573272641010731,6,0,3
gold,34,0.7414626400783116,0.6354102781726505,0.6366858830314541,3.9001929995455216,0.6567837963677512,8561,0.3452599185762422,3,0,2
refused,0,0.06414636396196297,0.18753974380730476,0.04284848376502983,1.2647518337770836,0.2716624983452589,180,0.8802497432649203,22,1,0
silver,17,0.49837933120083944,0.5173827580764951,0.37122415884799287,2.176329892438157,0.2844067953432276,2294,0.6287210214178771,14,1,1
silver,15,0.5203330869295635,0.47218512689797754,0.5098386256876949,2.7450159103665914,0.2810811608708656,7219,0.6849109549215382,26,0,1
gold,26,0.6503820945015781,0.750600446112831,0.5251286984824628,4.135424272789514,0.4715206031242275,15496,0.33856320926365835,6,0,2
refused,3,0.02635485572609313,0.007758014561714116,0.17319192545692433,1.2044159573039752,0.11239838985379011,345,0.7495360343861808,76,1,0
refused,2,0.14838185856360822,0.23415385865533853,0.08207528034431122,1.056638709397601,0.18523697411932813,666,0.9937843831895461,48,1,0
silver,12,0.3717266938582054,0.4185762299306753,0.4896894707601237,2.782232932558834,0.36898183760529174,7369,0.5573559042766449,27,1,1
silver,17,0.4539298546912748,0.42007042609129636,0.47195973986287526,2.6560748637394846,0.2554958027810631,2860,0.40727464446477324,23,0,1
silver,10,0.476743625168423,0.3030220985979694,0.4912068368557393,2.231396406597725,0.2562224028418602,2157,0.6610506331144612,5,0,1
silver,8,0.4062832965636274,0.45272499200698546,0.35687591286964043,2.0511435467799055,0.32010721463292857,5266,0.4267145209783161,9,0,1
silver,15,0.547989883340573,0.3282509094741711,0.2567476988906621,2.0493612844714573,0.4169871754719808,2562,0.5926990447056957,11,0,1
platinum,20,0.9210954912145835,0.8835012168055785,0.8984897051113441,4.675982275586355,0.7009228999357626,48454,0.20176772596667575,3,0,3
gold,14,0.7442143452831751,0.5562997737052675,0.6353234467105012,3.6790221448928064,0.5912102998473185,14073,0.3513664669038953,11,0,2
gold,23,0.6358203646756603,0.7720478374153261,0.5227931774238482,3.448023793238198,0.6346043521885723,16545,0.22786512998192476,3,0,2
gold,33,0.7367322189963692,0.678685548439195,0.5949067125244881,4.081957475383632,0.5827181222244581,15383,0.33493826346863925,11,0,2
silver,6,0.6300126497425906,0.5770154003972171,0.2524254029590033,2.8669246112717643,0.30693603323037294,2614,0.45407031163901596,25,0,1
silver,10,0.5108895097391559,0.568618880293033,0.3380068239981963,2.4964443565376726,0.3742327246371988,2648,0.6577631987044019,17,0,1
platinum,29,0.8898906887446358,0.86479801222136,0.9011156375063236,4.506107554846751,0.7105766762333584,40654,0.179582793843001,6,0,3
silver,8,0.5124786388395028,0.3978960771964778,0.5335017349026044,3.0957472191513773,0.39046527882639076,4134,0.4138860428530359,27,0,1
gold,22,0.812643632003779,0.647952723654293,0.6089602170552196,3.7501098632238343,0.6297033132640703,8019,0.18174010782724198,10,0,2
platinum,25,0.8649977330742795,0.820849393210362,0.7757526249065146,4.831863113251422,0.7715547515444154,49758,0.21176520674597488,4,0,3
refused,0,0.16301717517368647,0.20627200177691954,0.05343977909900994,1.8549809793081147,0.10142685648911716,332,0.757119942840193,35,0,0
refused,2,0.029531456877552965,0.06441045263886172,0.1517752019882084,1.3439818619315327,0.17437861152578787,395,0.6943807156778107,35,1,0
gold,15,0.834578932162829,0.6784269638038263,0.6965893759109401,3.6515285333871934,0.6289180799077385,5713,0.42885171161044466,7,0,2
refused,1,0.02385501843203608,0.3322677079837234,0.1276864687256446,1.3832542363585958,0.05322372517537087,809,0.8207240702827816,60,1,0
platinum,19,0.900483132233309,0.900457669492506,0.8130086085960396,4.472891965633182,0.9718467691502737,38669,0.031092099750127555,3,0,3
silver,6,0.5639657015231315,0.5267753743875412,0.4526799604522376,2.080793171682645,0.5038199260226266,2854,0.5294577645998287,13,0,1
gold,31,0.7125146598565563,0.5526788244238398,0.693393702923663,3.247185821026168,0.6915280130398579,6298,0.20488059638526376,3,0,2
gold,34,0.6601328962950371,0.5636831767312465,0.5618939098177201,3.1363752464360632,0.6060970878574157,12641,0.27238878066171796,6,0,2
platinum,49,0.8912097695538863,0.813435079983142,0.95213572188308,4.176887145143854,0.96728319984911,22869,0.22955977166885927,3,0,3
platinum,18,0.9800303057966262,0.8496452885514304,0.7601077430646137,4.981236374344304,0.7234794973492781,10929,0.19533046393682627,4,0,3
gold,23,0.6055165371705726,0.6147260686982849,0.5394365963936132,4.1370781515888515,0.4711382033000875,18348,0.38131151107345646,11,0,2
silver,8,0.4969681233152522,0.5791432775891004,0.3325163343041501,2.6510978917964434,0.3677197306723343,6647,0.6460934523561046,22,0,1
gold,21,0.8065852027375466,0.7166714129731283,0.6983248685922456,3.038983916028198,0.5294448965334957,16219,0.19893440253500363,13,0,2
platinum,49,0.9470272542503085,0.9888819451154547,0.9079581822468042,4.66630688583504,0.6376144417737065,19714,0.18932755178360972,1,0,3
gold,31,0.769090266968181,0.5899699408416104,0.506875371670345,3.7538479165116527,0.461867251968784,19312,0.18058576487408323,8,0,2
gold,24,0.6556690197807712,0.7653545115238793,0.5606439567688501,3.2804285385904364,0.5533789787180915,19106,0.33452738621099654,11,0,2
silver,14,0.5988567245865124,0.5735319845516098,0.38867657285323015,2.313627263238095,0.3601224852235104,7537,0.4292626420870882,21,0,1
platinum,47,0.8762995404834008,0.8903897202598079,0.9648718807412384,4.859415793280589,0.7288432016916742,27373,0.05222068100129093,3,0,3
gold,35,0.708460980713811,0.5896841908435775,0.5260706260086531,3.2796227572762016,0.6180347949028046,7670,0.3420581605611096,10,0,2
silver,13,0.35466876387761476,0.45733481834167555,0.4798365254035391,3.284979523709468,0.34727727610490894,1128,0.5658493157684972,29,1,1
platinum,50,0.9301635255598785,0.95180716910777,0.8600535775899086,4.97074995767067,0.6108700064363376,42792,0.21210634477263118,6,0,3
silver,12,0.4514856776629727,0.32776663375830845,0.3064440781628227,2.6698989520229404,0.34278791911690903,2036,0.4275823450805859,23,0,1
gold,20,0.6859894216394213,0.6020788475021295,0.5042018313972721,3.7536365574834445,0.473552960536083,12432,0.15601581293520256,8,0,2
silver,14,0.4562058914096033,0.44446183430897235,0.2909870629296256,3.110778409426801,0.4586917774129411,2917,0.5319098702530435,20,0,1
silver,15,0.4723983086744457,0.3791026375786467,0.46736220221829444,2.143933632419885,0.4502752065395682,7125,0.38927047836797496,25,0,1
gold,33,0.6483588357391206,0.7380285831742437,0.5103314714229282,3.653789610808118,0.6886633175779944,14341,0.23257083177933674,12,0,2
platinum,20,0.9251559825872888,0.8863056286272886,0.8002026636235713,4.002584014844983,0.7485688007492183,29086,0.16945330007751105,2,0,3
gold,19,0.7380915344543085,0.687665114809141,0.5288480042236207,3.5515377020795116,0.6444306381783215,16236,0.3665930885395593,8,0,2
gold,22,0.6314887990948396,0.7643826519379809,0.6555455820135586,3.4888894576256226,0.5678517229444207,8139,0.4213143403996571,8,0,2
gold,19,0.6958038414868128,0.7319077844249222,0.5078012841525636,3.1513651896193826,0.6507160545950844,15939,0.356593515679317,5,0,2
platinum,37,0.9377724298488208,0.9801144602472771,0.8627435907158102,4.724317469676661,0.611745663640957,39689,0.1968872714646948,2,0,3
gold,13,0.8127876838564954,0.7845160348920328,0.6471840812747898,3.796188414154452,0.6531902059006979,19021,0.3831612742052557,12,0,2
platinum,48,0.901439029641739,0.9753330755724899,0.7765919574185295,4.928317532848577,0.8635300280560282,14727,0.06851789733554775,5,0,3
gold,34,0.8110530813215358,0.7378197310934418,0.5865679842114344,3.188644660268345,0.5878038030518469,18492,0.34153652119564315,9,0,2
silver,10,0.5219830066259611,0.5241522511618951,0.4265577044180091,2.1762079104092886,0.39883650824243344,7454,0.5044760275399675,25,0,1
gold,29,0.7027976189673728,0.608182087228888,0.5145331175162313,3.9397920348334834,0.7228330992109893,14305,0.1612656960180137,6,0,2
silver,14,0.5832336884760234,0.5691142164630573,0.2753927821636754,2.3697819437590524,0.4128706394432858,4436,0.6254698288966282,9,0,1
silver,7,0.5750277238560917,0.3674625275417087,0.4185044168093831,2.027401972414515,0.29959733019416257,2365,0.4641647714472682,15,1,1
platinum,26,0.9247371546773411,0.8543373942138008,0.9000914550972722,4.1805945981753005,0.6550095099268062,26566,0.18361098301889786,5,0,3
gold,22,0.7773597161584936,0.5781476166322986,0.6563559651857452,3.552807349985992,0.49941926882431853,12785,0.22502474067418254,9,0,2
platinum,59,0.8624336982540031,0.8205962958662631,0.8186635251639905,4.501152999182009,0.735910988624754,16344,0.052296366351981954,3,0,3
silver,7,0.6435735184578122,0.5433318120600478,0.5059435949675775,3.1935485490072306,0.4363222265411302,3190,0.6410024667524488,14,0,1
platinum,45,0.8507950009596408,0.9595978644286767,0.9606701876621713,4.151569371587674,0.9565920062494027,15590,0.13817676892963632,2,0,3
platinum,26,0.9244841786024617,0.8748870739440844,0.9464538842222323,4.343560474775704,0.9148506410406416,27858,0.07495013189130897,1,0,3
platinum,52,0.8810026539815118,0.9509270583720233,0.7776064992093723,4.766656135200406,0.9918586860135534,43154,0.06689816918199287,6,0,3
gold,31,0.6566304065090264,0.5728554979542846,0.5652441013961863,3.8525061780148944,0.524343732872072,14632,0.37150538313635845,7,0,2
platinum,42,0.9886964995335394,0.9957862871231922,0.924748491730385,4.211982490902239,0.6646479245143485,49919,0.049231426113357096,6,0,3
gold,29,0.8293170166444201,0.7773005340516218,0.6615914656218038,3.1840954588669055,0.5638096794612559,14950,0.43833548040649206,13,0,2
silver,17,0.3536187553467202,0.30713301069056587,0.45896411928571124,2.282732074907958,0.32952742057823503,3224,0.572058598914461,29,0,1
silver,9,0.5324639817138725,0.44314801392347447,0.3477490059812184,2.1420280620918843,0.3855197754628125,3968,0.47479467829092464,6,1,1
silver,13,0.37896514357932354,0.36967971773925756,0.42944231961115986,3.0858840067895983,0.45531562737762205,3705,0.6558369216980182,18,1,1
silver,6,0.4937648772300549,0.39630645788234,0.41063749268780236,3.109016499432957,0.4971955175355137,3795,0.3655214016837604,23,0,1
silver,11,0.4080630119718718,0.558195566216285,0.31523862507741635,2.737568860235108,0.5487536805148819,3690,0.41675103855166085,23,1,1
gold,30,0.6403047029937806,0.6500782090432485,0.6434523751731512,4.158731797657061,0.5303005311582892,8216,0.18289088476055593,9,0,2
refused,5,0.37105348779242947,0.20456359632043122,0.29574117681707646,2.117608921887233,0.17591520662786952,818,0.9341672018896803,39,0,0
platinum,19,0.8889924794281394,0.9266481549821921,0.7372659900184177,4.079965394359302,0.8570698630689695,25996,0.16015379588722184,3,0,3
gold,22,0.7353175277354195,0.5631859880405544,0.6325719575269331,3.3587113801179997,0.5959215106608535,6461,0.16881665142433763,12,0,2
refused,5,0.08990351117547545,0.22545274816189018,0.11233496326153045,2.3792879192787173,0.222736580308456,961,0.6733637854469403,22,1,0
gold,33,0.6990781563745552,0.5671101773106566,0.6509654916724662,4.188771284606615,0.5570169507926719,11633,0.22209369308900234,13,0,2
silver,8,0.5320579423402786,0.30670996034832876,0.2849200953491128,2.994594573693788,0.343303101546778,3600,0.641495082503393,23,0,1
silver,12,0.5435029446474702,0.3667059057630943,0.46099159205901347,3.463157434780356,0.4795205723131112,3495,0.4143815962465844,14,0,1
gold,21,0.6392031763292014,0.6097665960187575,0.5595718796780422,3.966143050505598,0.5239044741726906,5636,0.2837336242678411,12,0,2
platinum,52,0.9048035229511087,0.9464543614369291,0.7954334660854359,4.539556220495506,0.7780984449139152,34035,0.17592494490726274,2,0,3
silver,9,0.4182472672607187,0.5314289966978809,0.2695403504331883,3.3098659186119814,0.3983907821246768,2083,0.6408971678912936,21,0,1
refused,2,0.11806241552873545,0.08829079367064986,0.26558481313277527,1.2713537311868695,0.2779443302134209,1186,0.9891251445880859,15,1,0
gold,31,0.8364927224613998,0.5612878411030731,0.600575104013117,4.15922575095625,0.6938198712914039,5386,0.19012820852310064,4,0,2
refused,3,0.15700172691832429,0.13313262796346562,0.1777991850400484,1.4114205643376978,0.2855902866910209,926,0.885833388484184,17,0,0
silver,10,0.4918942944112208,0.4521611810303455,0.4283645147834972,3.00151092651243,0.2619958386393522,7541,0.40381076119852505,22,0,1
gold,22,0.6041481201581494,0.7354944323784965,0.6075080287280692,3.9106417613015396,0.7483692770053574,9217,0.3170196923277654,6,0,2
silver,17,0.4229819253412096,0.4954467460588839,0.31241486446753003,2.9029816919708153,0.4284328644372505,2459,0.6767154771816453,25,1,1
platinum,29,0.9425895568145938,0.8136499410708183,0.8397438421060746,4.149237777950177,0.8952276493354068,43132,0.1190839333252747,0,0,3
silver,8,0.6471122628063912,0.3987232250670096,0.5081805249580872,3.0293749037862607,0.3525129061390685,5090,0.3593697049960947,19,0,1
gold,23,0.6010468609069894,0.7662677748438484,0.6972353594567389,3.9394183415839894,0.5012304780010011,18542,0.28414815135919913,6,1,2
silver,8,0.43131889704210913,0.4233765563730987,0.29278001614890714,2.8623658823106592,0.37040440127155544,5224,0.5212452790641628,28,1,1
platinum,54,0.9766661008950444,0.8729394498914612,0.8565190139908639,4.48601550297754,0.625796508499667,18549,0.18975132063048275,0,0,3
gold,25,0.8245966166460087,0.6938983571600206,0.6826459372558541,3.5854802343351624,0.6206764217534149,9300,0.366386180692148,8,0,2
refused,4,0.0769901461614536,0.28512905770791763,0.27342879265146025,1.3741769004286486,0.2294512191308257,529,0.8673941709227115,34,1,0
silver,7,0.3572720777067169,0.34087560421691454,0.2675688131561435,3.3258383563116576,0.33909846734182497,4401,0.6452041552826591,12,0,1
platinum,46,0.8593512043766862,0.8910287370072313,0.7969391971210835,4.322215503444628,0.6296963491953546,12092,0.06633153438886674,5,0,3
gold,23,0.7646653387349417,0.7173047574812167,0.5891651099654032,3.4987533384349865,0.47336369672738726,7506,0.32078441488515735,6,0,2
gold,28,0.6373123674353685,0.6537864134981864,0.5696103910954641,3.1519645506220493,0.5799752796927083,14677,0.30377517093975315,2,0,2
platinum,23,0.9951991099756351,0.8803160472850975,0.8789456424956265,4.277902097248868,0.7878975051962736,24027,0.06261697469812474,5,0,3
gold,31,0.609817353560413,0.6348101652934591,0.5671632729283069,3.964432142252763,0.47956405542388275,12939,0.35367025266906227,5,0,2
gold,33,0.7203194878048093,0.729811300143958,0.528276710843268,3.3147291861779817,0.7138388080535677,15207,0.4292694433114289,13,0,2
platinum,54,0.8548473926664476,0.9696256190933767,0.8784329912130808,4.122035052124395,0.9587831721694138,36762,0.04067493595214147,6,0,3
silver,8,0.6164569858892561,0.5495664191270189,0.3813792291542113,2.147578238760454,0.3419143110808869,1391,0.5797445969803855,17,0,1
gold,17,0.7968429895373182,0.7273472054560965,0.6980570341169883,3.952746101658709,0.7217270371909343,18960,0.35407132615313497,13,0,2
gold,17,0.7372182003856499,0.5672592342278437,0.5527102958993555,3.18793537787118,0.7361110879475123,5864,0.2870816549694747,5,0,2
silver,6,0.46693259588668623,0.4958440100442729,0.33401596168496694,2.0637181499477015,0.5093238973200787,6547,0.4589358384025089,19,1,1
gold,28,0.635867364254505,0.5798452528345492,0.589594331276438,3.597827159008775,0.7006715115271946,7373,0.4229180513802592,7,0,2
silver,9,0.5668703022343334,0.31917339628474234,0.43885309664579497,2.191023164563828,0.4090998268208903,4870,0.37235652435166094,19,0,1
refused,1,0.27256282401537507,0.2459963475118972,0.20834392258601783,2.230749067246358,0.23799293196474625,1670,0.639906849048856,56,1,0
gold,28,0.7620583672019615,0.7918177975925744,0.6406554455464903,3.4281245884191014,0.4602893703909935,5710,0.36260425155357157,2,0,2
gold,17,0.6060012612112222,0.6705043349442332,0.6161537167228843,3.872595371688166,0.6644106949146773,16688,0.3990577689208714,7,0,2
platinum,38,0.9065928947863109,0.999870699913167,0.715509051172458,4.898900824006235,0.8512952441853125,38182,0.1885620649205202,0,0,3
gold,30,0.6692673124283499,0.5913749436659139,0.5337498876796459,3.0573376376176866,0.6661000107497979,13127,0.24909230626706352,7,0,2
gold,24,0.8424309081994943,0.6214064971405608,0.5754403564915277,3.747544853020058,0.48502437083063865,5256,0.3718865053958985,3,0,2
silver,11,0.5354131037371213,0.36782975808800766,0.43453797476509354,3.4381319243223554,0.40203501447469425,5207,0.6117110373264197,7,0,1
silver,10,0.5860000846624889,0.30264955302682034,0.42383452577460695,2.1115964365579227,0.3795092336922799,3867,0.38615516723464793,14,0,1
platinum,21,0.8630935269384513,0.8073463874853227,0.9278032983768598,4.614978240341133,0.933326828589205,37990,0.012958949779932255,5,0,3
gold,21,0.6236047244151202,0.6380817635631348,0.673599918379018,3.6529512023557213,0.6519024498866031,12309,0.22495613882349888,2,0,2
silver,17,0.43368985832605816,0.5507728746617864,0.4808309984803289,3.1341074153326423,0.48405025666753676,2150,0.38511586862422403,16,1,1
platinum,40,0.9993896863045494,0.9727036281225914,0.9572080276277496,4.634960045591033,0.9150852062110835,27297,0.13612058320006573,0,0,3
platinum,32,0.9861540559522819,0.9721264035781468,0.9390393483592082,4.86468619203354,0.8170183213581692,34323,0.17693033756688187,2,0,3
refused,0,0.11559316169671985,0.34316070979910207,0.09857022555513624,1.059201344611503,0.18686284470618109,243,0.9303421683437808,47,1,0
gold,24,0.7705479223137747,0.7502346803853577,0.665278062320111,3.914625013432899,0.7304466121331403,15976,0.18678841499340199,4,0,2
platinum,33,0.9545442193549633,0.8090201354440647,0.9777024492642135,4.413416449295261,0.7086275059004159,18244,0.12619889957613203,3,0,3
silver,6,0.6407747416467526,0.5752553905648712,0.28877430819676786,2.7538504651840965,0.37921159950952155,2933,0.5511644917293914,5,0,1
gold,33,0.6992480405518685,0.7787503844368818,0.6966681536828453,3.6116712903458157,0.509172799850105,18873,0.16339836491366963,4,0,2
gold,33,0.7350748516903749,0.5865052548242407,0.5225006261053263,3.7434991113925045,0.6122296893901629,11468,0.4053011300391748,7,0,2
silver,8,0.5588104196687397,0.4953576924452582,0.2630784765377783,2.6697168615246216,0.5059335472710174,1395,0.3924566465978072,18,1,1
platinum,26,0.8613038590528693,0.8805100087193961,0.7130984973122083,4.232645538562681,0.9919129831418088,17684,0.18856624333675567,2,0,3
silver,8,0.36456999591778877,0.5500618894631322,0.5463978977339851,2.99292437971984,0.29519792146230056,2455,0.3921340376711169,12,0,1
platinum,53,0.9650792279662858,0.8588089358441944,0.7977776391856224,4.942387019102233,0.716235023922542,18036,0.2017413727209984,3,0,3
refused,5,0.33870250679801583,0.21532962463798475,0.22163276436225438,2.015003133498825,0.1741937401079851,229,0.7091268315053681,40,0,0
silver,10,0.3545639285586066,0.3803534761676741,0.25572929668096134,2.153600524694002,0.33177194077410443,7009,0.5001394932511275,7,0,1
refused,0,0.3456463184785541,0.015232064874516959,0.19596938064205352,2.248768252790189,0.012329794605905442,401,0.765086690833212,76,1,0
silver,14,0.39701278872887574,0.5493108939818057,0.34506566565168123,3.257802361480605,0.40421283690346127,2586,0.3927188184784606,10,0,1
silver,15,0.5712809288103267,0.4574450251094223,0.42409965707737274,2.993259518485359,0.2944332774667069,4647,0.5885372500729648,29,0,1
silver,9,0.49079698911304104,0.3492443221677006,0.4624033992613869,3.0429183520511156,0.42155397993589594,7959,0.4877866643611575,29,0,1
refused,1,0.26041331920127503,0.13713678062802584,0.18008713281853891,2.1541989916715742,0.1803487613133201,1186,0.7124217484695274,74,0,0
gold,14,0.6040500993348668,0.7665089187614391,0.5434905864434472,3.038964926030098,0.5481020305488307,14386,0.16120588093066648,5,0,2
refused,0,0.18757713737632634,0.19455498462602833,0.23793320250846625,1.437510624415295,0.09390276575906799,1539,0.9882169024623039,27,1,0
gold,14,0.6142203494444116,0.7773871182530346,0.617559689874337,3.2018838949301904,0.529490118466633,6241,0.24930487784846847,11,0,2
gold,27,0.8408699868685818,0.6269197723694871,0.6311019943692224,3.9334912880982444,0.6800305069015007,5774,0.38330411288246785,11,0,2
platinum,41,0.9349055815741114,0.9650265353385594,0.908714287854925,4.5809320532627975,0.641654943168115,45820,0.1954559658362339,5,0,3
silver,13,0.6375696003931091,0.36508296762220077,0.35928550038844975,3.417447813479207,0.34081881315691215,4568,0.6975162218147425,23,0,1
silver,17,0.5542785609930508,0.40691472914363214,0.2798472800987118,3.231713137245815,0.2801484277719262,1605,0.42936934367276824,5,0,1
platinum,24,0.9021428821724025,0.9916341586007861,0.8138075769767271,4.38759523148277,0.7916280252413405,22866,0.056073370821261265,3,0,3
gold,35,0.663620332904565,0.7069172192897022,0.6669947571365924,3.4803958420929098,0.6958194692899479,16936,0.38816869655835506,13,0,2
silver,12,0.3936474341743479,0.3496622384469262,0.44068640941960147,2.6756614931389,0.49854991364328083,5681,0.5931352012754698,9,0,1
platinum,55,0.8638435879343119,0.938635042291385,0.8619717518506638,4.83053445640484,0.8797261500504814,21390,0.045403491939150664,1,0,3
gold,26,0.664647897783696,0.5806244654914974,0.6138609968824403,3.2511672910010505,0.5460178692550748,14180,0.2732427003029042,12,0,2
gold,15,0.8434501033392874,0.6407457101009679,0.5769031627412533,4.139137406107181,0.4838521633550653,14103,0.42383621561595763,13,0,2
gold,24,0.7442454031044204,0.7000628525248958,0.6823570224763542,3.891163187618029,0.6355755447216346,11616,0.15585079428315607,13,0,2
gold,23,0.7196227675267972,0.5904236383184968,0.6195364671046918,3.5317528143874974,0.5630431883322637,18424,0.4178893775114483,12,0,2
platinum,30,0.9562271793374799,0.8599191823532955,0.9902533790841332,4.15930402061898,0.8451600643447796,16591,0.0019603976929792044,0,0,3
silver,17,0.6433023242386122,0.4003562922429892,0.27156257611258733,2.77593015165189,0.4849833043847109,4930,0.5250323175237817,13,0,1
platinum,35,0.8633806493068084,0.947571153381305,0.7468491534376521,4.388652798629847,0.7071106701953337,45323,0.17364885681332135,4,0,3
gold,31,0.6181837369446671,0.7909212971717623,0.6592781445239417,3.090494611191346,0.5515662082311155,17004,0.40807598591991134,9,0,2
gold,19,0.7446231270573325,0.7209675312272581,0.5938049879435767,3.518539484162315,0.5912117841947813,12287,0.15295404750360328,3,0,2
gold,34,0.7575232817154158,0.7618869082636841,0.520695012729317,3.37750516009688,0.5234235238910782,18465,0.3070624781571245,13,0,2
refused,4,0.11087254586984847,0.06676264109318342,0.11798510099783728,2.48201206427194,0.15700454832574562,944,0.6324358513314337,43,0,0
gold,18,0.6142567285009048,0.686669316224328,0.5918607376426147,3.970559333401381,0.5124695425824644,14678,0.40511307578991174,6,0,2
gold,29,0.7105083552327809,0.6040078600982681,0.6562924177509418,3.6985737633776905,0.6302871584992492,5897,0.31534240085842014,13,0,2
gold,28,0.7444517625627711,0.7053326560389268,0.6687625727316612,3.9621910798506184,0.7404066516137215,9311,0.2918476874688908,6,0,2
platinum,53,0.9589181266107772,0.9382443715219309,0.8479830540351398,4.792093633760543,0.9291833784885944,23893,0.06275034581557506,2,0,3
refused,0,0.03946851034722246,0.07577227367453448,0.15036322541240746,2.44789280374797,0.09399736989024744,205,0.8994406638208639,82,1,0
silver,14,0.3849808899286402,0.5062506278413248,0.3452116999202355,2.9390892971642435,0.4230019953277604,3262,0.6958237796864024,22,0,1
platinum,18,0.9543116684659971,0.881596899072969,0.8712713505532492,4.02289382497612,0.8240729033499647,25848,0.17793070143651218,0,0,3
gold,25,0.66146186062335,0.6927267634380363,0.5543435197796359,3.5693438158134283,0.6055198879899195,8409,0.21772892246250844,13,0,2
gold,26,0.7099639099284587,0.6911041469449369,0.6311641534654785,4.057962419010493,0.6513913270692839,18579,0.44429589083960497,8,0,2
gold,30,0.7580990641163772,0.7709209919219975,0.5110203070317663,3.682575283720648,0.5409624581279024,11391,0.4314161560661789,5,0,2
gold,32,0.6126432759560572,0.7197906420798907,0.6619957487366944,3.6620548464239606,0.7467839835319154,14385,0.27236478305909495,5,0,2
gold,23,0.8036677511774972,0.730039365232735,0.5407989207218775,3.4804279522077968,0.6216851443626004,12345,0.32395027148432715,8,0,2
silver,6,0.6191729975574926,0.3768452655521246,0.4968291806402111,2.337146217163034,0.47145451816627537,6959,0.509558905948436,5,0,1
refused,2,0.2783454466394797,0.25401478266674077,0.04327598072334323,1.3970942439984384,0.16937521751276688,963,0.9198050015848367,30,1,0
gold,17,0.8244911617119471,0.6282298870072057,0.6896739105577838,3.1525325890404288,0.483973035491946,16161,0.3393102527136147,7,0,2
platinum,23,0.8747251391705502,0.8725515789331891,0.8442711494346955,4.484601587018865,0.9281510029795893,45428,0.023849819328302657,0,0,3
refused,0,0.06524844634684542,0.2780282394477821,0.28161324492510814,2.088026307850633,5.265475737699088e-05,612,0.7415643298732268,68,0,0
gold,27,0.658435198009186,0.5988645000921,0.5489310109209427,3.323327335564386,0.5074563966150445,8012,0.21910284963070537,2,0,2
gold,18,0.6679082953185924,0.7666057958849251,0.6352796737820012,3.4881284982864065,0.6783017948848666,14372,0.41591059412866227,8,0,2
platinum,56,0.8637556220887721,0.8454791241754226,0.9519841494017416,4.052338875786508,0.9087430904726486,21172,0.061650908744506155,5,0,3
gold,30,0.7470001158574071,0.7058448914899769,0.5327232408276552,3.7143322093248656,0.7300779431103754,14399,0.2247611311773862,2,0,2
silver,10,0.3678014692419169,0.37706934181336893,0.46687451587688067,3.1181786202605304,0.4649469589997727,3625,0.5753798068675686,20,0,1
platinum,56,0.9878673572917989,0.9679577718913142,0.7437766222105436,4.81873500407427,0.7021973378622419,37716,0.23785745259045807,6,0,3
gold,22,0.6719863356689981,0.5838043284282137,0.5937113989182269,3.5072239435889108,0.623080837003452,6597,0.163878575202,12,0,2
refused,2,0.044654674868351445,0.2192275205668303,0.06977408178338414,1.6055446502988389,0.05760293295707836,1532,0.6714924946380908,71,1,0
gold,15,0.6906399491397737,0.6942792705969767,0.594861732973686,4.1590040025691,0.5719099215832384,9151,0.36337974741313595,11,0,2
refused,4,0.37054773483967174,0.06446316151961924,0.10409069951100554,1.527089333266769,0.11466921240525141,249,0.8382773983254272,87,1,0
gold,34,0.7742909230344951,0.614161801796524,0.6472946349238146,4.107943225216723,0.45384649485318174,17975,0.3976592470040249,3,0,2
silver,13,0.41353978657446433,0.4577058167758518,0.3773716305521071,3.01997826519232,0.42272489176115446,7587,0.4161198497517934,24,0,1
refused,4,0.08131363413764442,0.24696123947751952,0.16454202635261886,2.2266668259574423,0.04103243643640004,1723,0.7817264607513564,21,1,0
silver,8,0.5800786779047479,0.577390103279311,0.44011960151729107,2.1783066583972945,0.38735057876742063,3297,0.6493956541209129,9,0,1
gold,29,0.6168085450226403,0.723738279835762,0.6401616836003481,3.703482598536914,0.5404986724893447,17153,0.3794636490265406,12,0,2
gold,33,0.808232428893557,0.6080561727253359,0.6211793630358966,3.918178619833517,0.5566589391456023,11957,0.37485492454703423,4,0,2
platinum,56,0.9040517642807903,0.8173850029900699,0.9854649923065981,4.23255135836538,0.7249396407542055,35879,0.061835078954770833,2,0,3
platinum,45,0.8504066349121494,0.9794872296092407,0.864824271529136,4.841970371496709,0.951945070944464,41331,0.17136097080547538,5,0,3
gold,35,0.7958244957390119,0.5866737785037954,0.5809937174752376,4.0273843463935926,0.6982743652442106,9112,0.3901991824575934,2,0,2
silver,11,0.5043438926393091,0.33480521613690095,0.3457770115743691,2.3124903765920624,0.5128098614563796,7757,0.3884509149684567,23,0,1
refused,3,0.12560317010940467,0.007005142610526482,0.21548708217307286,1.4316197688270973,0.2859222966666188,1511,0.9356054412639208,21,1,0
silver,6,0.40765181996433464,0.5183128555221712,0.4789181811289126,2.711240261777188,0.31058144858255976,7732,0.47127327211188874,5,0,1
silver,14,0.46291654893248324,0.5120458335030431,0.3850085536056062,3.2753164724029813,0.4301367061825436,2693,0.44835977419457085,15,0,1
gold,30,0.7104584262004886,0.6340808485675834,0.5134569225843029,3.0846600764518737,0.5874759944295144,5456,0.25797421086460903,10,0,2
gold,19,0.7517838202208942,0.628425781189289,0.6861344511124796,4.011045875278365,0.5394451068829667,18875,0.4163578049206659,8,0,2
refused,3,0.03256390601076977,0.29026461102173395,0.20367146835829897,2.104457523971366,0.09442694785823073,1799,0.814763203165694,76,1,0
gold,22,0.62153303476592,0.7315212128709627,0.5333697156411156,3.321944640513327,0.5473519947506842,15822,0.43405276550025484,4,0,2
silver,12,0.5430572481122568,0.599054666357826,0.45534253056354335,2.2652024996960964,0.5188681171924325,2105,0.5900752272478769,25,0,1
gold,25,0.7699243042083364,0.7550633297362225,0.5641994091281796,3.2351762216421145,0.550111262272689,5765,0.26513737677205423,9,0,2
platinum,49,0.9616317485414947,0.9055295460289572,0.8299740246914966,4.16176421135211,0.6447743708086121,37734,0.13664428550807373,2,0,3
silver,13,0.5918246496184782,0.5003919182466554,0.5492644665043724,2.1780087381077062,0.28261269388844534,1662,0.6902171376715001,22,0,1
silver,15,0.6172480260722806,0.37638279878859177,0.4526366854069752,3.3112733499409304,0.46183668354755714,6427,0.6836391995022919,11,0,1
gold,30,0.6215080392582357,0.7353915271167074,0.5898075520739923,3.631135892281751,0.5223733008114084,15695,0.2747322940744722,9,0,2
gold,33,0.6749855174442556,0.6490002415964038,0.6969308955181679,3.531232442360923,0.5568581830384138,8747,0.21386827639799805,3,0,2
gold,30,0.8080908849152487,0.6176398141219979,0.5448765959599591,3.536763307503121,0.556504579840874,6848,0.4145709854290379,9,0,2
silver,7,0.35649437077617435,0.42997522280872513,0.43416875266237404,3.027205543468784,0.39689326354570487,6534,0.5874887354750316,5,0,1
gold,18,0.8078795832780559,0.5607750272370811,0.6656371738646906,3.8886114254619826,0.4640893267223002,19379,0.2509383487731637,10,0,2
silver,6,0.35402687453603826,0.5692448654386273,0.38087497351294497,2.617681608811635,0.41013098272960724,5366,0.36843566614039397,14,0,1
gold,33,0.6098479584232048,0.7300959996466114,0.5996666056588474,3.9983298500256628,0.53605399369416,14537,0.40156476210743797,7,0,2
platinum,44,0.9267485520320892,0.8088330875420201,0.7368912425588879,4.082617663459269,0.8485377989014118,20433,0.2016733799236848,1,0,3
gold,31,0.6153615725326969,0.7287812549542221,0.6668916505712192,3.1971245393471137,0.5992698250166177,8695,0.18433144905505444,13,0,2
silver,14,0.48973105864937827,0.5684247662927394,0.4238973891028949,3.431195904586363,0.42026073593689606,2217,0.6589841296035797,24,0,1
refused,2,0.16235186753488962,0.24779317548408067,0.19504686622154818,1.021129618244305,0.14981416369623743,475,0.8295077222317455,53,1,0
platinum,28,0.9937812245324797,0.9821372396511426,0.7476814849830269,4.069931605709434,0.7072556080382053,26743,0.22464015116870983,2,0,3
platinum,26,0.93600505625079,0.9504806240077646,0.7015435512264144,4.556637057936717,0.8743645084199454,14658,0.04980381872351328,5,0,3
refused,3,0.16336431513927702,0.27690589048152386,0.21211016641015093,1.1590566340428872,0.23900509382190793,330,0.8814340235995084,73,0,0
refused,4,0.12677160131289447,0.32857856841350014,0.07568747677839623,2.3902245308925973,0.15064801674684444,284,0.8060871185085171,65,1,0
platinum,56,0.9066981385183381,0.8794636230915196,0.8386291872296981,4.117649028473559,0.9387674912354239,21826,0.11191835635260458,6,0,3
gold,22,0.6882757222345973,0.7006172926143166,0.6383555278283964,3.647032552952777,0.6659878618108439,17045,0.25255968052870514,13,0,2
silver,15,0.3739215672288384,0.31992312611181983,0.2849208553497238,2.8874870982855056,0.5037600718614506,5741,0.6899265764862736,5,0,1
gold,14,0.8481286550404928,0.7207785714307617,0.6208608839642957,3.5519303415527554,0.6485704729415785,16532,0.1735986174942776,4,0,2
refused,4,0.32199522242396905,0.18429444490374824,0.2732625625573659,2.3231282183073527,0.06182107572618684,1603,0.6856158767079863,57,1,0
silver,17,0.5437892787497484,0.5942719674870389,0.27050428545690736,2.8904198248540762,0.320725954001435,5351,0.38280370312090073,14,0,1
silver,17,0.5746482390811962,0.42154686212584946,0.27130032385161706,2.519960647944789,0.516312769525693,7823,0.5073913856792689,17,0,1
platinum,23,0.9545387583795722,0.8678542491792383,0.982371251269716,4.575163350496625,0.7129723594746047,15498,0.018270390506753748,4,0,3
gold,23,0.7684597245675011,0.7265929992024991,0.6689728170821017,3.0671116201538706,0.6234216306037238,19363,0.44756785719589254,7,0,2
platinum,55,0.8982374147020044,0.9293329838234327,0.8674420748781588,4.549616043718925,0.9304156206666288,17295,0.204194866626409,5,0,3
silver,6,0.49552159566895215,0.4918851373807068,0.2688627346343463,3.0991532524998533,0.4713730160994968,6708,0.41915460503991137,17,1,1
silver,16,0.40487719952639384,0.347627374533625,0.35989855740962756,2.922136083110973,0.49616842353972934,2676,0.632680860551173,13,0,1
refused,0,0.08375253337830908,0.18481185898133948,0.21330681528067322,1.5685332931994045,0.195131479129976,342,0.6624960584420411,33,0,0
silver,14,0.45383329612823453,0.5527373183132362,0.3875131117415982,2.698428042256943,0.34545180744952797,3918,0.6984320798925325,27,0,1
silver,16,0.61823219534142,0.30553716766198324,0.28462826821128034,2.2600839212619945,0.48978700177126444,4613,0.4290953679815223,25,0,1
gold,17,0.7744581963762924,0.6442634827504248,0.6292814750456177,3.2284581435564417,0.5130828533705585,11437,0.24104886953670457,5,0,2
gold,27,0.6788098586623627,0.5950396619331548,0.6402998202930332,3.856328839516166,0.700487032515635,8041,0.28003910991993713,4,0,2
platinum,41,0.977622627675422,0.8934621533075305,0.9980010812075886,4.107943714646464,0.8558422244710727,35235,0.10941533203705087,2,0,3
refused,0,0.37459071468305893,0.32509200456382736,0.02809149823423701,1.0196750136602266,0.09987025385606399,962,0.8031400290870246,71,1,0
gold,16,0.6987888243680762,0.6292356554418204,0.5905649610568653,3.904170726535777,0.5745321530564798,17399,0.43018540157481555,10,0,2
gold,15,0.820818400356556,0.6010160971366502,0.5211300690897861,3.5588706932009972,0.606069146730927,10873,0.41261137899817,8,0,2
gold,12,0.7451613064774085,0.7167318618646702,0.5209320880692963,4.186044680065885,0.7222389529039277,9099,0.3201036976260517,9,0,2
refused,4,0.15561254162708438,0.15972188437458662,0.07378116427585472,2.4609253114866414,0.1363210676459591,1389,0.7390367528919052,39,0,0
silver,11,0.5879024477367615,0.33134189574478085,0.4067149916280206,3.3487179326675247,0.26833686259773004,6715,0.5893057427286886,24,1,1
silver,13,0.5398998331540784,0.5681425629649892,0.2883380464773466,2.636965956963574,0.3095216091981712,7200,0.46907883453283716,29,0,1
silver,11,0.4966338164688998,0.31494236327502656,0.26166874367404785,2.7901182437074095,0.34181753587754343,3680,0.35673109620986604,28,0,1
refused,0,0.050285963113870485,0.2762927833187864,0.20965120673826584,1.6533043651287498,0.2249629363793879,1360,0.7714864703391451,45,0,0
platinum,40,0.8880523260809708,0.9249951974102104,0.8675238017749594,4.239055332197266,0.6390250040957198,28556,0.1251508927886769,0,0,3
gold,26,0.8046850573710127,0.6220461314898824,0.6285554826959856,3.155256740360041,0.5598084797239546,9593,0.20173391669215773,6,0,2
platinum,22,0.9560845143466666,0.8093890714295626,0.7505333155428159,4.7423480505725095,0.9416543990602018,36917,0.003039192869346702,6,0,3
silver,6,0.6011990461799124,0.5194061915332134,0.29450435887569176,2.4852948712672083,0.544167382272788,3932,0.35283532957656283,22,0,1
platinum,19,0.9336613398925656,0.9865179818850506,0.959382650786511,4.879268659997838,0.9474206025281156,25592,0.17529246539756493,4,0,3
silver,8,0.3736705488473603,0.39333620422789417,0.27528765653122406,3.4916465038141453,0.5094141888625907,2244,0.47237868316178316,15,0,1
refused,0,0.3531704475579451,0.24267691531114854,0.0010118830651666521,2.273863546447508,0.18487584805113041,540,0.9980194893630863,88,1,0
silver,13,0.5018108810682442,0.5397220258458588,0.33980403294540323,2.687124034513596,0.3318468006640607,2212,0.5442531802661978,6,0,1
gold,25,0.7286153319349735,0.7063583625416484,0.5681923947285977,3.1445781869261618,0.6094019859709827,10080,0.31004354277188784,10,0,2
silver,10,0.6086628922259717,0.4804152668306193,0.2679132714629172,3.455281586459409,0.5363093846654514,1741,0.452717502075655,20,0,1
gold,12,0.7578646981457551,0.6798281731605759,0.6373357223448258,3.662025561367754,0.6353439583767859,7239,0.3784376500308476,10,0,2
refused,5,0.033958021780121465,0.3087885931699091,0.030618535541348045,1.829002804289466,0.007546238946933947,806,0.637435652828969,33,1,0
refused,2,0.0933063607668173,0.23090106292397417,0.2490853819087439,2.2355948202012548,0.05061030868207312,1389,0.7500165177979607,20,1,0
refused,5,0.1399356102026927,0.27681113011508335,0.02503563472133803,1.4870803423347136,0.0010338431330609076,1658,0.7126600445180742,28,1,0
gold,16,0.6404807516580534,0.6625875964451983,0.525222028335725,4.104925019563291,0.597134729020785,6495,0.29258912214697674,13,0,2
refused,1,0.14498530409197055,0.08484773325212587,0.1591518300268629,1.8032767275803625,0.10383120866553104,1785,0.828403347589868,65,0,0
silver,11,0.4610267840209913,0.3759456376468852,0.40583290526632965,2.2952176241904607,0.25514550420898424,1947,0.5534148699562397,27,1,1
platinum,57,0.9032656454918957,0.8923885701151175,0.9935893862201591,4.496047838679886,0.688090120550926,46469,0.04881015073912301,6,0,3
silver,15,0.6426708390068246,0.42154730160508225,0.44727814967316315,2.69270980102943,0.26890503366261126,5268,0.5625747342172103,12,1,1
platinum,38,0.8657303749798722,0.8808970899363702,0.9819459375780526,4.110807962179807,0.8504704686372553,34297,0.2068765799683053,6,0,3
silver,16,0.4125082367224572,0.43311458073607184,0.369037864439696,2.061330646236004,0.5396552897058768,4034,0.3621597510728144,22,0,1
silver,14,0.6103346133178291,0.5256368514745882,0.4657051463535805,2.391931040505257,0.4377700698771977,2971,0.38305996794405167,16,0,1
refused,2,0.21583025182482451,0.23438140657150683,0.23062709295941253,1.2092507071941905,0.12069787702759835,1450,0.859517246234867,67,1,0
platinum,26,0.987288151250366,0.9113443169566733,0.96476004574588,4.606370944433376,0.748773067166746,14857,0.04752691244593191,5,0,3
platinum,57,0.8680246971708463,0.847138349213,0.8597807558202286,4.717635785908629,0.8811773763914708,13760,0.012046503098324057,1,0,3
refused,5,0.0263160968065701,0.3305696712827073,0.012415258709916388,2.2745119272019116,0.020533876478715896,1498,0.9509460182852273,20,1,0
platinum,41,0.8660134098903827,0.9206394804353959,0.7966284106658006,4.317531447876737,0.7764288633003135,18491,0.2400339011013618,1,0,3
gold,25,0.6128234622453039,0.6801359593262146,0.6166211514559796,3.6764845217344795,0.5450739041455633,9711,0.3747473469529595,2,0,2
gold,12,0.7710785622313362,0.5766559047341495,0.5176793934293517,3.9691510434755704,0.5050738882065438,12262,0.39310931992783116,11,0,2
platinum,55,0.8599353966777799,0.8309344281766473,0.7285784523863879,4.930318884837824,0.6862119475165327,37103,0.19278070396297164,1,0,3
silver,6,0.4032294956748794,0.5167941606183205,0.30558040664577624,3.0258259601694055,0.3753106530035817,3494,0.6754946740969471,10,0,1
silver,14,0.4500844672933044,0.47538660267400606,0.48492960287504505,2.348277175205438,0.4554810244723928,2023,0.694346072996641,12,0,1
gold,34,0.8336824788720752,0.7852480806436093,0.5548425778248294,3.08770210923138,0.5649176419263011,7888,0.1586508980765116,4,0,2
gold,34,0.8215215272033791,0.6990125289402376,0.5706946384121441,3.7906821678898286,0.5206697803783504,15164,0.2949035566645136,11,0,2
platinum,25,0.9763137122528065,0.9692815698629115,0.8738244698030502,4.076416859438051,0.73615203706667,34566,0.08304775827890115,3,0,3
gold,28,0.7733555320140773,0.5563371510659847,0.6857111065788272,4.15990892426798,0.49721147500497315,5066,0.2214255638421353,10,0,2
gold,27,0.7463969209681531,0.6884983138757828,0.6341530050886071,3.629105664645284,0.6917717527600324,17419,0.22191272347273341,10,0,2
refused,1,0.1275509136824726,0.045627758461911846,0.2793590040614086,1.0561479661796052,0.0038455000396781067,745,0.7601243596924452,62,0,0
platinum,32,0.9357209537807516,0.9673129626584666,0.748247640723457,4.825286108232897,0.7840649057953759,16313,0.01905980449339112,1,0,3
gold,14,0.7916318290554067,0.6922388708204628,0.6680696355177016,3.227921692393224,0.5845897774853203,10206,0.37209091796972527,3,0,2
refused,1,0.16279523551605002,0.06637667050683779,0.19640276417166838,1.2618332430354475,0.12204068359031427,1292,0.8029143021162539,87,1,0
gold,25,0.7071144759621988,0.6280474341422824,0.5043693423972404,3.598761533064952,0.6909636369732279,17985,0.40737512167307033,12,1,2
platinum,49,0.9606107809140728,0.9144855518866931,0.9198696755024025,4.598531575684365,0.8125266082272237,25717,0.1743023454774092,5,0,3
silver,16,0.43926402840299905,0.4300818100228605,0.25106098711096736,3.1599143340002227,0.34495844505939094,2950,0.6567232395595171,28,0,1
refused,5,0.08932601890960208,0.21670238076015658,0.25712525334426917,1.979362158164404,0.11206456624239132,1745,0.8406138490522505,75,0,0
silver,12,0.5809800307846059,0.35711498131829156,0.5206582870367136,3.2248634200389192,0.3256017013634149,6143,0.41917672339186535,24,0,1
gold,26,0.8287651831293056,0.7773131736092481,0.6523779788754968,4.0468734760257785,0.5636867729437522,9332,0.33974166072344325,12,0,2
platinum,46,0.9611460791366002,0.9174907208468149,0.8954558400406794,4.279703538471479,0.8997134850783106,18315,0.068675953761973,2,0,3
refused,2,0.2971218749039386,0.23491514275571354,0.05977102904566366,1.3061033057181117,0.1084425376019816,1718,0.9707169977637204,55,1,0
gold,26,0.7047957189755303,0.6281495062270751,0.545496320738708,4.142712094034788,0.7076234905588741,18025,0.30581930558504034,4,0,2
platinum,50,0.9635498698258342,0.9440405163264591,0.8247722098440822,4.248580257714942,0.9952262266611096,48115,0.05521319574075223,6,0,3
gold,19,0.8447878887751539,0.5743417234478053,0.6716645877757715,4.183883388935192,0.5038953653866026,18817,0.440644932445013,5,0,2
gold,16,0.6679886398495496,0.7491101403808693,0.6090855900423426,3.6942767187352255,0.5461689673082774,11594,0.3522022069388134,6,0,2
refused,0,0.03442181787444048,0.005721332832667431,0.19002910203354648,1.5701752883118463,0.2118866442117022,1235,0.949241026243572,37,1,0
gold,32,0.7496407483044399,0.7512935993400942,0.6597111676261198,4.196219141137728,0.48118781277371686,8773,0.1513513442940866,5,0,2
gold,28,0.7727639531848154,0.751041391245971,0.6520800134574964,4.036547547558004,0.4525486735821629,9611,0.30819590387995793,9,0,2
platinum,59,0.8849824617324702,0.8853634113309728,0.9890040498461197,4.273791307514107,0.8293397382540872,27622,0.2154227259468363,4,0,3
refused,4,0.08459629744334007,0.31588288865570247,0.1392586867264893,1.850745338924897,0.18989658425772551,150,0.7751105244233374,42,0,0
platinum,45,0.8626775511521023,0.8625709713011176,0.7540031312418171,4.975990849598793,0.7799368831890237,18605,0.16525356356183007,4,0,3
silver,9,0.4603361256441691,0.44108654301095274,0.5388266042272978,2.045852551021445,0.4978807717523879,2333,0.5805921451255933,18,0,1
refused,3,0.12696645348655408,0.20696686939626194,0.05469399707809185,2.2319685164940184,0.25672740132015903,1970,0.8752912168710765,64,0,0
platinum,42,0.857208838629555,0.8710724903636792,0.9201729756861106,4.424527425196362,0.9300522670664461,43703,0.21258700027997385,0,0,3
refused,5,0.30709923661857363,0.13561796273105392,0.16868446923761773,1.621975266692806,0.27454237087649597,1715,0.7239608909349073,77,1,0
gold,24,0.8224783440907156,0.6651834000604185,0.695291305887082,3.1632674813179715,0.7228760085161332,14840,0.25541369002743264,2,0,2
gold,34,0.8394864649815343,0.5712415724723666,0.6561398608343257,3.384358490996091,0.7170662011663669,11618,0.3080277863076646,9,0,2
platinum,43,0.9814992228888689,0.8690384289762552,0.879242758789579,4.191782455591861,0.7454772499024561,24852,0.212010522400371,1,0,3
gold,24,0.8002451751008413,0.602526798228088,0.6502846635062605,3.5762202183142655,0.6507462466604552,18998,0.23970380388280382,5,0,2
gold,17,0.6864515246026062,0.7688721625989742,0.691774374638082,3.6562986165517493,0.5813344431898859,16555,0.19406824917387983,10,0,2
gold,28,0.7350697232968553,0.7938525919211863,0.546575829230363,3.1057706920689507,0.4772806349739124,9370,0.44600903882412724,2,0,2
gold,22,0.6120906777621952,0.6979292422231002,0.6138994517037152,3.0252442829525625,0.4897722232453447,10138,0.42861881078320074,6,0,2
gold,20,0.7405472027661313,0.7123447050591556,0.6728732532911946,3.008510175329245,0.7188770149414736,9515,0.16643611437706465,5,0,2
gold,14,0.658453208273266,0.5922146158425988,0.6385817822049535,4.123395649861196,0.5723682710340572,7709,0.281058010967138,7,0,2
refused,5,0.09245234544239925,0.26793596604165965,0.07604080341469902,2.4602607753603545,0.049431840573565776,1494,0.6232791080521148,24,1,0
silver,16,0.6241008792328158,0.4483769334029441,0.2542684671187498,2.0908442651189505,0.251698900157739,4204,0.5377503410644252,23,0,1
refused,3,0.21047012826783662,0.1528473049913223,0.03221952710733975,1.2923036233261012,0.06680820351882565,955,0.9151085920354274,55,1,0
gold,21,0.7883680276648992,0.6290253278867427,0.5623305833309298,3.1713427640014618,0.7340708698381551,13123,0.21279654481410512,11,0,2
platinum,25,0.9901920996009564,0.9852898847179422,0.7106267105255635,4.194558323185301,0.6667540471419483,32432,0.16659635339455162,4,0,3
silver,7,0.6471123288736588,0.37692214745660696,0.4777319194897278,2.6816146269221957,0.31364837887930874,2283,0.6289190480099204,15,0,1
silver,11,0.6318005047228961,0.5888587002557226,0.3268133459128384,2.2405762007655072,0.42296918902678204,1406,0.48350437873696306,20,0,1
gold,26,0.714482248608507,0.6679123726876489,0.543754341682176,4.1119024598620575,0.6792286759736638,13652,0.3208563836046098,8,0,2
platinum,50,0.9345947638028255,0.9076802980761576,0.7565047251296804,4.375992889941312,0.7141161353429266,20350,0.11542903595327977,4,0,3
platinum,56,0.927504438613985,0.8096189287928176,0.979476846495697,4.617351757412974,0.7550694379001577,13321,0.19025944756269575,6,0,3
platinum,24,0.8810841473512084,0.8810496176055378,0.7522580009734761,4.387078760335631,0.6442993781275832,17166,0.025450920737384225,2,0,3
silver,8,0.38933636285494994,0.3135178745759176,0.34601660651664345,2.5401975316608114,0.33815108668658816,6145,0.6056899210238027,11,0,1
gold,24,0.7328235045877329,0.6017044732833491,0.5368602793900198,3.6504183581756715,0.5153342405302705,19409,0.2516249712643522,11,0,2
platinum,57,0.9247247779968839,0.8532996786741764,0.930317166420034,4.582148229779972,0.7017287924713267,12454,0.21669258862650007,6,0,3
platinum,42,0.9701423942023599,0.9146301698514777,0.8396410026309951,4.90589110478776,0.7984665536452877,19101,0.09878272690287582,1,0,3
gold,26,0.8291051361330165,0.6483888340265789,0.6967423166418303,3.6802301199529137,0.5617971389682441,8644,0.44477367689766145,10,0,2
platinum,18,0.9854726588014939,0.9541971851070957,0.8151541455603388,4.2660192780053805,0.8308998923074452,38398,0.19509137575172042,6,0,3
gold,33,0.7890634478556086,0.7621179436015662,0.5653477781137267,3.7811660942622534,0.6438140832289788,12209,0.44680219135188715,12,0,2
silver,16,0.4601398505930795,0.558385899826429,0.5306636618535299,2.7779225474530014,0.38812804670998047,6768,0.41035814395676284,8,0,1
silver,17,0.5443008068362478,0.5885000316547488,0.28918322801083973,3.4371307813811343,0.33354473681283675,1944,0.4093996957382187,28,0,1
refused,5,0.3075471049967892,0.1883764518063031,0.10232164787102069,2.064292095364897,0.10613879564067154,1546,0.8120887946366104,66,0,0
gold,23,0.6320814655471911,0.635732415689799,0.5853789455646605,4.041267783366111,0.5788343691236107,18892,0.19594044018132117,13,0,2
silver,6,0.6053332477542664,0.5841507575117278,0.50044080038635,3.0799838465490863,0.36550461140668516,7577,0.6156452541552189,21,0,1
silver,12,0.479890264099716,0.45897318256828473,0.48042596239231494,2.7943823039574345,0.5379159067400019,2291,0.5701012048705757,28,0,1
refused,5,0.3897198915418527,0.004458630168025262,0.04903675750017249,2.25000343075788,0.0636964454552145,1806,0.850772732371943,61,1,0
gold,21,0.6670435919362283,0.6555480584701696,0.6791111481747769,3.2142237471271184,0.6899075586008374,16343,0.31925843753962363,6,0,2
silver,15,0.6005070765115081,0.3053620592508947,0.3066016873684098,2.6743798986676675,0.36455343967702475,7778,0.5255960444617221,24,0,1
platinum,46,0.854570822910039,0.8962123767688173,0.8596734966478897,4.520768141834212,0.9509047051304718,15185,0.12846361605169193,6,0,3
gold,33,0.8471052484908702,0.579785167999012,0.6479162354443485,3.122798615440876,0.4969587640247224,12226,0.35391773880052746,9,0,2
silver,14,0.6366553119251723,0.37033465464241183,0.42207538208613676,2.6607826159762196,0.4754849180938831,3985,0.5757841059749286,18,0,1
gold,35,0.6411013822697197,0.7873182765614043,0.5407069747773793,3.9757704053780705,0.5659387692983806,18017,0.18596640944515364,11,0,2
gold,22,0.6427341006052121,0.7379562864891703,0.6819190782221889,3.152162158952112,0.5214374529761996,6359,0.3373118093770831,8,0,2
refused,1,0.15762380793434289,0.22185535611822768,0.08638096641112043,2.1875768223452923,0.09029595277853504,861,0.653863570649674,15,0,0
gold,25,0.6766082056758429,0.5763503443491156,0.6222683312495452,3.5837793188789075,0.7425261509123045,11604,0.4027370958355241,10,0,2
silver,12,0.4828550592425632,0.32191553304319814,0.4364153824221487,3.403806937946687,0.3990118389090288,6677,0.5294531203757432,26,0,1
gold,31,0.6121737120999824,0.565486629644747,0.6639354005560918,3.46033084842619,0.5639772872886044,12953,0.32899736759912707,6,0,2
platinum,35,0.8533277113045452,0.8527367605269234,0.9206050895997258,4.790337735860148,0.7256243179970928,23527,0.043805443026456836,1,0,3
silver,11,0.4920708495723939,0.3197786668072447,0.26381354801346957,3.4767010596389243,0.34233782666437745,7778,0.38319065359543547,19,0,1
silver,11,0.5506861130204823,0.40594133798435295,0.4693641459988844,2.1721939504972463,0.48488732979018406,6990,0.40440830225476004,17,1,1
silver,10,0.5096737421425342,0.33989957612239174,0.35429970122765997,3.0378215692756245,0.4653938602061155,4307,0.4972387829643249,14,0,1
platinum,32,0.9951370827280371,0.8685048514357088,0.75212604259227,4.597046916895692,0.6199368111131766,49832,0.19349784453819063,5,0,3
platinum,39,0.9474660523964145,0.9154972541812252,0.9593478640922045,4.917752489171377,0.6839367979425638,20651,0.20554497170410582,3,0,3
platinum,39,0.8856259706938705,0.8962175896775172,0.7448741928002697,4.574587382317767,0.9912247271894115,40403,0.01097498566075128,0,0,3
gold,23,0.7256068217915941,0.7836359701788789,0.697624815190927,3.774180099961084,0.6466307935321984,10845,0.3178425778369039,13,0,2
gold,34,0.6032243674473814,0.5980040211850093,0.6420703001424664,3.6598523053874525,0.5579474701909699,16036,0.41232436625894353,10,0,2
silver,17,0.4467335870554562,0.4479730487800342,0.33018852462295134,2.961375161966113,0.27085646207595865,3627,0.4017841585708897,13,0,1
platinum,18,0.8946452761763967,0.8154642130977575,0.9456356930071281,4.4424099364806695,0.7484828375559993,23467,0.24354861095408928,1,0,3
silver,10,0.42954686891159444,0.4383425333642099,0.25725341312625105,3.3198581499616884,0.41283205064794126,1978,0.6329796456411437,21,0,1
silver,7,0.4389862585501755,0.4467870472511287,0.425126256634921,2.5333152593851183,0.28012034301268035,7710,0.4418105475579371,12,0,1
refused,0,0.14154829737929453,0.03214165774930614,0.1613197712349603,1.011476868491827,0.2948515644058315,1774,0.7165229785097951,39,1,0
refused,4,0.16145421050100184,0.18997908280975812,0.01169742141149852,2.4584403761834994,0.2667983346058321,237,0.6307066948579922,30,1,0
silver,9,0.5298285176331256,0.41843625275121415,0.35121784937462996,2.6045532334020276,0.46905857984846655,4824,0.4240321812104796,22,0,1
silver,11,0.582920996606631,0.5602671862336615,0.40250415247220295,2.3967082363054955,0.4463896077751286,2203,0.43236394283591234,16,0,1
platinum,19,0.9236123168888176,0.9177108457946491,0.7890607823680842,4.57717278328755,0.6159063859954278,19227,0.03292875714477339,6,0,3
silver,8,0.44991177060901827,0.5265241986365039,0.3297398265786018,3.3697769061366256,0.47499712964251106,2200,0.37757372485137,21,0,1
refused,0,0.08411311707948604,0.002511053422658843,0.21645421930362435,1.4334067758575755,0.22038661212966992,1471,0.9075871372413495,20,1,0
gold,28,0.6505734872895509,0.6882037189295873,0.6266357349791545,3.789539893445511,0.5949042338531851,16179,0.2672258953701012,6,0,2
gold,19,0.7279268617786752,0.7931153475069757,0.5056243012555848,3.856749537437726,0.47904561929616557,13399,0.2112715861709593,3,0,2
silver,6,0.3689284043549647,0.55401659711902,0.2642195733793492,2.6629461634201537,0.5020025496771997,2986,0.6695135931071818,26,0,1
silver,7,0.44222975976435114,0.41818327940717537,0.5250624486771458,3.373835952105055,0.5167679780990265,5355,0.5992871121454049,27,0,1
refused,1,0.1815263654897482,0.15773349221235594,0.12041024571514772,1.075625508445254,0.17946056873815766,1793,0.8920043955098311,45,1,0
gold,22,0.6141701080414588,0.7121867784737546,0.6052188026503084,4.1325196586544175,0.5449406352184496,17671,0.43349011909202284,2,0,2
platinum,40,0.9731292209730029,0.9768397956263006,0.7985143683655243,4.433800512254772,0.9629520658851388,48814,0.03931830204492884,6,0,3
platinum,58,0.885789528968551,0.82044253284504,0.9028156771560263,4.772622727449383,0.6053610505728663,44888,0.07332715269514117,3,0,3
platinum,59,0.9830020580947072,0.9063714959376348,0.960448241215464,4.815748643504281,0.7493850384576694,39808,0.16433837054253214,2,0,3
silver,13,0.43488427041119937,0.34041613352719907,0.4787605336162061,3.058151277641827,0.4428652044973759,1398,0.6232512984972828,21,0,1
gold,24,0.6175270349103142,0.7647779394117291,0.5609806248770127,3.990641809824499,0.4890953964273873,8219,0.15411995642477347,8,1,2
refused,3,0.2971512302873403,0.05824706493285838,0.288821073419177,1.0767696035023142,0.13019380535614944,135,0.859021911061369,31,0,0
platinum,23,0.9483583953071113,0.9079721274225674,0.7027217213958175,4.535358101842661,0.9130327759405352,38939,0.10341066872965882,3,0,3
gold,30,0.6560796397133816,0.7855145548721489,0.5521698491924177,3.4528181726763743,0.6009400664244959,7022,0.2369642038601579,9,0,2
platinum,36,0.9304885968980998,0.8385198055571261,0.8754012101327766,4.25541348468522,0.6273363742129041,11098,0.1773302071181524,2,0,3
gold,17,0.7913408409645102,0.7386423403014342,0.5136074628183339,3.298772278993638,0.7373299974528668,9927,0.318976753147705,7,0,2
gold,29,0.7470880552457884,0.7177532451332275,0.6544304055231676,3.128185191556789,0.7143892636842275,14404,0.4099282208696269,5,0,2
platinum,40,0.9153509348016836,0.9655881774354984,0.784417288173258,4.670096034610942,0.9497049882440951,47383,0.17563512538370174,0,0,3
gold,15,0.7005068042220601,0.5852997658842962,0.5098617974219649,3.9569046647299975,0.518601225415381,18285,0.2140701901008577,4,0,2
gold,24,0.6113962894871672,0.5794931209070154,0.6831628696381488,3.2612397586286788,0.5029235731283659,6159,0.2984262721307111,11,0,2
platinum,19,0.9068158938926933,0.8105367671954458,0.938653111508921,4.636070763729825,0.6100567833109091,45596,0.23677266677712977,5,0,3
platinum,25,0.9477227157786682,0.8987962974261725,0.9269907411354804,4.8095299757684415,0.8262199859685762,40373,0.12896547567808203,4,0,3
refused,2,0.18962568676220487,0.2496074940650692,0.048735158353399456,2.434917781245788,0.20876090406727965,232,0.6301732278413982,26,1,0
platinum,41,0.8583806732016025,0.984592046359697,0.9893561416810626,4.754837819940848,0.8497701785886912,12011,0.24069208756330152,0,0,3
platinum,30,0.8631831436810216,0.8594005752909765,0.9257283287846718,4.6852980161158735,0.8705705449353569,10159,0.05874335124898819,5,0,3
gold,23,0.7821640710591506,0.6714085746033351,0.6463745474573002,3.224288755740142,0.5406830101489346,19680,0.3041111596867667,11,0,2
platinum,24,0.9130803667997612,0.8707742753122499,0.8965028016496326,4.371408567650141,0.8958685202907055,31083,0.22352357563331268,2,0,3
platinum,20,0.9869748628386464,0.8264552422250662,0.7996943876065327,4.848015885249401,0.6372121945840109,10557,0.0892802898251257,1,0,3
refused,2,0.05475154665490276,0.10007115155177454,0.1760257859238361,1.1600235962226026,0.2710331089622783,966,0.697119305811069,83,1,0
silver,11,0.5065625331120731,0.3268841171985968,0.44387575529715717,2.0898899723456825,0.2524602128282937,7377,0.5918221995249182,14,0,1
gold,19,0.6808826031213728,0.6533791325724898,0.6754255123797003,3.7808692612005603,0.67989122133567,9016,0.24014662758979166,9,0,2
silver,9,0.6411800203572375,0.4168160564003076,0.4061581338427491,2.1127378480071273,0.42597682016634686,3678,0.6839538044917122,19,0,1
silver,8,0.4538525231918387,0.5738516574581924,0.42816154173491716,2.0020519765453053,0.3276254935605458,2627,0.6118385844059774,20,1,1
silver,10,0.4308531863654892,0.43480291575054647,0.2663098535320551,2.484002206264579,0.4196896578378786,3953,0.6320173413900524,18,0,1
gold,19,0.7689557312760184,0.6051627649054372,0.5938813683978516,3.1049001694453007,0.6733326503512661,11282,0.28342676946060374,6,0,2
platinum,42,0.9724578602819594,0.8988547700276543,0.8764175134270238,4.323500394911473,0.6977359763145865,49410,0.10915354744219152,0,0,3
gold,27,0.6843635697410573,0.6860643342538127,0.6142398367925828,3.851155352568922,0.7051740591919798,9102,0.27901660355738234,5,0,2
silver,16,0.6149358220024326,0.5072004046316166,0.540447449868255,3.1588021941899473,0.5461941946631983,1558,0.6017187961797791,8,0,1
gold,28,0.8198325539196185,0.6024225693575502,0.5665458953020758,3.179891103896568,0.525960349010993,9183,0.35090519173898177,4,0,2
refused,5,0.19959240207750462,0.10680932571586572,0.1176786437303082,1.9711631827243046,0.2347988780688324,1395,0.9558362565467459,49,0,0
gold,14,0.7506123604916469,0.6130786840337883,0.5515263997527058,3.6073678232335733,0.47222247216313434,7732,0.42887492837927077,12,0,2
silver,17,0.5375058362504312,0.5693650133293445,0.292766877140482,2.9236644720464784,0.3581235419053834,4729,0.4322319969916874,18,1,1
gold,23,0.6838429015543656,0.7394441400937896,0.6857526842410985,4.176913409266622,0.7313113846138103,17109,0.43683985690271077,7,0,2
silver,16,0.3823567328460543,0.3925699492766751,0.43381661558252715,2.9667722366521945,0.4245341832777164,4544,0.6142261065752834,6,0,1
platinum,43,0.9244056181440109,0.9196885402410454,0.8296722351677537,4.63796079331597,0.7846931254449528,41705,0.0024809552819589076,1,0,3
silver,12,0.3576341429885117,0.43764208628071066,0.3544211112583421,3.4548370128226447,0.2627573900557278,2274,0.47789214581554484,17,0,1
platinum,52,0.9515154856636455,0.8372641758988242,0.9562629323384697,4.6801319311034515,0.8478797760797663,28019,0.0995013232386257,2,0,3
gold,22,0.6086681760565166,0.6547424434448812,0.637553841273147,4.171787593377465,0.6821985261882026,15630,0.2945410327616824,6,0,2
platinum,37,0.9732685955266673,0.904260133482714,0.7757583346226258,4.035570867035548,0.7651044517064104,21590,0.1823361985219991,6,0,3
silver,13,0.4160731632208582,0.4387689924941398,0.2533141435638333,2.2695396419769547,0.3792761693052993,1411,0.4685238931402639,20,0,1
platinum,32,0.9876093419628298,0.9912831395118851,0.7951587150296195,4.105930712558493,0.7627887638537055,43996,0.20000087044092035,3,0,3
silver,17,0.5762693970048647,0.5095441403444662,0.5359229768074064,2.841579259285819,0.5071601002973603,4598,0.6085284277058497,24,0,1
silver,9,0.5891465317447495,0.4948531480505771,0.3218784648896174,2.874650426946199,0.5365084786797779,7963,0.676165939547211,14,0,1
gold,26,0.8182148553914161,0.5639352133968605,0.6050636528901443,3.467321616093208,0.522213775699052,16590,0.22226341911164482,8,0,2
silver,12,0.3510732633800094,0.3481122705500016,0.28277846697725717,2.4339236366629446,0.47283299233236853,4143,0.6204815725016092,18,0,1
platinum,39,0.9952977915961202,0.9174136448273135,0.7962228221314382,4.821806443901087,0.8900622910204459,18767,0.04895827103356751,1,0,3
platinum,43,0.8692750529850866,0.9413960922486918,0.94598407522243,4.255644997809272,0.9964505727285214,21381,0.2225537506590436,1,0,3
platinum,32,0.8855027790523118,0.9114610737780096,0.7053585677434958,4.787901988292265,0.7615911505306193,14652,0.22253528434900366,3,0,3
platinum,23,0.9353622203748622,0.8364214277643167,0.7987052313443986,4.177766387851248,0.7941435932639549,29595,0.248313753855741,0,0,3
platinum,57,0.8558444698465351,0.8914000438563356,0.8679532936926488,4.235235584801985,0.8345916368754828,32785,0.08433638669227317,0,0,3
gold,14,0.7008026582959557,0.7323274501193016,0.6440913482925512,3.987188962176513,0.47182087853315896,15778,0.40212009944680216,5,0,2
platinum,31,0.9135206413462178,0.8847193724840966,0.9841893664769015,4.442716966779527,0.9637560768033585,48392,0.13032401191353474,2,0,3
refused,5,0.005143013646789996,0.1865990922637261,0.1445724814409476,2.3776202636455075,0.09436713480768835,1802,0.742630199713149,71,0,0
silver,9,0.45614084919319264,0.38901523547371225,0.2858201926228941,2.4766407602374314,0.41788450172952285,1888,0.5506280351446853,8,0,1
platinum,19,0.911681008130828,0.9752888151750587,0.8838832524596818,4.936449173883661,0.7790411761280868,49420,0.19290672774465192,5,0,3
platinum,56,0.9107803130172125,0.875545189488034,0.7676620427331206,4.5097242467516985,0.9447947633617089,32052,0.16990508318377695,2,0,3
gold,17,0.7135459156841765,0.6408138379189526,0.5699228797615444,3.989420483759915,0.49518328592055577,17299,0.35374750372306707,6,1,2
gold,19,0.6856827313569768,0.7889123668166224,0.5213423638204708,4.103751086135324,0.6935903227172405,11000,0.36688302731683414,12,0,2
platinum,49,0.9557626546444989,0.8853577810673499,0.7003695505499278,4.227357300096099,0.7714522187881903,36417,0.03356871272556888,6,0,3
platinum,18,0.8857354228605969,0.8046045209575275,0.8783187577685636,4.595750728188957,0.6145150490454009,46027,0.08702389829207202,3,0,3
refused,2,0.21899537325978852,0.24718109648206024,0.01666308701177117,1.91554265398286,0.16344476623559118,1330,0.6896762795357596,28,0,0
silver,16,0.642163330113092,0.4243343805106438,0.3603708775858827,2.7769474266820833,0.40220964161944894,7653,0.46033351994035737,20,0,1
gold,17,0.8335760285418725,0.7914097438167002,0.6419342687009049,3.0168174210312686,0.4548373939116645,18787,0.41000740451981854,12,0,2
silver,12,0.6141645027016871,0.5597526866248745,0.535343869421624,2.5621263742641407,0.2879975397754785,6129,0.44501123205734683,8,0,1
gold,14,0.8456303180640097,0.5632066715911805,0.5195220076217983,3.920218677381328,0.5334430921346732,17255,0.2805692154028272,6,0,2
platinum,25,0.907630274706883,0.9138887035527001,0.7217248816439024,4.479354440137852,0.7562913462454453,20582,0.15558581615431152,1,0,3
platinum,58,0.8636503136576995,0.9220809334015916,0.8805566150986025,4.810685927986266,0.8957178940659092,18016,0.08289117476679844,1,0,3
gold,19,0.6536739718658389,0.6152906081277151,0.5664345044123464,3.8624391191673553,0.5861876499143579,18742,0.27454907598123124,4,0,2
silver,16,0.4252959456569544,0.586749248904897,0.38758146390170256,2.0746853797815636,0.33524075926161956,2814,0.5459874515010451,27,0,1
gold,24,0.6313874474746193,0.5808118645331379,0.5250502462192416,3.582320090811146,0.6993737415269827,11452,0.25843959854955467,4,0,2
silver,9,0.394223835090195,0.40041680607439556,0.4207130949986999,3.1385780151006624,0.42564535275129367,5300,0.6654161926841106,21,0,1
platinum,58,0.9403661388851678,0.9215788787588517,0.9318468340050413,4.3784764234858695,0.6345698443050186,26390,0.1210192674275504,0,0,3
refused,3,0.3577130874734713,0.0012622526372615239,0.145862119468989,2.484918415113585,0.09321126561537513,1765,0.8096946626252641,64,1,0
gold,22,0.6583332056623317,0.5967810676026255,0.5587833521009867,3.2521413311282577,0.5117661932299798,7338,0.3789922845636632,8,0,2
silver,15,0.5057680232568583,0.35037095898062665,0.2557955210603021,2.146554816651612,0.32956824861358636,3178,0.3692337088540193,9,0,1
platinum,29,0.8670196903026172,0.9207443063460278,0.7093906941242548,4.580475006716675,0.9528542457128241,37840,0.23568107977352806,4,0,3
gold,18,0.7642576245585269,0.698445157985863,0.6076726204202045,3.5377025847396917,0.5611474311178543,15437,0.18305163607608993,9,0,2
platinum,41,0.9370816018515865,0.8512031063707325,0.7224083253273562,4.603219410213372,0.7595344118814917,45426,0.03005180728014406,2,0,3
refused,0,0.027794729901061202,0.043462914190331776,0.06981246011666145,1.9124730490348218,0.25843348036973646,997,0.8841679204962656,66,0,0
silver,16,0.6398168398295597,0.5799407605218656,0.5295477169184859,2.8556868729317912,0.4571615674346697,2629,0.566722773760438,16,0,1
gold,24,0.7037064138803379,0.6229777933744518,0.6625701943073515,3.2882940221571646,0.6531281354350933,9503,0.27464801900877434,8,0,2
refused,3,0.16241756363964965,0.2236072147491702,0.2644668783204003,1.4325121416920288,0.2893545717853269,1072,0.6504210435809628,66,1,0
silver,10,0.43692128015866677,0.4786437019997019,0.37879635008131163,3.0405257224568074,0.3517230545160659,1753,0.3931394669828086,5,1,1
silver,17,0.46862150315891227,0.4634359962090615,0.5173787946746196,3.3082202897883124,0.2975667904874986,6614,0.5126194748039905,9,0,1
gold,32,0.8413256809076,0.5694641299021924,0.6008265683836876,3.310268716368295,0.5192937931584191,15415,0.29484302799851114,3,0,2
gold,23,0.7609891448619034,0.7001457992467841,0.6074551347336076,3.6182306713658567,0.4986550117223632,8082,0.4279643342252927,2,0,2
platinum,34,0.8631802166863985,0.8982372681737253,0.8430086425123478,4.678378822855142,0.927282667499299,47291,0.0714395811481765,2,0,3
platinum,47,0.9687726759204449,0.8808763003098049,0.8818566140683515,4.198856277775296,0.8876309789415422,40386,0.1896940634393313,5,0,3
silver,14,0.5472704917353838,0.35256070887721197,0.4568421698220292,2.9512851153817863,0.3182831735925318,3894,0.5644991708871774,6,0,1
platinum,46,0.9305895125071105,0.9196572116536309,0.8796141940300323,4.226964694365364,0.6931052588405155,36943,0.009392772599726845,2,0,3
silver,16,0.599479488932323,0.4379553242701296,0.3131617440513529,3.446764333987482,0.5354391039237459,6951,0.5226550756836357,7,0,1
platinum,20,0.9094977402931378,0.8622946342265515,0.8414597380307538,4.9741646286280154,0.6088140641190016,27438,0.15898867679093212,5,0,3
silver,15,0.4991421391256604,0.3210711917608443,0.538440237715303,2.283387600258687,0.5430794250391946,3284,0.4615981331278038,24,0,1
gold,22,0.8239224860666541,0.7989336130128308,0.5631266430734304,4.18695038293048,0.7297511859292147,7666,0.4189512752876985,8,0,2
platinum,52,0.9589595548975343,0.9898613594115531,0.8897621599678918,4.614081311184736,0.6425374905023098,12384,0.2137575504049838,0,0,3
silver,13,0.4541141077861331,0.4700837572438964,0.3778694374794293,3.179423460935338,0.5028084832668285,5429,0.497701837796003,5,0,1
refused,2,0.11158617487932038,0.3490781635423963,0.175347462675668,1.1648229546028015,0.1378324535620954,1733,0.6159710635220684,29,1,0
platinum,22,0.9239538486657708,0.8664292825309878,0.947776229739969,4.456858644880368,0.7383681790006777,46129,0.016423714738591444,3,0,3
platinum,24,0.9525945654097212,0.9461098273618603,0.9790271051529216,4.515175170333731,0.9205467663278076,15889,0.0738253693929582,1,0,3
silver,17,0.379768668824803,0.5025139866869759,0.4774220504262398,3.0181725413552702,0.32341055354489756,1535,0.5153611150988816,19,0,1
silver,15,0.43521813862391456,0.46180446145226395,0.40028160752496833,2.3189371240452608,0.45112086730490925,6831,0.4885793835348909,5,0,1
gold,30,0.7487118448754774,0.6918477360390184,0.6530632599050772,3.590840458441499,0.5652057221894875,17612,0.20238327509467857,10,0,2
gold,16,0.6735168655441944,0.6708080189688588,0.6600275165504151,3.1857432418153344,0.4715720151949337,5671,0.4166527535215596,5,0,2
refused,0,0.2847163359593802,0.3192209642373526,0.014525791743174487,1.383598490160324,0.21112605244845267,1180,0.8056682186830407,21,1,0
silver,12,0.43377958341229694,0.4614583115053209,0.34717159496896055,2.0434708853749646,0.47561781053511054,5116,0.47651741693299643,7,0,1
platinum,56,0.8859681038736105,0.9981858952914782,0.8430030484991105,4.380074508937206,0.6007519534099642,22743,0.0010908174125772718,5,0,3
silver,11,0.48660924036845016,0.3558102184113836,0.26115422048237946,2.068196940807389,0.4767782034991712,7716,0.36622364430199783,28,0,1
silver,11,0.46098323961634036,0.3311190493627482,0.3910704878827844,2.177595262141481,0.4293654809087797,7969,0.4322252175602001,7,0,1
silver,7,0.5905242250537283,0.48004214496402803,0.3911775447405351,3.2971504881382963,0.5167714412580477,2616,0.40942192891534274,23,1,1
silver,6,0.5610524432265023,0.5672570893582916,0.3041788623714171,2.4502882764584966,0.41959080743813515,4695,0.5673966923969159,21,0,1
platinum,24,0.9301491210295845,0.9542493337039476,0.7196878433722038,4.366956079204801,0.7102449354715782,44591,0.00033840642886703853,2,0,3
silver,10,0.3760243303411922,0.32206514369288375,0.44930618579781606,2.7017941060411736,0.5077517084709802,6945,0.6210394879560395,24,0,1
gold,16,0.7028259930165578,0.6362542099811416,0.5384515836936183,3.0624285060353365,0.594667569101198,17410,0.2746317048778983,10,0,2
refused,1,0.3569440901100568,0.10055493001286768,0.020250368661716256,2.4463334171309175,0.09307105554980113,103,0.7469175790460673,41,0,0
gold,28,0.646319212583385,0.5591152627064047,0.5530341482366711,3.724551308743342,0.6179671595537356,19674,0.3946996622443901,13,0,2
gold,22,0.7502280014147715,0.7423606448553892,0.5212427655176912,3.927408100111804,0.53756015311092,12396,0.3325749463919725,10,0,2
refused,0,0.062204945631614716,0.04242114708009243,0.2921520794925644,1.9549818390186817,0.2624287571344383,176,0.9916117437700557,63,1,0
silver,10,0.48583043885342025,0.42680608065244807,0.4281392378246277,3.4830133147186912,0.37962511385562037,5128,0.6141388823038494,13,0,1
silver,14,0.4491142802988913,0.4136548835766567,0.283286878310301,2.91807443217223,0.33298668312811036,2310,0.37963443499635124,15,0,1
silver,10,0.5657100016369663,0.5970796919186785,0.49683440945985047,2.3688469002897214,0.3640022092722256,5738,0.36415359092443145,21,0,1
gold,24,0.7006015648248279,0.6335481785432775,0.6247010622494674,3.38401933570487,0.49333094524652327,11310,0.19367025294997073,6,0,2
refused,5,0.1874040199679298,0.058475779723199374,0.1807534012659466,1.0367450976274282,0.050964476181344365,365,0.8341806787429755,69,0,0
silver,10,0.5656977426194183,0.3429182046614123,0.5177802369182622,2.7069566026347625,0.2547149749057863,6495,0.6224910374979411,10,0,1
silver,10,0.6083700235660212,0.5553773546098821,0.4620618536630316,3.1059729107196454,0.5246502628736247,7710,0.6526765776999633,8,0,1
platinum,50,0.9961372312801615,0.8829009168407256,0.9728573532843455,4.9616657359548135,0.9311473501288692,15906,0.24783197539105514,6,0,3
gold,26,0.6203074087016681,0.7310072971932303,0.6353744551655153,3.647594146683783,0.603457692242848,14156,0.35075509565974294,8,0,2
silver,9,0.545075215893857,0.5975680449427935,0.3176739832483285,2.899556204766117,0.34702820659666456,3793,0.4294942279571529,8,0,1
gold,34,0.6442242377059959,0.6455308736149934,0.6951203838313305,3.4200082421678144,0.5096789339385115,6410,0.3632963824391049,4,0,2
platinum,27,0.9022504906679796,0.9432358149465905,0.817645363433559,4.632015486020419,0.7740721597021427,19428,0.24087481022189708,4,0,3
gold,28,0.606422411217352,0.5867908127737363,0.5710567948473845,3.4202238291983535,0.6501110571376062,11806,0.23474961798628935,7,0,2
silver,15,0.55359483115486,0.34353322064448155,0.42709360314722855,3.0565791177760646,0.5048212764901621,3047,0.4429374619648167,18,0,1
platinum,58,0.9817331001218789,0.8994929787959781,0.9882341654460931,4.963822275482351,0.9038329640458527,22982,0.12648947693373291,4,0,3
platinum,45,0.9100334339308037,0.8994023897642498,0.839379578990743,4.5665753621714185,0.9175958865472025,10785,0.04143744495503898,1,0,3
gold,21,0.718772468216692,0.5748949283850073,0.6632113514228647,4.111431583697552,0.4638207509026403,15827,0.4457767976910053,6,0,2
platinum,50,0.9604370775547733,0.9661285035501249,0.7044001171138791,4.657560312778023,0.8363469765084166,41897,0.20820759419706777,4,0,3
silver,10,0.6385932964202378,0.4973651806009594,0.5042722089370788,2.159767455547702,0.3656861792158276,5604,0.530168580926405,9,0,1
silver,12,0.5441503316152957,0.43363760651128014,0.4430663400869258,3.2332088136501547,0.4234922888411741,1711,0.3726329403476997,17,0,1
refused,2,0.09070329877776469,0.11401594887476413,0.043869675638462564,1.3892320348568228,0.13984264066809454,556,0.7368905781219466,71,1,0
silver,17,0.5901232587481035,0.5885981729600468,0.4225259084155346,3.006668747561654,0.30011204908600553,4811,0.5813594703820284,18,0,1
silver,8,0.5975644837255529,0.5718292348931349,0.3232690351028753,3.385740809546979,0.45740495928284874,1717,0.4452866377296649,23,1,1
silver,7,0.39107564719869886,0.4800043432441906,0.52019696523052,3.185366713851721,0.4179275478787872,5408,0.6441265268848615,20,1,1
platinum,28,0.8571574191537473,0.9599074261839031,0.7015246419454078,4.53226021333904,0.8893619062449145,23654,0.02634123056271412,1,0,3
gold,27,0.7847166692832581,0.7490609023640968,0.6858806967698308,3.2307789273412206,0.706319853997704,9537,0.2466781181458454,6,0,2
gold,33,0.8058183031700075,0.7188966933918597,0.5427085708980682,3.060387519521597,0.7225230321805709,18844,0.36845500715654467,13,0,2
platinum,50,0.9546462807240195,0.9079685557816387,0.7292180177660657,4.658692146207444,0.9966970468671356,35518,0.10235301795425458,4,0,3
gold,25,0.6912056175519496,0.6662590835552276,0.5876088151810768,4.140893655855207,0.46202072590448,6184,0.42319290475036364,11,0,2
platinum,36,0.870823716016303,0.9992671551613448,0.818309597145505,4.756264657891452,0.8126397858417723,15571,0.10819171989981566,4,0,3
gold,23,0.6848263168273918,0.6504690678091849,0.5411763976356643,3.0450343890381637,0.7289611446881636,5690,0.3201386122597119,3,0,2
gold,31,0.8034308359305569,0.7892837081349491,0.5112427810919757,3.6044633215079473,0.4964528044860682,7686,0.24162982982636128,4,0,2
refused,3,0.3698589914236625,0.07459798650725927,0.14706902443858058,1.6205293956085058,0.05386177565987783,696,0.6337562986280764,42,1,0
silver,8,0.5180628208222835,0.363654114770062,0.265747655185909,2.5143031092911223,0.5059455429907023,5909,0.43650077451060265,20,0,1
gold,28,0.6649177097376034,0.6740598054752035,0.6953235274630019,3.1189753347331486,0.6069858747900749,11203,0.3166575204188159,5,0,2
silver,10,0.5036094856074469,0.44901714782945346,0.25032610594147975,3.3535190846413796,0.4873612760764214,2464,0.4144455080784147,21,1,1
refused,5,0.06761500654502042,0.07622685000433274,0.25932828855663104,1.9225711728539414,0.16551278524472204,830,0.7716868207361058,61,1,0
silver,8,0.45607734378719555,0.3381877599285235,0.3800635369472079,3.131707212503356,0.4141183644395879,1043,0.6745429714209932,9,0,1
gold,24,0.7887834043612989,0.7636368483005451,0.6129188162580643,3.2442133299982636,0.7377072527918898,7397,0.23841445405694062,9,0,2
gold,23,0.7641024008751642,0.752966531002595,0.6164140262248446,3.4098844644378814,0.57317960917148,19267,0.3201098350503683,4,0,2
gold,27,0.7867695667822572,0.6228402682094362,0.6454037054028268,4.1641402637021185,0.5896460917319098,5500,0.22837353973607472,6,0,2
refused,3,0.15478108163510396,0.3184753946420257,0.13618201743923444,1.9168740592505902,0.05384838817279442,1540,0.9631304579717141,30,1,0
gold,29,0.7360862219085802,0.6836398047890773,0.664251884074569,3.804872790531121,0.533902156963933,5929,0.26178153107312396,10,0,2
gold,28,0.7438397932822747,0.7568809234884544,0.5818365174916977,3.6324091494978408,0.5804034444949411,6986,0.38541702455380755,6,0,2
gold,29,0.6551115010613547,0.7414646609711856,0.6782280183587018,3.0535057112809727,0.5428105686240039,18693,0.3231514879871989,13,0,2
silver,13,0.4159998416709876,0.348313864488204,0.3212842600583928,3.0981475547340374,0.2547323169314338,2579,0.6414995330162723,29,0,1
gold,25,0.6723598804048719,0.5776508997182903,0.5435175879863289,3.4339992998340514,0.5000850537103407,12736,0.1824232480999165,9,0,2
silver,14,0.5568907225745363,0.5419065842380768,0.5148926499492692,2.0424865363205416,0.27960427524516324,7056,0.49149195027280357,9,1,1
silver,8,0.5931408851208779,0.580361094492361,0.3582599805940413,2.2367404719496977,0.3647505192057203,7654,0.5423843841512919,6,0,1
silver,10,0.44340177287882493,0.3129383364656486,0.3731549921087652,2.194955654928219,0.264717510222593,2391,0.5451313926335464,17,1,1
gold,30,0.7208235712415813,0.6795026078440245,0.5750642691546027,4.109590331498696,0.5928170106453186,6937,0.22416153567918998,4,0,2
platinum,54,0.879926039100748,0.8461138391610038,0.8333258358253605,4.879816485941939,0.7897153681725042,33545,0.14293649578593717,2,0,3
gold,29,0.6979776407359772,0.6645071541459672,0.5546949030749959,3.4515111951965065,0.46562172186638096,9092,0.3213641728844393,4,0,2
silver,6,0.47521613831016396,0.354005413515242,0.43636004338125467,3.43123350416555,0.3720172311922295,7724,0.5149328405520767,8,0,1
platinum,29,0.9844915394461031,0.8783260281080713,0.9704126948765333,4.743423786076609,0.9935361251421752,41566,0.21566011778729474,0,0,3
gold,31,0.8352200423898011,0.7266510322485544,0.693665392019851,3.4226771700848944,0.7254855106139873,19599,0.15591772393895265,7,0,2
gold,16,0.8364811610080216,0.5918916348261267,0.5162894425782318,4.1831210023499015,0.6447461894492619,19318,0.16873425935925224,3,0,2
gold,27,0.6565681075007965,0.6083918402671528,0.5608189271942567,3.3825807874476057,0.529676279492208,6046,0.4499223816774278,5,0,2
gold,30,0.7264241859453435,0.6572873729895805,0.5470062597623837,3.152247393675712,0.6004324421093732,18824,0.18900787669503977,5,0,2
gold,31,0.8427350624011546,0.5991217417390529,0.6353640087260094,3.2389882771164804,0.6051353792570758,15660,0.18607529597122038,7,0,2
silver,7,0.543595875001285,0.34608556605130536,0.40083511323159154,3.4523420764426156,0.43296812250078986,5225,0.5907205624409185,25,0,1
silver,12,0.5334729636438204,0.51808616061993,0.49898725274685474,2.1023987987832515,0.43088428920718125,1348,0.4927773798690037,9,0,1
silver,13,0.35130322033522693,0.5788277235079542,0.39653224201405,2.656423443107525,0.26499481452326556,1161,0.5631167013605133,15,0,1
silver,9,0.36236541378550985,0.5218759469034746,0.31689234640299463,3.3807084509208325,0.447943996086418,6399,0.6994061045068853,11,0,1
silver,12,0.5740179311603095,0.4397831852789954,0.33311367888502674,2.69993112700827,0.2946570411849821,6171,0.35478717788662545,24,0,1
silver,6,0.44335808074068334,0.5796307096371665,0.38882798226819193,2.9510455889075504,0.3626766622029772,6908,0.4656251910446713,29,0,1
silver,6,0.49961910952757943,0.5229897516920937,0.4236154031770714,2.926901683266941,0.4373755735453525,4415,0.5906605001222568,16,0,1
refused,2,0.14608678205359413,0.2738212428284869,0.13866928977234075,1.8999164371067059,0.2627459526154578,141,0.7509311097208877,18,0,0
silver,7,0.5747708991807402,0.3019485047997769,0.3781473042103132,2.6452788001677696,0.4602908963734362,2026,0.5485075912035546,18,0,1
gold,18,0.6474840341143902,0.7798020077634313,0.5182706485447112,3.063251747824127,0.49566846417506005,15003,0.20924207510570492,3,0,2
platinum,32,0.9609863140671062,0.9580169274248174,0.8942720930205723,4.645289837525717,0.6178379633491846,20213,0.12949013192814474,4,0,3
silver,17,0.5669688375816604,0.5130088043025687,0.47706508229591066,2.498971453001219,0.39497460821338737,5823,0.5108554520578054,16,0,1
gold,34,0.839407911568147,0.7794118194761084,0.5550197763118249,4.003549575722952,0.6607888729313748,10790,0.2307156686226489,10,0,2
silver,6,0.595520794249347,0.43853344673414696,0.40986709851747966,3.0745535826710655,0.38617983469106854,5073,0.654415737348691,27,1,1
gold,35,0.6649570344850748,0.6302136356874609,0.577257541029109,3.8428784652967183,0.4892643415660728,17334,0.36233519350874477,8,0,2
silver,13,0.47813196885111275,0.46068443456229957,0.36344548398773835,2.518130300265198,0.4835479298360137,4030,0.4074139814767445,23,0,1
platinum,21,0.9522420503459185,0.8817910354170987,0.7385346154279574,4.312271786048796,0.9410912079502844,44624,0.10107243681371728,3,0,3
platinum,21,0.8873086231645432,0.9599564044148539,0.879498179536728,4.341674501896921,0.6563838510087077,28693,0.2394835302641926,3,0,3
silver,15,0.42029152980115336,0.5479925411140448,0.5166652822251498,3.460903108982292,0.27047130493091226,1601,0.6489054356594107,27,0,1
gold,28,0.6845211023415654,0.6014950089692405,0.533300709409903,3.9931323136189842,0.641221383678355,18823,0.2998646103859126,13,0,2
silver,17,0.36562637207814525,0.36734186082858084,0.27310959999523415,2.9725596135770918,0.49858184009463513,6253,0.4890033749800221,18,0,1
gold,14,0.6237413188070942,0.5871266954109202,0.6450652781471756,3.116852074929605,0.5586544808382454,10672,0.39173785978747044,2,0,2
silver,16,0.42507389757888103,0.317011395411014,0.34055173607425465,3.4958067617760187,0.32817936591153285,5628,0.5754844902890937,9,0,1
gold,17,0.7786883191109865,0.7172191327601714,0.5913776143474534,3.816300825996449,0.6557138306474043,10692,0.2764662744654103,4,0,2
refused,5,0.19537274418131112,0.19354880394112256,0.08729265172465962,2.4201989166936384,0.06932894347299358,453,0.661530630689421,89,1,0
platinum,42,0.9231714701213107,0.8006692724085959,0.9599316002582936,4.727947176730743,0.9155209055621438,11589,0.24256427743151426,1,0,3
platinum,47,0.8802595693495353,0.8520466735903055,0.8579871391806879,4.7495454844688885,0.9266728701802872,42402,0.017088300077489654,1,0,3
gold,22,0.640841689599605,0.7801339712756388,0.5535994533768755,4.120839589356767,0.5287248245088644,10914,0.3503418659959851,12,0,2
gold,24,0.7755268635284481,0.7405436467954112,0.5034996427974777,3.552854605617931,0.6113076385772914,12249,0.24382821822654477,4,0,2
gold,12,0.7110258892266547,0.5991720493282058,0.6643678645505805,3.0787513058133813,0.4682049206852047,15097,0.1838390756599731,7,0,2
refused,4,0.11670206742823402,0.1247310807026359,0.1033114171213603,1.0916703641925165,0.08808364951942492,1626,0.9228655065686722,17,1,0
gold,19,0.7193375995306003,0.5556411279263369,0.5116915974473754,3.7029700730582933,0.6676404505350488,16591,0.41926865803594804,3,0,2
silver,7,0.5498810410762544,0.3861327332782709,0.4444347532854086,2.7646136750639307,0.5049614285683164,4508,0.4980550561846169,22,0,1
silver,16,0.5267400209468115,0.3179623880164157,0.4924504741566328,2.0452420572602583,0.41883866056247543,5997,0.6804610272269815,22,0,1
silver,15,0.4844225454744903,0.35206820402184563,0.35311212764068545,2.5653425253278206,0.5424069761357391,5033,0.5125884622335467,10,0,1
gold,16,0.6836002947471871,0.6763801979308726,0.5184899034074133,3.0627349239225117,0.7384834326763341,7620,0.41137940558104724,13,0,2
platinum,32,0.9003490097195445,0.9613700297925172,0.9932399158944357,4.9527975276012945,0.678243709217806,10138,0.13036490968036799,5,0,3
silver,17,0.63579962842951,0.39071508183372805,0.5320365679931598,3.35625282432159,0.3034703269807967,7639,0.4520298504205237,17,0,1
platinum,21,0.9454605396169017,0.9482921822278091,0.9883945864554722,4.3607725191106,0.8550213057880919,20058,0.16120815100557845,3,0,3
gold,24,0.6100347147713416,0.7445115766207998,0.5781834853682324,3.8679963647927558,0.5325570635320427,8138,0.1839407813022071,13,0,2
platinum,25,0.9032357785694081,0.8471812069190163,0.983291090487349,4.2711474365001845,0.9412358493614602,20233,0.1950940308927451,2,0,3
refused,0,0.268293797323073,0.16464266681338333,0.03457776870781104,1.5902390066779146,0.2761323109450856,1303,0.9548817257031568,34,1,0
silver,16,0.37389248188670693,0.44456201518349703,0.47332441421067023,2.6345542686232775,0.41232035759704677,7452,0.54790522484787,23,1,1
gold,24,0.6630779817674217,0.6347058706057018,0.5384986301271654,3.035159331724102,0.6742955473694934,9729,0.3744701149480528,13,0,2
silver,17,0.5375651175958557,0.44462805563841423,0.3889354101851351,3.1574974074090534,0.30801358296371656,4891,0.6496333662827343,12,1,1
refused,5,0.21856856968557553,0.2753772353019286,0.09338993184570267,2.0865730772749504,0.17715294264318873,1154,0.6280647744843961,84,0,0
gold,30,0.795606453053197,0.5699287682968213,0.582188510470022,4.065926635813807,0.7106403287453461,19680,0.26442460313500693,11,0,2
silver,7,0.5531303829072094,0.5458553756130213,0.4858301939823014,2.6879912315569814,0.5419840454900224,3666,0.46334737076104565,25,0,1
refused,3,0.39736804383302715,0.040916099798016935,0.20925656658242248,2.440048806372994,0.21045593313354444,1778,0.8644452964577571,46,1,0
refused,5,0.14270841883462415,0.01736445783167612,0.10601950602229633,2.480292553795324,0.26749981066072753,1351,0.8498542234752705,49,1,0
gold,16,0.701937026250683,0.6208211008731443,0.6819860316319437,4.0552716681686345,0.7184242712493903,6975,0.2032228410363547,7,0,2
platinum,34,0.9849471095717519,0.8075193546412522,0.8801828627638708,4.978397278800596,0.6328828254847126,33864,0.09512942746747363,1,0,3
silver,7,0.629747533933304,0.357597585069237,0.3516223788860446,2.226865007220449,0.4203809580612191,2947,0.4535974188003884,27,0,1
platinum,45,0.8891340435012571,0.8133238224781635,0.7735856596766003,4.373509683038388,0.6489507029300712,46576,0.11807045104074543,0,0,3
silver,16,0.40396889562045163,0.5846537515401183,0.4958442165101866,2.416729242058071,0.44128793048387926,5346,0.36244315714216924,21,1,1
silver,8,0.6173165581525463,0.40822432351656274,0.4674112825445675,2.602274381276903,0.5220689174901484,7376,0.64198942625481,10,0,1
refused,3,0.31599261972507015,0.1646155309066685,0.10460438669548999,1.045989235225296,0.0501309491725841,1572,0.8338640412687046,56,1,0
gold,16,0.8007529703815801,0.7424366557142719,0.6291855786046079,3.677943129182968,0.47573828546984687,14473,0.1824508162652278,9,0,2
platinum,50,0.8586795846636561,0.9610629934715811,0.9473542140690502,4.898261627292706,0.7589525561941266,26766,0.22697469844490484,0,0,3
silver,8,0.47685682357005843,0.5588365637014172,0.5442530104671697,2.0286489197625723,0.45009545844086385,2157,0.6612007366985249,6,0,1
silver,7,0.5495398580551176,0.5683149229115567,0.4401446218689835,3.4629410771450697,0.2774605352448417,2755,0.6497309343751808,28,0,1
silver,11,0.5809976843656113,0.5151790576073781,0.41313954844138234,3.2654783847927464,0.5438050072971679,3808,0.43089911970344663,22,1,1
silver,15,0.4769980181067581,0.45535359365607153,0.4602113728562105,2.7192958290819336,0.3645129457280625,7181,0.43711443481761714,21,0,1
gold,20,0.8494373472525502,0.639245607367166,0.6352391492713079,3.648663210466709,0.690796873245666,16085,0.19006292685166534,11,0,2
gold,20,0.6758214727123207,0.6969979073659582,0.5014706089108854,3.8791352390884786,0.551399634308547,16906,0.3245595799514124,13,0,2
gold,18,0.6378613804838393,0.6319607094714546,0.5810943352660837,3.395436496528796,0.46309827861390257,7576,0.44471716635527003,2,0,2
gold,14,0.8076556901079478,0.5815288305938526,0.5288624087374963,3.9659602006580226,0.7216746412719397,14988,0.181619080448742,11,0,2
gold,18,0.6956960251007601,0.7035465610797529,0.6253506697084662,3.620558270412766,0.7475058421178207,18948,0.44882661817935376,13,1,2
gold,18,0.6452958197625207,0.6280160111630052,0.5632914261748833,3.427280758942974,0.5170807644971014,5879,0.22176696409975738,9,0,2
gold,31,0.6829928761839613,0.6245165502925011,0.5948869828294348,3.8303128359199103,0.5975213829056969,5600,0.15567829215343904,11,0,2
gold,29,0.8013580823249966,0.5683410168649007,0.6933468455070215,3.867220289369384,0.4831629498925742,12370,0.2747968823925725,12,1,2
platinum,48,0.863261233504847,0.9676213926356592,0.8186545509547045,4.629298806010736,0.6348717871327324,46304,0.12917459630656694,3,0,3
gold,31,0.7072655923256664,0.5501494847086988,0.5658758538604152,3.673913409254633,0.5078518826826737,15825,0.397936095736494,11,1,2
refused,3,0.17373554065931673,0.22363096764938736,0.07410656110436567,1.346444506450937,0.17170635360828732,1502,0.8358950450224812,89,1,0
silver,15,0.4648378493239728,0.3580427548243104,0.34210005485450024,2.007458727983524,0.5447271301480339,7864,0.6349738144340038,16,0,1
silver,12,0.40967520785458,0.5475904687028144,0.28646522821927317,3.1528627586140976,0.3549992568572855,1549,0.4269770098407034,24,0,1
silver,8,0.626730683301131,0.4347887462688763,0.3792283475085205,3.089912031771912,0.5325625150441758,1949,0.4299464598911775,23,0,1
silver,16,0.4934291056454665,0.4618137954084429,0.5036011667519242,3.187362644589487,0.4832000335091849,2025,0.5446404395205245,9,0,1
silver,6,0.6351030429541715,0.5631475812798418,0.4993118581321385,2.932010032142674,0.28017569697898714,2550,0.38030557536277254,8,0,1
gold,35,0.6317060056376047,0.5502358538169079,0.6424440410354317,4.161437479141626,0.6170127769658562,9180,0.41097886871909806,4,1,2
silver,15,0.6218327241941114,0.448666707112779,0.43676764099649334,2.8810616001887133,0.28850818386855936,7023,0.5007508175628036,27,0,1
gold,19,0.7386829508205885,0.7915685744370465,0.5832321892812316,3.8198106758877817,0.6883988677193666,18180,0.35168364884222403,2,0,2
platinum,52,0.9318873655247484,0.8961673956178148,0.8326896287142731,4.409477853005204,0.9918203361527027,38797,0.09142018706534283,2,0,3
silver,6,0.5937368532256713,0.576962650761657,0.3257327389083903,2.868901744362799,0.28625213540018773,3126,0.6473311831674373,9,0,1
gold,12,0.6015947608516476,0.6715434135262208,0.6853815124291728,4.174736827025594,0.6626700018754748,11963,0.22908163194206443,5,0,2
silver,8,0.5090789676915046,0.44039560983118253,0.4718573302801674,2.6439800642812648,0.31774731632921016,7205,0.539360601171984,12,0,1
silver,7,0.5875148502752814,0.47099484571359485,0.5377392798783744,3.416385559468477,0.39318328975997063,7190,0.5727205103613312,10,0,1
gold,35,0.6052335294566833,0.6722621001123208,0.5368497303145349,3.2917494365072026,0.5837189462708607,8319,0.15541806592798815,8,0,2
gold,27,0.6198200711577979,0.6933908200066775,0.5313520857303279,3.4963986282998483,0.7269671240955686,6773,0.3358044746876512,13,0,2
gold,15,0.7613930453568569,0.7585410270521104,0.6930897269201242,3.4929796746809134,0.6014798412268201,16708,0.3946463296740408,7,0,2
silver,12,0.5982152580822074,0.5349664371156896,0.29728340471886044,2.776860740960429,0.411123862239277,3193,0.4085980317111879,5,0,1
refused,0,0.3822674648733773,0.13963537946922674,0.03655173340634663,1.8525208761973704,0.07608361670758397,1518,0.6604052469708425,36,1,0
silver,14,0.4648382924436051,0.3598945925868069,0.3489907941834081,3.436556160509731,0.34660966179264613,1821,0.3574860963362779,17,0,1
gold,15,0.7165453977818892,0.735976296825538,0.6092952722050753,3.560019786997037,0.5650443367725128,11343,0.27837440705633565,13,1,2
silver,13,0.3934558481804732,0.4266876338507495,0.3005561776431278,2.857383372945079,0.3374375252973691,5808,0.3532348101033773,17,0,1
gold,18,0.7547931838414592,0.64670181051297,0.5720119803861452,4.041717791840476,0.7285523255831335,19828,0.17075225715162515,7,0,2
gold,34,0.7921453327283005,0.6102913035769405,0.6532490945520757,3.237228363737385,0.6806292542163481,11327,0.41397886909151216,11,0,2
gold,28,0.6525796390714484,0.7967239863470744,0.548331784163837,3.3614107043968304,0.7227016766507108,5777,0.16449732265661907,6,0,2
gold,23,0.6431309692365905,0.615333254471346,0.5774446282420413,4.142716817440046,0.7262269353164201,18254,0.3068192034170564,9,0,2
platinum,42,0.8813696186617771,0.8703080322268438,0.9573958761768118,4.495452103460982,0.7633225371037804,46674,0.13477363818400218,6,0,3
platinum,43,0.9800674910814583,0.9452191172124802,0.9557243977595943,4.33722713275542,0.9690492232351159,46268,0.06639570823965152,3,0,3
silver,13,0.5370314401082337,0.37776764614354746,0.4013927312977169,2.1425976848855908,0.5175603951253244,5257,0.6877090479573486,24,0,1
gold,32,0.6296772738772778,0.7450531621339085,0.6876362345049445,3.9609817198317003,0.5073186418039075,18261,0.36794902390122686,13,0,2
platinum,26,0.8660048875170154,0.9789842882455679,0.82925862746141,4.643365179911784,0.7802388075932536,42441,0.16043359932463955,4,0,3
platinum,58,0.8844092118557424,0.8812784616547045,0.7123550485837815,4.478234023048072,0.9029927539157669,44395,0.1192250266169925,5,0,3
gold,30,0.8399477551012126,0.7421867828406283,0.5539260017534365,4.140604273906962,0.627770454829448,12759,0.24596387300032901,13,1,2
refused,0,0.06894476635414999,0.3427117740200204,0.060433189388904546,2.4187803060967825,0.2079225338911461,946,0.7821433551980497,24,1,0
silver,15,0.394257150253204,0.4897779804914991,0.3439971410730375,3.4517003701145113,0.44036504225848816,4476,0.5141550506934758,9,1,1
silver,10,0.36009509964051695,0.3781552336307907,0.5311265194319489,3.1896080499851864,0.45005999083616777,1949,0.444441708651883,9,1,1
gold,12,0.7045361970406999,0.7529865586594708,0.5012367645281793,4.039914826314604,0.7315342921231223,9431,0.3459868622704088,9,0,2
platinum,51,0.9539335538037909,0.9131016694645948,0.9520364508223655,4.256883847645715,0.7923624003012278,48244,0.11602378986337597,5,0,3
silver,8,0.35635170912061354,0.3044606923036559,0.29420932064647337,3.049984751828238,0.3663959440285967,5499,0.6859748422042256,19,0,1
gold,15,0.6103947399616484,0.6319595497125086,0.6754240935324576,3.8682414879973064,0.52240491115125,18508,0.2460558658212166,6,0,2
silver,7,0.49903103393814907,0.5233010528465101,0.4120882728017099,2.715067897785221,0.5089910544535373,5333,0.662477674747231,22,0,1
refused,4,0.14083059192363942,0.21733113058151426,0.20884594276201723,1.2284060285084464,0.27257807637491277,477,0.7392795928854642,83,1,0
platinum,31,0.940290309331144,0.9580027117583713,0.876365311333116,4.802130558127588,0.7526447759468801,29225,0.057604165529337475,4,0,3
platinum,56,0.9916377395687751,0.9757258230746877,0.7567664619355017,4.64660591342286,0.7197774041967546,30584,0.18464936453308267,2,0,3
refused,2,0.09664970870495374,0.14889530615417365,0.22117463662702097,2.3512822449656916,0.2860810103252383,1517,0.9417970453582677,45,1,0
gold,31,0.6902686815852592,0.7462659802616078,0.6933244441792215,3.591636150190563,0.671842396165234,12690,0.2982472810655413,13,1,2
refused,3,0.36667253003213096,0.15530737689551158,0.048966625783379625,1.3264210366732385,0.23055003220883336,1834,0.7910096143685149,30,0,0
silver,12,0.4747202744970162,0.33193427664993236,0.3609784285916976,3.0438325365178533,0.2736547091711876,3652,0.6183490860472511,11,0,1
gold,31,0.8339843120621399,0.6588490808499379,0.5845887087483115,3.558333037531108,0.4867444250550892,7901,0.35507772756656075,6,0,2
silver,8,0.5367878082085759,0.5777221897324257,0.3168246310821112,2.486041933450772,0.45129470238085556,6231,0.4945472210675106,28,0,1
gold,18,0.7563325424886135,0.688887392471405,0.5892652719973123,3.1395980725599135,0.5465059106103929,15047,0.32593785371243933,10,0,2
platinum,36,0.9878764827753339,0.8068456221641058,0.8982460354897752,4.386460841159147,0.8392450517476072,28951,0.055518967673330144,2,0,3
gold,24,0.6968186028562103,0.7371521771454581,0.6157512952719998,3.563765185738418,0.683554764018499,16720,0.27083284030449994,11,0,2
gold,19,0.674089403378322,0.6998248217515972,0.5608980848708061,3.7578532544113923,0.6100440626234349,5559,0.23006978642963155,5,1,2
gold,23,0.6574984384908101,0.780172850194655,0.5641467164623142,3.8064714031940827,0.6629355150671917,10968,0.26973280517241877,13,0,2
gold,31,0.673983007359154,0.7553125386399261,0.562047056748941,3.108502773349993,0.5287530871449497,6754,0.28416412223813553,3,0,2
refused,3,0.3803645952591328,0.026805220351565212,0.22663851392947382,1.9787894756989701,0.1340446405257763,396,0.8194805022424945,68,1,0
silver,15,0.39281655619056144,0.33921795497018237,0.3505329580110832,2.9587171071847185,0.45851181294922116,1317,0.3783044110412371,6,0,1
gold,31,0.7485604568271493,0.6086886054312428,0.5121811086470366,3.0654111328964637,0.6360004000432226,14475,0.20141949369742573,13,0,2
gold,12,0.6461581143368422,0.7230126382599362,0.5368089544100427,3.172651386467736,0.5598859158619567,19080,0.4148345098879491,6,0,2
gold,27,0.6561643494104417,0.6954303818683693,0.5187118813824672,4.160793733624164,0.4859279899296592,17555,0.2053953737681093,6,0,2
gold,27,0.624161208571938,0.7535959801672705,0.694887862127695,3.7658692980487336,0.5912449258097694,9684,0.2914825712223277,11,0,2
silver,10,0.4115815023651975,0.5118638957895196,0.43055539678534127,2.5041627338317145,0.506363950520587,4910,0.6267308341159638,11,0,1
gold,22,0.7434874665172526,0.6777784096223751,0.6206490845368059,3.4842239909282533,0.5341365194280167,13080,0.29132511884517764,2,0,2
platinum,52,0.9757721145645978,0.9155263908183094,0.9604368440471593,4.474886543506218,0.9788143950954892,21951,0.14457459985509016,5,0,3
gold,26,0.7837314618487236,0.6799029189507519,0.5080667704276904,3.6216184186902236,0.5470573841211114,18385,0.41819180052732885,9,0,2
refused,2,0.16922095771680593,0.2989687556819458,0.05087580024621402,1.2385376961496397,0.12199051668691574,1445,0.9186214492405281,33,1,0
gold,20,0.818783404655288,0.7088308366770804,0.6891430216882048,3.47526537292256,0.5073832113112191,5734,0.3585589379109634,2,0,2
gold,24,0.6407547784537215,0.7682607867538009,0.5899887348537719,3.9775500672311006,0.7478496395045926,12833,0.2052659697889078,4,1,2
refused,0,0.31720495950775945,0.3219882830022749,0.14497132958790435,1.2228811414321032,0.2776028432310339,1732,0.938823276348678,85,1,0
platinum,34,0.9770714716143385,0.8245621563691468,0.8405618250305753,4.640168223828166,0.6625527217613791,25434,0.19579960332465648,5,0,3
gold,26,0.7249897479911971,0.7024531903870292,0.513211061564432,4.142042887668644,0.5219846711170895,7750,0.18896964136104324,9,0,2
silver,10,0.37328956557493853,0.44842717187574127,0.5139042113949381,2.646868686770415,0.3106053511967177,7207,0.42062985346976656,15,0,1
refused,4,0.39163401895063515,0.19132734260618894,0.10420351288200516,1.4592389386991969,0.21765170552752838,1177,0.8477040855150886,65,1,0
gold,28,0.6203996800012096,0.7457903577309244,0.6778001221629332,4.0106324770477375,0.4510968934033948,9284,0.2556049747505635,6,0,2
gold,14,0.7188990479555021,0.6034986696745784,0.6003890810263683,3.0235817792962174,0.5983791158291276,17104,0.27221468373574215,8,0,2
silver,15,0.5683292121538832,0.5144432076393832,0.49632166691710566,3.241901487277785,0.5279799642314705,3293,0.5108035613164325,5,0,1
silver,6,0.48874706312167804,0.49781255622584786,0.49073552364444817,2.622146538569299,0.3709691583842463,4364,0.5802224425333624,23,0,1
platinum,53,0.8737969671463737,0.8372809973576288,0.7146350745019519,4.089626339154942,0.6901755021854775,10726,0.16103730536897898,4,0,3
platinum,29,0.9776091190024682,0.9720253632835848,0.9690142869520367,4.7803997761472745,0.9717706777892456,49129,0.16786978716680173,0,0,3
platinum,34,0.9323072963811113,0.9277898770668523,0.8070196159120004,4.991588408870274,0.768577616631699,13363,0.18547408173967878,4,0,3
gold,12,0.6191895154721845,0.7925186141666768,0.533307702699454,3.0627994287607954,0.5868950461652886,5952,0.4192585867130594,6,0,2
silver,10,0.4910287875354548,0.4347779675792517,0.36169444233227954,2.292909999870741,0.5105513171790312,5533,0.4139431844489839,22,0,1
refused,2,0.07720485359435703,0.3454482771090305,0.1342105433975616,1.3322345875302135,0.18098810431459936,1503,0.6733173454237686,53,1,0
gold,23,0.6390503769826498,0.6576339552282593,0.6192285299099793,3.0216348107506947,0.7212340981438515,14187,0.27966395627550705,11,0,2
refused,0,0.030925874753061813,0.27671216940712606,0.1208597217450312,1.5806963399084268,0.17004573701568937,1384,0.7281006921480724,31,1,0
refused,5,0.3139957230648588,0.16092790464620144,0.06621011989667015,2.0526040156908687,0.03684796277241877,903,0.9569730153308657,34,0,0
gold,19,0.8481454488719409,0.7822019901719713,0.5128189422072351,3.0929803518665793,0.7255564591329364,15474,0.3697324377391348,11,0,2
gold,24,0.6466599849494206,0.5701452030716284,0.5955734709826271,4.0575008180182675,0.6239211344819315,14916,0.24936249069855648,11,0,2
platinum,44,0.8613151820634654,0.910344519051868,0.705510291082162,4.153791149668031,0.9002918027997389,12352,0.24528593294795548,5,0,3
gold,33,0.6828380546840792,0.7529516795877216,0.5098009289942547,3.343535834534329,0.6490874162301898,8133,0.39804213383430986,4,0,2
silver,13,0.5724551756980971,0.4983000896462559,0.3506583074049695,2.8755983752401875,0.35900417003945334,1825,0.41626681372397467,8,0,1
platinum,28,0.9189020211919259,0.9683059320620087,0.8778755199495345,4.808883461636328,0.6308312047805843,36910,0.208956481977629,1,0,3
platinum,59,0.9346687813783962,0.8018970867256997,0.7339329457229719,4.544016579182752,0.9823297934883009,43204,0.14051819860064277,4,0,3
refused,2,0.24242587847396713,0.14911971352760053,0.07342774522803913,1.7918113118343437,0.12317558963068166,1247,0.6405341936530388,44,1,0
gold,17,0.7415046062219552,0.6099549880516476,0.5214901105257816,3.012056377265798,0.6813674445871211,13118,0.292806212064036,10,0,2
gold,21,0.8084110026187931,0.7992373543529174,0.6755498809725249,3.9731222312071326,0.5388530296676995,5976,0.3680933758585293,11,0,2
silver,15,0.48203830896389793,0.3435949369009878,0.5271068023065612,3.0291097331340793,0.4195635459871715,3402,0.5889728250679456,7,0,1
gold,16,0.6462095994867563,0.6367505838530501,0.562074177821624,3.4167461691668373,0.6242905759894777,16699,0.18052635855030472,11,0,2
gold,30,0.6173485214760458,0.5533072032263235,0.6735404195838478,3.481164392026022,0.510169397876421,13643,0.35605994812047304,13,0,2
refused,2,0.3013188482196328,0.0926444321988523,0.155107758665643,2.1523340070047223,0.11199149330514313,631,0.7906428725949937,88,1,0
gold,18,0.7659561187131813,0.686157717776784,0.5363527195522388,4.137427880704394,0.4657041535293939,7464,0.242918766525399,4,0,2
silver,13,0.5013923167844225,0.48518732281578525,0.3395141540684407,3.1804410904781135,0.3066275433802312,7100,0.4580126885724028,23,0,1
silver,17,0.5526213311405882,0.36748501316311016,0.5256708293037065,2.9896175276099486,0.5136402874257779,6992,0.45794738109003796,12,0,1
silver,10,0.6278427899788792,0.5571983470600659,0.3332639977894073,2.784774601277324,0.264304943274929,4777,0.4823541864962596,7,1,1
refused,4,0.3934363167937327,0.02959100291434272,0.18773935188636928,1.1818403040103442,0.13820969632382948,693,0.6893709266998677,44,1,0
gold,27,0.6887244208716385,0.7743464293659288,0.60252304882064,4.077038791826501,0.6770367668707191,9512,0.44692097931368135,8,0,2
platinum,50,0.90194564816341,0.9079562123829267,0.8986336030319694,4.7934072581478375,0.8983700835254698,42402,0.19189190712947957,1,0,3
platinum,31,0.9995883302152592,0.821893519735823,0.8314517039235962,4.758185011076537,0.789158853124362,24743,0.17961348683063752,1,0,3
silver,13,0.3864394312721382,0.5190732498810772,0.41375782030592867,3.061182187599352,0.4892253726499747,3045,0.3771830516224237,13,0,1
silver,12,0.42964976516548464,0.3097380425286829,0.5002833697166367,2.720931100424966,0.4379875284629237,3626,0.558656979268737,5,0,1
silver,11,0.40373578524708653,0.3245584517748882,0.4587406944477341,2.2529054920738134,0.4689733941377091,6782,0.43651116060808115,22,1,1
platinum,50,0.8866529733196982,0.9161514414454656,0.9480516651135632,4.55781322551107,0.7857732944902172,20576,0.1965514130652645,5,0,3
gold,30,0.8328887285773703,0.6709506349651618,0.6633310486403247,3.3099605149531106,0.6620410788631516,17357,0.3935727344879715,2,1,2
gold,33,0.8058880566529547,0.7741436646172526,0.6484739874179564,3.7996887656339027,0.5613812761516181,12600,0.2885775612617205,3,0,2
platinum,43,0.906677582391368,0.9645167751823348,0.8209784083371495,4.654075795371998,0.751610850487639,10882,0.08964461538121829,5,0,3
gold,31,0.764525554514123,0.7372407877150997,0.5259714026835762,4.1621029566004895,0.4859240365501596,17017,0.38718088943092666,11,0,2
silver,15,0.5293732976789998,0.37692167790248515,0.2615300178404091,3.1346682145512976,0.33102872568509367,7836,0.40749228230221834,19,0,1
silver,10,0.6065265991718108,0.5276320686761815,0.40048894267692825,3.269982370253441,0.28620619154859184,5370,0.4150871284203461,8,0,1
gold,17,0.7512723796351346,0.7145768598765155,0.5765666789536871,3.2294905548913455,0.6968280729096996,11780,0.18331047690715785,13,0,2
refused,0,0.3180633010861728,0.25835900499381637,0.014214219916815152,2.2021649030921715,0.24493441262297144,1400,0.7368075299911481,85,1,0
platinum,50,0.9223781424463964,0.9674981578004984,0.8581072288635586,4.230829189154012,0.8247971389867227,30384,0.07572893220829816,5,0,3
gold,19,0.7035352670539166,0.596444238674677,0.5214058268422076,3.516411808426887,0.7387095949363585,7627,0.2439828033414536,9,0,2
gold,27,0.702697202499903,0.6213014506701036,0.5140137391442379,3.6101748423696316,0.49423617522784047,10967,0.17798935664302307,6,0,2
gold,21,0.6874844633926784,0.7008032655248762,0.6773190883004796,3.803178499636202,0.6339511082229351,19170,0.42895755015016834,6,0,2
refused,4,0.3992791387544381,0.07190198743513976,0.2066191072818971,1.6772677586120102,0.17728651978214208,1350,0.8476354261095205,88,1,0
silver,10,0.49604212309497303,0.3673916329287327,0.3171815299929087,2.0964855458499283,0.27818913862311484,1968,0.5516802941222769,23,0,1
gold,25,0.8165253863444586,0.7296795283155506,0.592065810128553,3.5596495134054584,0.7244247986182981,16446,0.34307286682194604,6,0,2
refused,1,0.014074137096647467,0.3357651878818535,0.25104746832089947,2.043179685082733,0.22495178509362726,794,0.6696204445460139,82,1,0
gold,12,0.7106443364832038,0.7405530145785443,0.6781947769381407,3.322633853974808,0.7337329491739042,8553,0.3679813311995607,9,0,2
platinum,28,0.8984029582416375,0.9053156933318588,0.972345595895392,4.7214220673287315,0.6505015131170454,44704,0.060494282579261344,6,0,3
gold,28,0.6998331450498056,0.7415868032761631,0.5033343101199266,3.322318719497517,0.6095798932658374,11312,0.25232829497622056,2,0,2
refused,4,0.022186278906019742,0.15114850300831287,0.049669054525606215,1.8489922574037878,0.1916866990603078,1502,0.7155773671859414,62,0,0
refused,0,0.011837441423974316,0.15931417156699157,0.1332933796400206,1.1851107520982147,0.17452452538445812,1505,0.7386574986562116,27,1,0
gold,19,0.7584278999413823,0.5889433151450426,0.6590023073856941,3.2093981836775463,0.48862633121041665,16324,0.402911084078311,13,0,2
gold,29,0.8475830759484121,0.7862560161451422,0.5109932613679644,3.108865059297397,0.6288191793301785,12069,0.3511621519518273,8,0,2
gold,34,0.741057954171134,0.5597394615871161,0.6240469697922241,3.584849769505494,0.5846554096956009,5556,0.3400392357707318,12,0,2
silver,13,0.5624509765506712,0.35516197221629736,0.47185306994711945,2.1018887215494573,0.4711263071513057,3787,0.44129230698139166,7,0,1
silver,10,0.622647209290639,0.4793387498168499,0.2707400007452468,2.1796503978663275,0.4886364731866246,4187,0.4869664927631674,8,0,1
silver,11,0.35030668987833435,0.5302487500527922,0.3256426781993957,3.1640332676603666,0.3975749259257131,6275,0.6293640463511949,7,0,1
silver,17,0.4907869732812449,0.3872375832665542,0.31845331513875136,2.542073917348314,0.2965479336815049,4091,0.3525383498053005,9,0,1
gold,26,0.8021014347234228,0.5996611442243515,0.5838669360838576,3.397097718936234,0.49151927579043736,5256,0.17759535320123998,4,0,2
gold,15,0.6627923168871003,0.6425580464211442,0.6786608987576245,3.73573948688309,0.5408302822852276,17002,0.2364887413662769,6,0,2
silver,17,0.5236811528616071,0.5594267686811547,0.44247919880345954,2.2900739892482376,0.3317782859139956,6439,0.620042477350736,12,0,1
silver,6,0.6289826480687013,0.31863773121602873,0.540795160980801,2.9916768910182867,0.39056141356470675,7387,0.3627994343270353,9,0,1
gold,15,0.7624470116910749,0.6480544483583851,0.5150557433303348,3.728059442364005,0.6789884735991845,17128,0.28632669574786235,7,0,2
gold,16,0.6886665512462706,0.7157568009307869,0.5137507812844975,3.370701267412519,0.5253576013813401,18866,0.4123817383509498,6,0,2
gold,16,0.7374671406940513,0.7903541549105124,0.5684138869315111,3.652930348727362,0.5860248691872805,7685,0.3212974713977935,13,0,2
refused,4,0.16637305481296846,0.24406008910385527,0.06514935478693268,1.6171458645806949,0.021274041954020304,1562,0.8344006909402846,24,1,0
refused,3,0.05120642608137454,0.299330627170424,0.28497077832586043,1.1216265118994297,0.033873101657662774,1611,0.8719372265329808,22,1,0
silver,14,0.43702767948522436,0.37679422765289916,0.3100200212852698,3.193462017328185,0.3154230346183459,1511,0.6263034395854092,8,1,1
silver,17,0.46584091955857143,0.5387120055284512,0.3646978493680721,3.207872130445158,0.45654633739346784,4272,0.4320420105428906,5,0,1
gold,23,0.748365345676181,0.6867613364038945,0.5326708899486313,3.4544440266973915,0.7342870975562001,16765,0.2696464580772172,4,0,2
platinum,31,0.8833864626356546,0.806775832049319,0.8688250859030148,4.119829002017647,0.6732061776938908,39504,0.20278094248336773,5,0,3
gold,24,0.6546784722266348,0.654348695582287,0.6385840458449576,3.0263781777715475,0.7329587549080352,7233,0.4445715966860829,5,0,2
silver,6,0.4885311099188837,0.5385262381980779,0.37481527154103084,2.117047805980783,0.4080889197476475,1169,0.5140567343875111,15,0,1
gold,34,0.6982867823735037,0.7025907519545393,0.5722432117951624,4.198272967902755,0.7416160423870465,7597,0.18740923413708097,10,0,2
gold,21,0.8184046321843038,0.6249743982486341,0.6294684268746182,3.7090395208741374,0.6139844818991014,9001,0.42349160692059107,11,0,2
platinum,22,0.8719907232538038,0.8555174345258837,0.7477737214837793,4.7371802250072435,0.7671959735481937,28284,0.16853257388401574,1,0,3
gold,23,0.7429989695708982,0.6124932227172075,0.5487990604704944,3.4230350895606207,0.4671297235335529,7289,0.2665896871196517,7,0,2
refused,1,0.36185537084597974,0.13728686346441113,0.17607580697702582,1.805217825404176,0.019187369045741864,566,0.9487342305599642,85,0,0
gold,21,0.7065303094880577,0.7078439944108442,0.5476579341106182,3.4278707054122664,0.4664234946778785,12372,0.34843434498393033,5,0,2
platinum,59,0.8807616340224188,0.8129972818965788,0.864549916495443,4.8814507796750215,0.849007878291898,17016,0.19917034929784308,6,0,3
platinum,35,0.9190178738475357,0.8919363025522262,0.8189979329030685,4.8893909161288445,0.9229584121359805,22413,0.03196670030560439,3,0,3
gold,32,0.6403418395970958,0.7956848852275965,0.6734120364757894,4.049277638049997,0.608045149815124,12345,0.21728202547257158,11,0,2
gold,19,0.6979356126405696,0.5598162629121651,0.5351780566837324,4.067803672905973,0.6714886531434923,9262,0.18785852730787098,5,0,2
gold,35,0.6600747808625916,0.6389894433676602,0.6393377975746394,4.17770570990643,0.7027663504395544,11217,0.3732380057143111,6,0,2
gold,14,0.6263708568652588,0.7711196818991899,0.5153938366016034,3.434121974307079,0.5251448840249291,9019,0.21891069460864032,5,1,2
platinum,24,0.9730640265656902,0.9428128164447228,0.8668545205119271,4.671424669530614,0.6811745470299608,44396,0.0278780530803191,2,0,3
silver,8,0.4802559775890408,0.4495900519320837,0.5403908336560764,3.057455500710809,0.4855276611774971,7068,0.6116511226189385,15,0,1
refused,4,0.2583339407667586,0.11959583268821937,0.18744205731997815,1.0627941935813499,0.14145491141881542,1055,0.7477440282446556,59,0,0
gold,24,0.6136413520706747,0.6449343512054122,0.6365342304925519,3.674573704593102,0.6715617118427722,13007,0.3694813021558405,13,0,2
gold,28,0.6769427263232872,0.7880156116597508,0.5203757528279113,3.7417235586740363,0.6152071634084384,12961,0.1840386575119722,11,1,2
gold,18,0.7016476343398681,0.7549062173869112,0.6535529235428675,3.4398614248550716,0.7232502680969262,17500,0.3382189665947539,11,0,2
silver,7,0.5753441731854323,0.39756635741239027,0.5463925962932111,3.343781385512796,0.4121587753266807,4161,0.6554228406919191,25,0,1
refused,0,0.16301375206145804,0.14991983661317795,0.1857480073988113,2.427659926614449,0.13393358166117197,1540,0.9445628726216725,50,1,0
platinum,38,0.9457405890765025,0.9443193101502554,0.7987154096109612,4.1663316077431425,0.6725277119702021,43755,0.2415118762821693,1,0,3
gold,22,0.7386717561970918,0.682164150997319,0.6959910894716557,3.58105576721717,0.515717751917965,16273,0.324495399801902,13,0,2
refused,4,0.00356511366869956,0.05324074105309392,0.061353111166786434,1.1675917410340937,0.19935402989468046,268,0.683312543450032,64,1,0
platinum,52,0.9021120112338121,0.8688767464088467,0.8197137838411332,4.8251321959287035,0.9052621165035557,31162,0.21897077087926425,4,0,3
silver,14,0.4911041776139401,0.30978726642191406,0.47831811519024287,3.204888607518428,0.468045592285671,4395,0.692000866480142,10,0,1
refused,3,0.031035380675745874,0.07050404547282818,0.025879842318928946,2.4937958131460527,0.1252687858344048,1048,0.8071478476724525,17,1,0
gold,22,0.7159954245417218,0.6387079638857907,0.5726807863998854,4.100107203742496,0.46474451710355313,11131,0.15943378651768425,2,0,2
gold,18,0.7999458411114458,0.6724464669970602,0.6348587147400049,4.162577628693366,0.6761441138935107,5544,0.20047813330140124,13,0,2
gold,27,0.8391801084723374,0.7811604477821592,0.5891773239719615,3.2541577798578034,0.5234146791071103,6854,0.15608409446837423,7,0,2
gold,33,0.7681268156684122,0.6672601868795385,0.572458698000041,3.675186507483291,0.6109822527791323,15124,0.40802205569693784,10,0,2
refused,3,0.1783695839805371,0.12468102806629452,0.2813976200180597,2.2854532529934497,0.2389772809192933,1777,0.6820325431065499,60,1,0
platinum,52,0.8854174799676107,0.8843525319461025,0.8192136965393203,4.06925430628586,0.6184494257342935,34322,0.1951579293563893,2,0,3
silver,11,0.4940762003258464,0.3784478711182858,0.46733751310280175,2.2345604187999606,0.47006750588065205,5683,0.3923555008620271,5,0,1
silver,6,0.6405540670649594,0.3971306927003898,0.2805905106888771,2.6782740280425417,0.41900480871188917,2758,0.6814035891235877,21,0,1
platinum,41,0.9624424348012881,0.9121354388007028,0.8027960464362746,4.920297181219408,0.9508957828648802,32031,0.025628991016618613,3,0,3
platinum,45,0.9154503747409833,0.8151006727607779,0.9165662883780805,4.539732618759943,0.8179391036338063,35372,0.21091241601295593,6,0,3
silver,17,0.6194432511995471,0.41944648337543244,0.5346926994894703,3.0483291276756015,0.2774243130309073,7793,0.49158074109029604,19,0,1
silver,6,0.48063965752159354,0.504042852873503,0.485091490644351,3.0097410991703963,0.2511148300815952,6189,0.6537399757577264,13,0,1
gold,32,0.767773289271494,0.6256165793653674,0.5285628608945735,3.655497120157021,0.5192203770621161,17213,0.4067468721371711,11,0,2
platinum,34,0.8821883679562561,0.907296270296919,0.7252294673403954,4.423944812913302,0.8801007837778083,37997,0.0036733471637384607,3,0,3
silver,14,0.6494832286619739,0.4774290476697032,0.4435992438488565,2.053407839774763,0.47024501693690646,4022,0.36393198912773056,19,1,1
gold,22,0.6810823443378795,0.5517455654700871,0.6374468686921365,3.063391072690323,0.6009217800814828,6074,0.3490506208215772,8,0,2
gold,32,0.8031184552610429,0.7240199653917598,0.6964965161202495,3.4374797130238375,0.6983774863635938,9562,0.25750876069734857,2,0,2
silver,16,0.5984178628198629,0.5930502795540568,0.2552404390837008,2.2058222179460363,0.37334828975390477,1487,0.5134470088656351,18,0,1
silver,16,0.5728192188362271,0.5369184785423886,0.5478590300810657,2.8274828731856845,0.3117174482588999,3671,0.42401461201741125,23,0,1
silver,12,0.6284318268434262,0.4630781905395508,0.29860672490933193,2.0550260080918132,0.5225390542781181,5545,0.5718259468407507,27,0,1
gold,14,0.6632145295625278,0.6876329201490564,0.5787510283130813,3.620726603705173,0.48055417954271484,17670,0.41474105848294074,2,0,2
gold,21,0.6442883808056563,0.6029364655131049,0.5603173739747103,3.5097530175976943,0.7224251061179563,15732,0.21922028298183566,13,0,2
gold,16,0.6986430788297309,0.6769394595471423,0.5915800590254142,4.0230511738506,0.5438533884017005,7646,0.15463422831992338,4,0,2
platinum,51,0.9899407100649932,0.854591874971263,0.8964079244294044,4.663042004500492,0.8919441235393913,33478,0.10458346602557003,4,0,3
gold,21,0.6192007620786053,0.6911476597333659,0.5961119881672536,3.7470563885547383,0.5753905524041661,11786,0.25247088988328253,9,0,2
platinum,40,0.8773425817713937,0.9607953958801796,0.7487145683986962,4.095011698992304,0.9352608734207698,49233,0.1785816589337494,0,0,3
platinum,55,0.8525741652747625,0.9427564909710652,0.854823706133085,4.799781095424022,0.8545962604196615,13744,0.0921767927161988,5,0,3
gold,12,0.784487736849398,0.7355730578717368,0.6362564221064867,3.181517141355211,0.652827910249373,10899,0.23769091396645126,8,0,2
platinum,26,0.9915837406841136,0.8333461519986767,0.9096972214118763,4.793743850380516,0.893446332016925,46636,0.16290994011931914,0,0,3
gold,19,0.662719774972675,0.7058025932670018,0.5053216732155368,3.3283996619057494,0.6688564265929315,7690,0.25144199654514254,9,0,2
refused,4,0.3426425119325476,0.274922001624994,0.1645899332058798,2.3354687364222126,0.1989070314973205,1055,0.8904323026712754,73,1,0
gold,28,0.8468340396448865,0.5830671787746204,0.5130553515132927,4.11404706237695,0.6305059825861395,8770,0.2817124466463444,9,0,2
refused,3,0.32208848388540245,0.22845320384448561,0.21537432051682145,1.9310662956039233,0.28353525866620083,1449,0.948480414516676,38,1,0
gold,14,0.8272938160133965,0.694589940779135,0.5403589896504913,4.151694865754363,0.6065492625915568,6088,0.3230649824930838,6,0,2
gold,21,0.7649225682326186,0.6706503089153802,0.623657004202744,3.546558686407634,0.48930438559513967,18964,0.16086217844621548,4,0,2
gold,30,0.782871589925779,0.6258463859072834,0.5970460911530712,3.02036295517856,0.519956266326485,10323,0.1543602405797972,11,0,2
gold,32,0.7370363006820055,0.7773573759214691,0.5465717113752189,4.104048063055084,0.4613353519787039,10901,0.33464728790001574,7,0,2
refused,5,0.1859446108518295,0.3165086301955457,0.03962363470419512,1.3399709482496056,0.023405609700220962,1673,0.7092945677855791,68,1,0
gold,21,0.8372451667617503,0.6416995801615671,0.5684451049557809,3.9257680138315276,0.5258297579853493,10664,0.389054453031637,12,0,2
silver,15,0.6359501530313503,0.5033605848173236,0.36477664710127605,3.068287592379806,0.4154470886054011,7603,0.48746256423854845,7,0,1
platinum,54,0.9412131774312827,0.8874386792714487,0.7707376281877629,4.864660392140418,0.9374949305626897,44631,0.05117002726432099,2,0,3
silver,6,0.529378828045949,0.4232427787123024,0.5411657544655304,3.3385077053312124,0.39032435002004917,5025,0.48987346887287747,10,0,1
silver,10,0.38828695587132595,0.3501397251940763,0.5082179986619891,2.8053519057806326,0.5139394171935758,2828,0.3575039533180896,5,0,1
gold,31,0.673956024374134,0.6275771205261369,0.5870029188680447,3.936818489625435,0.6594211639210205,6782,0.39632350859947235,10,0,2
refused,4,0.14546364573264267,0.23580920098524452,0.1791731904966253,1.63895954832987,0.20655732063235943,1372,0.8505972527340819,21,1,0
gold,15,0.696152768994692,0.6266038623377591,0.5821463086982024,4.185616754478506,0.6074016920056867,5489,0.2811516148680532,13,0,2
platinum,45,0.8565101174947259,0.9601499542972243,0.9172855924379235,4.141278049275506,0.8638517465578969,46575,0.24015674387829994,3,0,3
gold,32,0.6200466892030283,0.5720336077441729,0.5531371129732527,4.066319136524583,0.4700973283187543,15546,0.25213232402982555,4,0,2
gold,20,0.6711353464192334,0.624494308873961,0.63650234602324,3.0999091896607585,0.7234730661789157,11429,0.3165479189370465,2,0,2
silver,16,0.47487829980802254,0.3214354141828267,0.34197972295746265,2.6907909967045645,0.3397390886893733,3228,0.6245785474871435,19,0,1
gold,28,0.6994211036082636,0.7242560415010749,0.5340925023163284,3.286614192484328,0.5484765267832011,17751,0.15999695983185253,12,0,2
gold,18,0.6901186262853884,0.5919536489115071,0.6431969387083448,3.3416096866157563,0.5715003295762645,9118,0.3933261738600775,6,0,2
silver,9,0.6120419513168013,0.5477275372850905,0.43384017164083927,2.234366171377875,0.4049098955645611,4569,0.6811007676686667,18,0,1
gold,19,0.8445886967642141,0.5772534039102322,0.6924116997882703,3.6022434372294043,0.6971233385736899,9568,0.43639204821486943,12,0,2
refused,3,0.005528881638997874,0.0940210430667,0.22819438187340768,2.076881985089079,0.16116104597732492,1551,0.9879237956705414,31,0,0
platinum,41,0.9969265792932263,0.9365964126834265,0.7184551078717705,4.123222654172166,0.6091731245072168,48211,0.1144249012898235,4,0,3
platinum,43,0.9387833108231927,0.9070139437867317,0.7882503920030434,4.608486412659792,0.9166799953813407,17597,0.015550806541175688,4,0,3
silver,10,0.4102300187178005,0.3075045455672562,0.32857877345446873,3.1150687474634235,0.5363949387966206,4568,0.6970276908974757,16,1,1
silver,13,0.5608373064133538,0.5136354169002406,0.32526771290615536,2.8769125393327375,0.4844380437491915,7242,0.6576473077155275,25,0,1
refused,3,0.1921588352809281,0.02650887585376055,0.03990120629629735,1.5732162818798325,0.1514406099622179,667,0.9851346532971225,60,1,0
gold,33,0.8386414822147027,0.7744888040462549,0.5572270084916628,3.406041439110259,0.5797311500149509,12768,0.22248073861201195,5,0,2
gold,26,0.8024187590664723,0.7825413007156375,0.5260640866344671,3.5232845762631753,0.5730071360225228,10591,0.18327606926244194,13,0,2
refused,3,0.21585891704687593,0.3011005426850921,0.0856531346218677,2.325639998251573,0.00034909929839352925,949,0.9068863812690721,18,1,0
platinum,18,0.9371743931771239,0.8726118424390181,0.8453195342722122,4.36479821914453,0.8028204415461764,22452,0.1585909222179218,5,0,3
silver,9,0.5410826031831891,0.3379686409520277,0.2604250245202138,2.0281764891307725,0.44243825569966594,2656,0.49746893581386686,28,0,1
gold,25,0.7498652849146792,0.7042985567792417,0.6257468030119986,3.663244668054648,0.7100565639081198,14784,0.26009944418046627,6,0,2
refused,0,0.3123230590999229,0.33589122668990484,0.09738003218389514,1.8727905260269937,0.004913071943543501,999,0.7474896021103172,66,0,0
silver,7,0.62931770926616,0.5661506064883772,0.49673532729101993,3.403959662314201,0.3219435011706644,5337,0.6482488473490664,17,0,1
gold,26,0.6059269384111295,0.5634086978802078,0.6466320756273599,3.6162214400901243,0.5362207601536447,7422,0.2677146302798164,8,0,2
platinum,20,0.9179861270243246,0.9471809226392005,0.9688663908055115,4.776723630471693,0.6783363250347676,47772,0.1666501197616548,2,0,3
platinum,22,0.9979385493800222,0.9462047342916563,0.7309926871372047,4.010427699397403,0.6480988906046702,11381,0.13612423977596627,5,0,3
gold,31,0.7328930381716827,0.5929573650894147,0.6958063681583334,3.493352733911255,0.6769068164230903,9529,0.34193256047112675,13,0,2
refused,0,0.38931481997567285,0.11837346849640705,0.26980715869480926,2.1133327532863158,0.2885774273448152,1538,0.6824912549720622,29,1,0
refused,5,0.0924947749564145,0.09694635138552324,0.1495114336352758,2.4835681211367278,0.281423808982875,1903,0.8613730750010515,85,1,0
refused,0,0.3980380170452725,0.08099441776200202,0.2881311911815671,2.273182881608733,0.10937104716727557,1815,0.6181485689095293,52,0,0
refused,3,0.21702129751064458,0.251115763243244,0.13853199129338742,1.8179765094239695,0.17272167974780417,122,0.6432490429184246,54,1,0
gold,21,0.7529577550258053,0.6218053023012877,0.6652929218984366,4.136583523207626,0.5825561124273192,16556,0.1987546934271346,11,0,2
refused,0,0.35069994525265213,0.01548549415623291,0.147038658400979,1.8382484763322262,0.018855203477350525,1137,0.7238680800360638,80,1,0
gold,35,0.7604548792003588,0.72521642431097,0.5562954604901839,3.9588985749263452,0.6027340155562566,11142,0.38536095560546857,2,0,2
gold,34,0.6877047773337539,0.7654162211747753,0.5599858794946132,3.131378839282793,0.4839693669777376,5432,0.22939485149962846,3,0,2
platinum,50,0.8879485251983862,0.9733987520023047,0.7308377213477997,4.322527977846415,0.9786551816798429,13236,0.24870482349148776,0,0,3
silver,9,0.5238139182043846,0.3166736018843806,0.25310911670415315,2.3650158252351847,0.4052831432238475,7541,0.6066216817335417,13,0,1
silver,15,0.3872710116667427,0.3551185021024312,0.34762148869887616,2.3288985523888703,0.25441716755839944,2404,0.4958345291222296,22,0,1
platinum,19,0.8967119964086941,0.9176613351590114,0.9974426005435144,4.522481040516118,0.8408582576209924,14033,0.10818228400492616,1,0,3
silver,13,0.4768276331264715,0.43953707974433387,0.3709688418042387,3.3164583073816627,0.5011869577175455,5935,0.6902909306095987,15,0,1
gold,15,0.7038607501480224,0.6639123873599694,0.5240756299011068,4.014395970826472,0.6197241919653438,12205,0.4009152706893677,12,0,2
refused,4,0.2592875743895702,0.0229125232516761,0.1686192300176572,1.0513818604399598,0.1852355945832949,133,0.9510327090133469,65,1,0
gold,12,0.788099470575947,0.6937651433647037,0.5563650006590943,3.015937444150296,0.6870394121178325,17501,0.34440949719925856,13,0,2
silver,17,0.5859646809095032,0.44430563394013856,0.4637626027398991,2.5012950673052736,0.2594743036439262,3246,0.5085977160174748,15,0,1
gold,15,0.7900402324475397,0.7157865622438022,0.6916276239608992,3.383070357343426,0.5158168167588739,18854,0.3740012894359911,12,0,2
silver,10,0.6094981919088605,0.3276292283371569,0.5015238193502113,3.077409248242741,0.47510593672250284,7927,0.6267072450276445,27,0,1
gold,19,0.730850342730502,0.6319709985045647,0.5349562569749867,3.3216566248543655,0.6597938763465911,7708,0.3481160514602666,10,0,2
silver,14,0.5340583652490719,0.44710741054955616,0.40791963875958204,2.123440311526964,0.29615501661018306,5993,0.3540693104498783,15,1,1
silver,14,0.5503331679337284,0.5194823833105572,0.5329702850040907,2.3788318211129074,0.3142000148308345,5450,0.5451160921414788,17,0,1
gold,22,0.7466559795709157,0.635001096514973,0.5504645488527491,4.048033341409726,0.6340205539566514,17674,0.1505436101607755,5,0,2
refused,3,0.003834407096587045,0.08219409503745484,0.18574781181606023,1.8531785239812624,0.2102786908948296,1680,0.9520862497942272,36,1,0
platinum,20,0.8547707022227747,0.9516784827891362,0.8816614472934649,4.461946936670956,0.607200035578086,11088,0.1657617979508556,0,0,3
gold,35,0.6336440667760269,0.7884081519574224,0.6299112013513923,3.1138190319037875,0.7101456453003365,12034,0.2118591237765607,6,1,2
silver,9,0.518869947907037,0.37220182495358606,0.5066533526159523,2.3971507606171314,0.43344740031470297,2267,0.5215390168227594,16,1,1
platinum,57,0.857034470168683,0.8213157460257349,0.9538735876057147,4.133803736279488,0.9605184043098596,17269,0.009732490831416862,3,0,3
platinum,44,0.9923718597387079,0.8782964220403005,0.8563780936541244,4.087038962587659,0.8081186307674616,23395,0.052998513674664516,0,0,3
refused,2,0.24227008886926882,0.221161385270649,0.1648660119859193,1.7808997252044716,0.040663465083454454,622,0.699327393209937,32,0,0
gold,30,0.6816986764644444,0.6679349593796098,0.6659131662856737,3.752163156077813,0.732571676178126,13759,0.40498124742141717,13,0,2
refused,4,0.29534184108331313,0.3340243708636955,0.013292904662589089,1.6276509401159422,0.1573632196995109,1342,0.6674085104329912,50,1,0
silver,7,0.4926861842924777,0.30065522835166714,0.38026557885052525,2.559305496021291,0.34327360865865353,5646,0.44871482417638486,7,0,1
platinum,18,0.9214316045183522,0.9464369156918124,0.8514534645679053,4.680974827238245,0.9277020419485844,30878,0.07061968599425666,5,0,3
platinum,35,0.9800798400332505,0.8990847252807932,0.9644911398311051,4.1747734428273775,0.6693920297063829,44610,0.0789068359408375,1,0,3
gold,30,0.8322148874613914,0.6244125693920701,0.5549331739575811,4.124977406878926,0.5650702173021876,15524,0.22776460013159594,6,0,2
gold,33,0.6110164653925954,0.5798026107101434,0.5422862515997822,3.8576353068079468,0.6315213760313231,14024,0.29403786870426274,2,0,2
silver,7,0.4251330205260811,0.3952636972966014,0.25556445871732225,2.859288127427809,0.5025875363255046,7015,0.6299814670047086,5,1,1
gold,21,0.7534925765813081,0.7064204780653383,0.6512384468213561,3.5027083497515026,0.4609022244948727,19692,0.19245636073498804,4,0,2
silver,7,0.44802231874321136,0.4643434754174408,0.28475414577920155,3.2233283810481925,0.5221797138444453,4239,0.39790811189213965,13,0,1
refused,1,0.16068381336533602,0.15951519600150954,0.12497924420818292,1.1847332109831858,0.045007253833954174,1873,0.8402711691820821,27,1,0
gold,12,0.6676609854954414,0.5669011873680958,0.5177156679273288,3.907572116376353,0.47670292046880264,11005,0.39170261371281123,7,0,2
refused,4,0.13210695532916641,0.31821195522569645,0.19998463704586045,2.4481593401901613,0.10759367952045742,1734,0.9800493821829461,31,1,0
gold,22,0.6565197677526406,0.6245681135585307,0.5018174069902432,3.3098721759119796,0.5447807467156911,11338,0.15435452835828264,6,0,2
refused,5,0.27095013869187157,0.06675060358042821,0.03381350482467269,1.7405362824540251,0.1824990765440973,537,0.6939434771994402,35,0,0
silver,12,0.6243334046168625,0.40066228265596066,0.47841659953148424,3.0008279158901883,0.34115607426046674,5230,0.6990833943848345,25,0,1
silver,9,0.6011066391944992,0.35125805981593944,0.31133661442581906,2.465754128824225,0.5336099117888162,4982,0.6045348118494926,15,0,1
silver,16,0.5649660919336998,0.4934380807382248,0.5149399186982374,2.8114587588717006,0.44485783862481076,1855,0.6310254444809966,17,0,1
silver,7,0.6238103031071331,0.5420698043759067,0.5293393526706548,3.3986082442199272,0.4421231910479603,5320,0.5053281943429051,26,1,1
silver,10,0.596825004429537,0.5905293827677409,0.2868131331790543,2.058725816415617,0.4068874832704682,2029,0.6567699645805779,8,1,1
silver,8,0.47483556332955795,0.3312037362855241,0.31668731614886636,3.2744950664538575,0.25760129588439007,7589,0.502462274118338,9,0,1
refused,4,0.0479536286339548,0.20315023832019433,0.1620004689346156,1.8430219818145361,0.1863403352015846,542,0.8605836742864281,88,1,0
gold,28,0.8295993855203895,0.5947737348320454,0.6252109417961602,3.9083122141524167,0.6198968640499596,9239,0.3267469132181365,2,0,2
silver,9,0.44286259755862645,0.4714091909007471,0.5089163179347848,3.231173673759356,0.3790354820823072,5629,0.5798878072799735,14,0,1
platinum,30,0.8749323147863879,0.8507777128086609,0.8447069144654774,4.223614434496311,0.823192295513056,11932,0.14238494489177592,4,0,3
gold,25,0.6201538512924004,0.6484088800693606,0.5589634476693534,3.821050890226184,0.45274966505514497,19821,0.16692040732823715,8,0,2
silver,8,0.5203484333516948,0.40302618483920216,0.4367456616118689,3.197741800289844,0.5048433849139708,4066,0.3677014481276536,5,0,1
gold,25,0.6971815869691367,0.7089113304881534,0.5049288809272645,3.601051927067519,0.48793927362107137,13663,0.18067928429913482,6,0,2
silver,11,0.6326427446841214,0.36642297293795695,0.3416231592914545,2.1027613510123286,0.36998802201474223,2937,0.4114290083629236,16,0,1
gold,28,0.753409475747346,0.7344819422497001,0.6822241002783915,3.611410647869042,0.6950380108723042,16136,0.2242693524425354,13,0,2
gold,32,0.712934868995361,0.7086860352760074,0.6717200213964996,3.549845766302659,0.5240896237401188,5892,0.2431731046652362,5,0,2
platinum,47,0.9334007557963877,0.9794860819637768,0.9857945914116151,4.532481192559426,0.6071782714273967,15619,0.21344623042616676,6,0,3
refused,5,0.01833347373948464,0.18911440353471934,0.2637544217674725,2.426662273123919,0.17692662533679754,521,0.7161443651232782,48,0,0
refused,3,0.3743503877624399,0.08155017143314872,0.18150929030556257,1.9467478160486062,0.029184410504058653,1072,0.989035814700623,85,1,0
gold,32,0.8346205395535387,0.7715428235139983,0.5166446132416145,3.7395488980249736,0.5034994537284649,7963,0.4378782615083222,9,0,2
silver,15,0.441390749688073,0.5823774588127208,0.2844487095164109,2.2464469759287082,0.5181963021271743,7532,0.5992657936928223,15,0,1
silver,11,0.6378139563160843,0.5542707144307485,0.2593283865829168,3.109554701671727,0.3454892157500007,5597,0.41082959999733387,8,0,1
silver,7,0.38097764283082475,0.39024184832563025,0.53533366029288,3.1869466186759183,0.4093804014882508,6715,0.6908118749412862,8,0,1
platinum,51,0.9896393658530939,0.8228534600111376,0.9193810200921056,4.0887673941077685,0.7573791386254366,28990,0.1962973857871021,3,0,3
silver,9,0.4638892602456903,0.5907721822610699,0.38469393221915194,2.3788926396787002,0.3360710646736307,3939,0.4533819513442156,12,0,1
silver,9,0.5321688350895172,0.35527484234833,0.45526861326640766,2.5651081179964317,0.4297874746660424,6681,0.42149266541655184,24,0,1
gold,19,0.8346324458682826,0.5799882354327425,0.5517584816729048,3.7477654244973904,0.5878898263069381,6578,0.4033207029571597,9,0,2
refused,1,0.17888811408094574,0.011402433837261066,0.08681343026157835,2.0736160585007006,0.23859760620245637,795,0.9507684027641218,63,0,0
silver,16,0.5560658235145269,0.5142213528427004,0.5206528479932452,2.842775979567948,0.4601841455222617,6077,0.5673938546817902,9,0,1
platinum,21,0.9427380826506839,0.9207915744145025,0.7347531570340773,4.869259624651052,0.8790682510080301,23392,0.004831907729400259,5,0,3
platinum,37,0.9966851003131406,0.8544603709440599,0.927117780283367,4.674303806409048,0.9016430721264657,24973,0.19828571849918486,4,0,3
gold,18,0.7027993722206365,0.7497894927761956,0.6798497836578404,3.883242480511279,0.6008350325540042,13282,0.26186295276065336,4,0,2
refused,2,0.26145457796402,0.17317189521578177,0.1317029973598828,1.490230198300314,0.1764330159938874,154,0.7873227707356585,89,1,0
platinum,33,0.870077817820095,0.9483373888457332,0.9615498336919364,4.633189626013464,0.7292044793544855,36086,0.09293101660058581,0,0,3
refused,3,0.11323057570015074,0.012153003832778274,0.2697836377608999,1.700383266345573,0.11197648770494263,422,0.9744766164460841,44,1,0
silver,12,0.623081531376185,0.5645138014395891,0.44022311836256967,2.8916140757136093,0.34838487049644584,6499,0.4639141460368179,14,1,1
refused,4,0.047891005599957515,0.30346105957183933,0.17486147160856536,2.051105649001453,0.0455019421630094,1720,0.7074471828375197,46,1,0
platinum,28,0.9595058974842727,0.9501003849530627,0.7757947281882654,4.929605877421989,0.8040438849995301,23146,0.07451305215986079,0,0,3
gold,17,0.7429019123707359,0.6895427959726103,0.5875530109976257,3.0492988379466666,0.5443302317434217,8130,0.42276971293845045,9,0,2
refused,5,0.07863476916434409,0.08015877775213079,0.24384701840069853,1.8296096610508232,0.07393028423809668,519,0.8617397384649292,26,0,0
gold,35,0.8473763333460806,0.6288832951657839,0.5756631214330519,3.1017193853115996,0.7301962255537852,12028,0.3668792016715811,5,0,2
gold,33,0.7330729689878636,0.6720444188277035,0.6477092106793927,4.097810579821986,0.485250552063712,9321,0.3037815159064764,10,0,2
platinum,37,0.8946939177312926,0.8967509883864826,0.7207398358559858,4.133145004178097,0.6668528045884885,31826,0.23519613012577698,4,0,3
silver,15,0.43545683928822787,0.5249258636091114,0.3391953128536141,3.0827963598425008,0.3311302359946564,2054,0.5354647115317526,19,0,1
gold,13,0.7689157255517682,0.6354622604793145,0.6145540553373892,3.2969555774797756,0.6851915551516768,5798,0.3284860466342432,7,0,2
refused,1,0.02092230883332844,0.04823104568844375,0.2511298505366707,1.421834401632276,0.21973934375323548,629,0.7295584111084206,48,1,0
gold,30,0.7457825547748959,0.5624014770873708,0.5097532637626281,3.09776867725553,0.631140923653126,19901,0.26584677557814634,13,0,2
silver,15,0.3648873883230576,0.3758426733894946,0.3986573869935534,2.830467826998852,0.2935196183921271,6282,0.6034030772565439,27,0,1
refused,4,0.07110128144621455,0.1954651725854409,0.05231647987488523,2.167398617190668,0.07982379308991543,1532,0.8229247887936093,74,0,0
gold,35,0.610064500752308,0.7597134654760173,0.5741947425184338,3.4008546581039516,0.5196868962289358,13650,0.2185414727751071,9,0,2
platinum,43,0.8837999196568792,0.9045038383269046,0.8814861768071622,4.269331298302025,0.9792433280685768,25369,0.002854495863518408,5,0,3
refused,3,0.07250331665195264,0.12939037395798028,0.27803663493432795,1.435999392399066,0.1724415674616842,1979,0.8875276174694109,67,0,0
platinum,37,0.9431208526633137,0.8948474617400739,0.7936444170089341,4.78117042378692,0.6274021626507919,15845,0.03789876870002484,2,0,3
silver,15,0.542825574187864,0.30931849692691005,0.45986768783549,2.824862580690742,0.3100961458221464,2404,0.6310472062535035,20,0,1
silver,7,0.4523308141407374,0.5498325093682047,0.33867973749546354,3.493322112932379,0.31745157241539235,1085,0.6914401178033837,6,0,1
silver,7,0.6125366172054351,0.33202689914832395,0.3838786755429696,3.209843948195605,0.4668911573328925,6295,0.5186676490926008,22,0,1
platinum,45,0.9703163873540102,0.9506492441494901,0.897095157269348,4.627950052772636,0.9033700071476445,30538,0.24529813229102895,0,0,3
gold,14,0.6898021867456725,0.6803442553684353,0.5889147002138857,4.181491075651336,0.509900921412194,17856,0.18805317806777916,10,0,2
gold,13,0.8043263280533092,0.7438763241797499,0.6296595054597602,3.292160452880112,0.6687720747292705,8741,0.32245171135796247,12,0,2
refused,0,0.25310829647874883,0.039354144096044985,0.11092661678403067,1.4030125687973496,0.24024797293256314,1140,0.779421942418282,52,1,0
refused,2,0.006837408048142146,0.025575428288645306,0.2462530990736066,1.174822545150331,0.0029649863326384304,1087,0.992213548515456,75,1,0
gold,24,0.7828741160107847,0.6568666320416723,0.6548971206239581,3.0866558224022254,0.618563086872454,8614,0.23956437779464917,11,0,2
refused,1,0.337547320207039,0.17074872582820927,0.0035814899862547486,2.1268660452773074,0.20211433914930454,195,0.7912073226638155,61,1,0
gold,15,0.6378580785924908,0.6812623350613463,0.6280894547986505,4.122627627310629,0.6369517273596562,10013,0.3516601990695337,12,0,2
gold,27,0.8059059026872434,0.6117142568989333,0.640219517472854,3.2979449755570154,0.6497295720796102,5671,0.24800670675952452,8,0,2
refused,5,0.19924820657034498,0.01434856871283991,0.05517313953703946,2.4401004747694555,0.08831696578177116,1758,0.6300992070711732,71,0,0
silver,12,0.4455408276806916,0.41345840492432406,0.30354522230412545,3.301466049368,0.3680733460437274,1658,0.4570158205002265,20,1,1
platinum,19,0.9216572336320341,0.9530712562132482,0.9041369879077976,4.3910427630581745,0.7989023721258752,16139,0.11138540968547272,1,0,3
refused,3,0.0414388599989918,0.309705494191208,0.25260234355158273,1.825396146788767,0.1297943473884313,720,0.7579841710441395,32,1,0
refused,3,0.38109714925058813,0.26397038219735564,0.08360845629084768,1.236912228405522,0.049206523388628985,600,0.9282752008377008,16,1,0
gold,28,0.765880898478363,0.5952229753447247,0.6297365906714729,3.2538080991381215,0.6177409969388905,15973,0.3543150335191336,6,0,2
gold,24,0.7081928710854547,0.7539363451565303,0.6968178927933029,3.52872373687101,0.5209899394410027,14083,0.2094092839893281,11,0,2
refused,4,0.2251724926020464,0.10623931779905463,0.2611076493867074,1.431631360843487,0.0844605333520638,1705,0.8834738875240382,77,1,0
gold,33,0.6384749761734434,0.6988415925392182,0.5495263286142877,4.087094005481577,0.5893050749646425,8872,0.17814656171863294,7,0,2
silver,11,0.4598723543400845,0.38499340061215453,0.48461028096547576,2.1319295125530937,0.42437090345633965,4245,0.6810082857908029,18,0,1
gold,13,0.6868796988284387,0.5559865663176209,0.586906192660899,3.933581965885124,0.6110577439507855,19574,0.23168569821244028,7,0,2
silver,15,0.3869917415964274,0.5395622745846261,0.3519481074020347,2.6600094778990293,0.3711037847759543,2647,0.433059956313163,22,1,1
platinum,40,0.8699777687835625,0.9821248007080607,0.9842051387893116,4.8514486375512655,0.8453892554556706,44919,0.0022596172698230443,5,0,3
silver,17,0.6444737089293784,0.5560441999579468,0.4727261535614195,2.611032217444175,0.288576043879382,3696,0.6576717015932876,12,0,1
silver,15,0.3661909284282175,0.3919033725606439,0.5234545984501554,3.053447929456836,0.28611999000438637,5197,0.48031823643488336,15,0,1
gold,24,0.8436726490121378,0.6688689288081835,0.5575022398767517,3.6428267645472356,0.5412922775462593,19398,0.18765725436836278,13,0,2
platinum,24,0.9521559140645364,0.9068911782514494,0.9953054222208713,4.786275956757095,0.7423893495179411,33173,0.10820400055236731,0,0,3
gold,16,0.7163342334848715,0.6301003215350538,0.5667553194139595,3.187021843861732,0.7188708747438399,18728,0.16076782535667972,5,0,2
silver,7,0.5870499160680387,0.49290389405542984,0.5307390522686359,3.2559911507367767,0.2750132688695885,3668,0.45029158949383596,14,1,1
gold,12,0.8376332052386022,0.6818969933180414,0.6286857899034661,3.1882831489753443,0.5945984753198601,16373,0.27187472879307145,3,0,2
platinum,21,0.9666403425602839,0.8439021050161918,0.7491998442968492,4.619497751407588,0.9194373089531005,20238,0.007292440911316117,5,0,3
silver,9,0.39718206022291797,0.5676090346229343,0.36952230464920965,3.016809680702998,0.3628449352688332,5022,0.6188867221762107,19,0,1
gold,33,0.7602413820246894,0.6067446348678803,0.5684790246591719,3.490439474725121,0.7452965936442124,13480,0.43869022473367203,13,0,2
platinum,38,0.8835773598859481,0.9381120464891282,0.9845750064554302,4.105367533952806,0.6515394848001019,46976,0.000368455521577854,4,0,3
platinum,44,0.9531677075644125,0.9339834929100078,0.9960078941071484,4.424296885884888,0.992719477304251,39218,0.2254850491872875,1,0,3
refused,5,0.36901710754113065,0.2427115526721086,0.21147387847324323,1.2364908925800102,0.12183714228937313,1329,0.7955503043013978,62,0,0
gold,18,0.6017194905549124,0.6524182173231299,0.5812833073148037,4.048241117094258,0.5984477854801639,6690,0.36885507857193667,10,0,2
platinum,56,0.9371958125840173,0.9030347364813626,0.7460974114483337,4.671558443613037,0.8180422113042799,29799,0.22937146078299755,5,0,3
silver,15,0.6343610505859041,0.47810628580110615,0.35549049200135463,3.0053024440109395,0.2859868623244576,2659,0.5389818795274846,26,0,1
platinum,22,0.9089484173468289,0.9970734624483469,0.8437836785728862,4.782696040744149,0.7278667329762178,11708,0.09945915637553923,3,0,3
silver,9,0.5750183972433042,0.5030998816097357,0.3752423668234499,3.490079168043003,0.2755774673910582,3415,0.4194402552360007,21,0,1
gold,13,0.6764359893618228,0.7559994129699946,0.5878261321609701,3.233931322764192,0.46164388434354064,18932,0.3428320984854878,12,0,2
platinum,49,0.9454966482433423,0.9831027354583828,0.9328000621106288,4.243477968404867,0.7015899498288098,26499,0.1477825758146291,5,0,3
silver,10,0.6103893340046475,0.5449861512276409,0.45843669957963545,2.4447642502131965,0.3758961528013032,3172,0.6890320196013582,11,0,1
refused,5,0.2729221851468245,0.09803944580729787,0.19523201693448308,1.051552308852022,0.279668309455339,405,0.7842992539977487,84,1,0
refused,4,0.255612999018679,0.2857295661896691,0.10926718011795115,2.215230602915047,0.2849082542757638,1596,0.9052745751851229,54,1,0
refused,3,0.108566003007869,0.19126339785024427,0.101064589342974,2.4745227343753893,0.07269606941121749,170,0.891738213731909,59,1,0
refused,3,0.035654671898183124,0.31128529486216816,0.19465449860835443,1.891380350799878,0.11577642913595708,179,0.7546658227208015,44,1,0
silver,14,0.3748205249186723,0.5878717762887197,0.4481943667415703,3.250086971156906,0.45783445192850314,4131,0.542246252844887,15,0,1
silver,10,0.426623126255553,0.39335008943143074,0.3648595646450617,2.766069930417547,0.5370390473525892,1517,0.6631336685099047,8,0,1
silver,11,0.6053622156334232,0.3963722633365761,0.48744651470342726,3.3914640582628923,0.3022546619958784,2218,0.5001667978902404,17,0,1
platinum,30,0.932290467690723,0.9194548144860683,0.7326755025540194,4.832680469347043,0.6177551088683417,29008,0.1831747626475701,0,0,3
refused,4,0.3606272342111154,0.32409703687194935,0.08325863759550857,1.0989113320889303,0.2651907388341893,1436,0.91732726853378,83,1,0
gold,19,0.7107584265844048,0.5724398751400394,0.6324464316659186,3.869469490990582,0.5536860506702369,13123,0.36912487950592066,7,0,2
silver,14,0.38936464487950595,0.5768044302019836,0.261033337819927,3.25627897304716,0.3528758975889638,3162,0.4158644592087809,28,0,1
platinum,36,0.8807567992759787,0.9630108856804914,0.8255199366002958,4.52550462196864,0.7347362007444413,48635,0.060099728223376725,3,0,3
gold,21,0.8325996050423313,0.6482804495517698,0.6022187642944796,3.549317535244961,0.7124241220466925,18299,0.27068243022943006,2,0,2
platinum,46,0.8640809935121937,0.8410003620106474,0.713312999059971,4.197154126572878,0.6713490337229319,16588,0.04173827218679968,4,0,3
platinum,52,0.975544581135606,0.9825498925758258,0.9237511036092892,4.300853108353255,0.7353052421329394,23703,0.15560341039149916,0,0,3
gold,29,0.7169203031212192,0.5588975577016191,0.5267556289987936,3.1300804472599473,0.4863466383782956,13848,0.2808733345092952,10,0,2
refused,5,0.39060287612025035,0.07282805491840683,0.2675625500802663,1.167395530010448,0.16017368956168201,928,0.8337795617246051,80,0,0
gold,29,0.6740814504749499,0.7743493295803966,0.5618925152892364,3.333469351185307,0.627744898170479,6756,0.3478050909297751,11,0,2
silver,14,0.5511060918985398,0.42539947791766114,0.2935268339917415,2.4838675917550033,0.43760692049009237,6459,0.37966581564636265,14,1,1
silver,17,0.4324208753888903,0.3151560680017004,0.4957390664683004,2.2534582250568356,0.4341985372104452,7899,0.6781887357558145,29,1,1
refused,3,0.06293508232001908,0.12765866030392603,0.008211207640110607,1.9955712481772034,0.2604294282852139,253,0.8038617664967513,41,1,0
silver,8,0.48827623187589786,0.3588541820813936,0.4402386432600409,2.0467036068958544,0.3985645578014639,7548,0.3855502502756314,26,0,1
silver,8,0.3757253152733313,0.5014998171628411,0.38353331041603844,2.608831628907088,0.4376669319167467,3972,0.6507760786634874,29,0,1
silver,12,0.37410105997084625,0.324446993192783,0.48999750176666046,2.6368418573098356,0.4075191610572087,1106,0.3814949447223672,26,0,1
silver,14,0.5069390338718673,0.4311372821220037,0.38088269669186997,2.231846009974824,0.37028162079890786,1358,0.3877670010280416,24,0,1
refused,3,0.08284538941983476,0.23239860611086272,0.17237007109801425,1.2452019071594158,0.25922877723018306,554,0.9430186359747379,48,1,0
gold,26,0.6261136295250378,0.7355678480630717,0.6882668785573802,3.583062727427536,0.5730911165617987,12002,0.2449794181231707,10,0,2
silver,9,0.5640385845099499,0.38999217244635975,0.35658016541720006,3.030434103841686,0.4875894975893809,2241,0.37468700333306265,23,1,1
silver,7,0.5129660283101483,0.47973560544603244,0.5369661901998555,3.129889307893728,0.5398291192263729,6656,0.4609758192770703,9,0,1
refused,1,0.3613600963572094,0.11395189160226493,0.25831652736527744,1.3844690698914188,0.08743688141201118,1137,0.6600535383320102,70,1,0
silver,10,0.6479678201841648,0.4258618933580135,0.4006037873199252,2.923898010630003,0.2888142793202624,1797,0.411814792400943,6,0,1
refused,5,0.2085336342866938,0.033063141278381586,0.21985348103638241,2.336286421761569,0.04000273909322862,650,0.7505960781378509,54,1,0
silver,8,0.5161520876686209,0.4565469674849857,0.5286412059993371,2.1916141453140336,0.3035823727970958,1292,0.5488729192756218,13,1,1
silver,7,0.5704124016721093,0.3183515265497831,0.2740949343835735,2.969645866988005,0.33882838507401136,4216,0.48847638741884936,18,0,1
silver,15,0.5115750157562611,0.4445267489186944,0.36417615846933016,2.154940201328965,0.36439319198562337,7807,0.4811982954788816,20,0,1
gold,17,0.7021138953521207,0.5989281600249123,0.5886878205672088,3.0983261268457754,0.5778954881972104,6440,0.36956197591881607,7,0,2
refused,5,0.19601700806783093,0.31301746306548534,0.045944425099127224,2.087510236670968,0.09330084394592736,696,0.7626720736386634,54,1,0
silver,15,0.35347165962658106,0.44551659928678955,0.42649233081417726,2.6520355889953793,0.4033026507047839,3846,0.5420518619540673,15,0,1
refused,0,0.26213042855306107,0.05054837042842178,0.1960626440119602,2.2341160465592402,0.23112965862037016,1785,0.7957412501630341,20,1,0
refused,1,0.2791904189359682,0.16978854890136044,0.15941949209889664,1.929380650334032,0.20957408143583703,1136,0.8206350643226537,72,1,0
platinum,50,0.9095745748756123,0.8882064323496324,0.7430627086118178,4.04373562587997,0.9956113433400695,22449,0.23323121564241803,0,0,3
gold,22,0.7881170843966235,0.6360229044623605,0.6735959253461805,3.406479546929318,0.5695436286327643,11709,0.3829460643947,8,1,2
silver,6,0.5616141678942252,0.5166063430080087,0.3372591805389096,3.373387978272304,0.5122260137582312,5443,0.5343624124582617,25,1,1
silver,17,0.6278624523202052,0.42973420788156413,0.33379543871898437,2.284393235265039,0.4106142866146184,3866,0.3562247994418692,16,0,1
gold,31,0.7390476731575029,0.6772235175174701,0.5822288672959974,3.075488971221629,0.6843871942217077,13243,0.24724055214983892,5,0,2
silver,13,0.4713817648840589,0.33527988497961053,0.4173702336431528,2.63323274739122,0.3355477088530202,2049,0.43517939969223157,23,0,1
silver,12,0.6132123561624174,0.3777117630361544,0.347155265967101,3.178426631027966,0.35460994274175556,1256,0.4270452972925174,29,0,1
gold,23,0.7805165160509463,0.5603743313774766,0.5376605049834213,3.4626630017900033,0.6913123242413102,5632,0.25522118952129264,6,0,2
gold,34,0.7360496656259256,0.7698198890392517,0.5693917900755172,3.366119624183432,0.7110074776560498,19714,0.1855086683553894,6,0,2
gold,27,0.6936804926268441,0.5617991754243448,0.6152977806279731,3.3877742607353007,0.6710383706130592,10546,0.1905723573739504,11,0,2
silver,13,0.44374649784285647,0.31158498168367527,0.521396818722649,2.525058352078929,0.4048693028250743,7831,0.6609077116031968,22,0,1
silver,6,0.44992566442816184,0.5007993536108217,0.3549317370685235,2.6436466752283843,0.271566836380004,3521,0.4564638671699806,13,0,1
silver,15,0.5539935645952284,0.5121803755999317,0.5471784940631971,3.0615539443245257,0.27691238543188934,5231,0.5435292618662382,14,0,1
silver,7,0.5348811467627574,0.39131033502886525,0.5004005565369116,3.4986361516959663,0.3773091366044041,3783,0.41480776589567087,15,0,1
refused,2,0.3816948126618528,0.3133545931981314,0.13751973208353002,1.4007767757560283,0.024821605425257097,845,0.8971941293482415,77,1,0
silver,12,0.6100292006874032,0.5293856202040854,0.4512876703130657,2.391690271042184,0.3411702630917405,4331,0.6611470734947162,17,1,1
silver,9,0.6491065413685091,0.4307521106618178,0.37534347487045006,2.8793580080448415,0.28841654154906415,7755,0.6467734567974438,15,0,1
silver,17,0.4272971068973465,0.30918164890107125,0.2881957786765874,2.4938652181453653,0.44049689847893514,3175,0.523233246796747,27,0,1
silver,10,0.4668104031144202,0.37617387740100844,0.3690795587153046,3.3433747849867723,0.2777263301359536,5675,0.6636054330365677,21,0,1
silver,6,0.6335112396090814,0.5318232433639236,0.4535080269348706,2.92508616905011,0.39354725796856554,1782,0.6880660471530338,7,1,1
silver,8,0.3695599300118451,0.4476234559606938,0.4729005755562844,3.335598183620828,0.26484550406616125,4104,0.5059017863501105,26,0,1
refused,4,0.16911293622624157,0.12997705664302414,0.08951727656096421,1.199652307897921,0.03848463208479945,419,0.787851552256946,20,0,0
refused,5,0.33394630213332616,0.34699526617133114,0.0615841069859102,2.444561174103434,0.22448261231917702,908,0.9950863474978684,16,1,0
silver,8,0.6040767798652721,0.32803617380066336,0.389221085629371,2.385508465211416,0.4879512459982125,2397,0.4742966253605267,8,0,1
refused,4,0.3476696568189372,0.2138407763785584,0.22340670649133412,1.385116131151837,0.11811612195965852,221,0.6271029131114407,65,1,0
gold,25,0.7391446071255383,0.618497024867493,0.5934521992015005,4.072767668955006,0.543010207203735,15573,0.23160077211929692,12,0,2
gold,30,0.8176721138643598,0.7939447046372332,0.6726863155578768,3.0253797880192996,0.6151635901859986,5904,0.4453325860750105,9,0,2
gold,33,0.6551219098536873,0.6594292062333854,0.626127058996616,3.738514698039512,0.605497176911947,15666,0.28282948705856836,12,0,2
refused,4,0.3871550599737674,0.32186759592435304,0.2664582677544478,1.5413273687414604,0.02929832304302412,371,0.763992527742513,65,1,0
gold,32,0.7078254265852536,0.5996579034654673,0.6567003005175818,3.777908344893387,0.6213638753254551,10279,0.28120427172977847,2,1,2
gold,21,0.8060876118123373,0.5500567595545639,0.615308997990228,3.944067617680249,0.6933313698915955,5840,0.2935934611651575,6,0,2
gold,16,0.700053068962418,0.7411627375962184,0.5558016580695593,4.0239417582806425,0.47265812580776606,5382,0.23080791019906133,9,0,2
silver,16,0.5744830460763126,0.513278891024365,0.31342005536827,3.327678981361469,0.3129479749271684,4178,0.5532663821832886,11,0,1
silver,7,0.6154622371350377,0.4086886297768705,0.5412925989580182,2.5475052433755776,0.4873216430434337,4342,0.47070582429262336,22,0,1
refused,1,0.2774055694299877,0.01094498221154359,0.19895874760450188,1.5053922897875873,0.018006539276481225,584,0.805696787168949,57,1,0
silver,13,0.40327160078948526,0.4175529038798557,0.26946976516951743,3.339544937128952,0.37617717224706826,3782,0.549993987565482,8,0,1
gold,19,0.7645399560743933,0.5845313232850619,0.6715715567034978,4.123791997572271,0.49559405474221535,5246,0.1639300966448437,3,0,2
gold,19,0.6895349291322861,0.6331066730435914,0.6631911578830413,3.0119630816814222,0.48378276880476623,5689,0.15754191772689424,10,0,2
gold,28,0.8215454430323362,0.7229139129666354,0.5920710746269654,3.1716743432680827,0.658239496192871,17888,0.43087211634216105,9,0,2
silver,9,0.5348115585019871,0.38613955115614296,0.30240980542626955,2.576172366865654,0.43747487865582385,1967,0.6520594318523683,16,0,1
silver,7,0.35504218394634274,0.5162003602380418,0.5241388778279887,2.6551668245318867,0.48433505386270426,4266,0.5209183503983615,26,0,1
gold,14,0.7196320924798806,0.5650567362250745,0.6136537232537537,3.939294809101664,0.7290016133373218,11610,0.17531638436849611,8,0,2
refused,4,0.39929756554530665,0.19718263537896524,0.2314319307283082,1.3253997702736293,0.09905430694586394,1498,0.9595516162317299,56,0,0
silver,13,0.6429470102132748,0.5846591537684389,0.2763598992795828,2.395164139095214,0.5459088705090644,2670,0.6476585212243267,26,0,1
gold,20,0.8102271776007268,0.6930307409305516,0.5303485825906105,3.737399352306231,0.6167612442596878,10720,0.1519576231286661,4,0,2
refused,0,0.07211771411448713,0.14819584825719515,0.09065565299982505,1.4842485841547035,0.1570116442412913,778,0.6802656466753769,19,1,0
platinum,59,0.862492661679289,0.8622888528091283,0.7895123292969978,4.190324862819068,0.7260758084389436,32967,0.057058840873424777,1,0,3
gold,20,0.6566931563299114,0.7342831034891598,0.6749487299313132,3.973759126982018,0.6633365451045857,10397,0.3691241258645378,8,0,2
gold,35,0.677117070372371,0.5957033471348065,0.5778417237246878,3.087478142245986,0.613525023857967,18769,0.26987955348626036,9,0,2
silver,13,0.5428238138225838,0.5950927593098435,0.35395026620972353,3.387063488068356,0.37592409247546177,5583,0.5146512866821344,11,0,1
gold,35,0.6327434357485435,0.7689762312499737,0.5450322048431864,3.9456421794900267,0.5120615626266863,18882,0.18855470053323492,6,0,2
gold,17,0.7353436052268596,0.6014485942473555,0.6781664296579266,3.4408086183327358,0.4500723014055404,12804,0.3091419561593377,12,0,2
silver,12,0.48032697780896144,0.39006763627429747,0.3566379555652416,2.905771047771907,0.250035593473255,2100,0.6397546328271608,13,1,1
refused,1,0.2731766778501321,0.16314008372881653,0.05831072197984102,1.2022695437780857,0.2479949326392177,1395,0.6781933625454012,58,1,0
silver,11,0.4580963413074688,0.5538010270192191,0.5045717228746138,2.9554364270311995,0.39515840508718614,7976,0.5607540071442589,21,0,1
gold,32,0.678943287812374,0.6379124680854764,0.5114004775103868,3.893700877955907,0.7008355846635128,6406,0.294818516243035,11,0,2
silver,7,0.3672715595908391,0.5232512991548457,0.28685199365713127,3.419753632104815,0.33959380407602247,2268,0.544911723395583,10,0,1
gold,13,0.743466462419274,0.7593681299046937,0.6192087190955294,3.7470904773993383,0.6840252071204894,19120,0.2993063878643316,4,0,2
platinum,28,0.8555232801453987,0.9024915311763844,0.9232837196784867,4.6180516742871855,0.8900742192109563,38308,0.190251980873848,4,0,3
platinum,54,0.9209749301577839,0.9245874765870238,0.9146472721297823,4.502050213488447,0.611867289225896,35394,0.014146414036678906,1,0,3
gold,22,0.7662639972516577,0.5599528598614385,0.6056378523512712,4.040185782826187,0.5993845777746791,7837,0.39097902018813846,12,1,2
gold,34,0.7594435354613979,0.5915573405129148,0.5842601763266729,3.333027365882871,0.6012790382379094,10024,0.3183020509244763,3,0,2
platinum,18,0.9618961788323077,0.8914864195547415,0.7213840810165492,4.21720909769121,0.66608157573514,44716,0.15807053840940996,4,0,3
gold,28,0.7409798916889059,0.5922025014461411,0.5266568516164346,3.595818506676726,0.5748212011226058,12400,0.34792909213592516,6,0,2
refused,3,0.12608393886444,0.26900873807159625,0.10461516445710457,1.564130069253403,0.24752743823935291,1543,0.9154838091254491,43,0,0
silver,16,0.5607015302305586,0.39101098367160375,0.33901339255860546,2.195936724614887,0.3826973210098631,3920,0.37933295172050746,6,0,1
gold,30,0.6127875514050993,0.6712544968810104,0.5514304702218191,3.777023754684196,0.5635042745047941,17076,0.39090180913770045,4,0,2
refused,0,0.19397561223310533,0.017466372318814382,0.010435494257620215,2.0104500322576913,0.25379666321616945,1184,0.6365396908682324,75,1,0
gold,22,0.6238402303182509,0.5848135176961761,0.5891035628986322,3.911424178460333,0.7316157905933589,17940,0.26239476570444864,5,0,2
refused,1,0.3736945764288556,0.03679169544833884,0.2197185137571767,1.840732059217153,0.07386143055263447,1680,0.8267257303474714,41,0,0
gold,22,0.8316159494890462,0.7591105481174675,0.533832378768484,3.566283012677428,0.7010590266679777,8499,0.3485635164134074,9,0,2
refused,0,0.3469803821555441,0.3228573926142728,0.17713400647859281,1.3603683362799828,0.21460819201494083,1002,0.6371911970051304,21,1,0
gold,32,0.8071096677347477,0.7674124212030429,0.6830579880758547,3.071714729014061,0.528501409991252,15326,0.21714542581692864,13,0,2
silver,10,0.445206225080077,0.5837493513347609,0.4073756737220573,2.322849098158599,0.4879938539199705,1440,0.6288033290053014,26,0,1
gold,19,0.8117218061072382,0.6363948964677033,0.5719351122446136,3.170617651664822,0.7373938059746672,19260,0.38692853212039036,5,0,2
gold,30,0.6390792426772152,0.7609698528077323,0.5483202552871526,3.360080499486528,0.5140612433651854,15846,0.24286779045392204,13,0,2
platinum,45,0.9330554578518702,0.8758611396771098,0.7690161049094302,4.362944271845992,0.6947137237245542,13267,0.1868611016491735,4,0,3
gold,16,0.7822348000262893,0.7408789609170531,0.5514958432984939,3.8641336002179347,0.7147485315204409,14611,0.15320168635465023,11,0,2
refused,4,0.20122821398229332,0.16574384174153334,0.11756817628077404,1.8763279319392052,0.10391541511115689,698,0.9602509178379589,41,1,0
silver,12,0.5474487429579,0.468335922536323,0.2569861238327746,2.777827634103467,0.43833959431091135,2718,0.6683339457768154,14,0,1
gold,28,0.8238907120329597,0.6550027510739158,0.5619383422210378,3.1950132783569476,0.550231395625969,9302,0.183802057990437,13,0,2
gold,18,0.8427877268420714,0.5534655339782151,0.6595609362682144,3.4062082553105677,0.719579073170691,14581,0.42850073160168656,4,0,2
gold,29,0.7224110190080082,0.7076926050431552,0.5113251114755116,3.2794822063793783,0.6334967026938042,17782,0.30626221099046574,8,0,2
gold,30,0.6308209448247367,0.6622696285337191,0.5598846249606213,3.241410278746655,0.5607053197233518,9775,0.3326393880541181,8,0,2
gold,12,0.7193540473700883,0.7268197279764168,0.5628324127673944,4.094649085499019,0.4723285255315547,19538,0.20902763330149668,12,0,2
gold,35,0.8250660278005175,0.6483301675962972,0.5916726958852612,3.4400662903125587,0.6197665815305277,9695,0.25360319337789905,2,0,2
platinum,55,0.906510845490691,0.8228475851840794,0.8779835944930536,4.170664758549998,0.6470575952637301,34842,0.02962565589953789,6,0,3
platinum,47,0.8995378793528648,0.8698773998098667,0.8821919344788014,4.380909525510988,0.8656751658021669,24138,0.13241493098640497,4,0,3
gold,28,0.8105413441625953,0.6594749717857281,0.6590220565053448,3.1567612578688315,0.6125280959823046,15233,0.4157105740621433,5,0,2
platinum,31,0.9515752513574472,0.9995385231847687,0.9637214440684395,4.769944700251679,0.6713009867618566,22497,0.17830172082065443,5,0,3
gold,30,0.7510898299286928,0.780661284900893,0.687235312833301,3.8233093847321844,0.5732798714888274,19831,0.1515942507464586,5,0,2
platinum,28,0.9747057235093752,0.8501461321123196,0.8629901570089865,4.189694848174677,0.9519287655806781,22991,0.23761479264382393,2,0,3
silver,7,0.39630853096877006,0.3395948994037222,0.28349123359635564,3.3499271058596394,0.36705121458151696,6271,0.35049637704687037,10,0,1
refused,3,0.16711693307930245,0.12164749840660942,0.010303015305965512,1.3535329958869018,0.09659492618523718,836,0.6415741291889209,58,0,0
platinum,23,0.9259155934539021,0.9914540525966651,0.8501335927392224,4.687884109879915,0.9375698450446897,24087,0.13721466626933898,0,0,3
platinum,39,0.8693122597449465,0.9961153600359977,0.8339105939537756,4.3548413602568905,0.8830753305322474,22935,0.08132378350575778,4,0,3
gold,32,0.7328637285473263,0.7991315771996548,0.5652340508256507,3.0089557685006634,0.5051438668445445,13378,0.44230483695720924,9,0,2
silver,10,0.47440943549153847,0.4519114262268786,0.47457530410105986,2.968565517118456,0.48841880222088363,2841,0.6410372403564063,10,0,1
platinum,43,0.8675044096212522,0.892676149643124,0.9240627148407468,4.470319054101786,0.829911821705766,26209,0.083114039287178,0,0,3
gold,13,0.7042983546411441,0.6322056544621524,0.566975658027397,3.856392339734585,0.7331322361034449,12714,0.2587529193966371,2,0,2
silver,8,0.3639624563657204,0.49427567664054217,0.5346807625004513,3.274512961101687,0.39289783417565904,4037,0.4373883725187637,25,0,1
silver,8,0.3904393485258431,0.4869398762258054,0.29798887524029627,3.3388135437978423,0.28602721197146536,3549,0.42470675846411476,7,0,1
gold,35,0.769386451295944,0.6898045329421145,0.6992448986089277,3.665544589453374,0.4527930872287061,11684,0.3880897242766743,5,0,2
silver,8,0.5254975246105755,0.32442830661208066,0.28454917357135767,2.0485630659116123,0.3168354892629881,4272,0.5815042934577711,23,0,1
gold,35,0.6527814856395093,0.6392980834982612,0.6138412926258855,3.9310380782433443,0.5410511727443856,15220,0.32991132402243006,2,0,2
silver,10,0.5359693855281044,0.30095228945535096,0.3267954861372335,3.3183998276784585,0.3726441670220231,7626,0.3899869586403197,10,0,1
silver,15,0.4932464151387283,0.39640533005691636,0.5393013304633018,2.029598143502608,0.40760763054208116,2152,0.543112809028843,13,0,1
gold,33,0.6264685795532823,0.6077702132186241,0.6943690602650969,3.5806527174771112,0.7180529914179954,16534,0.39175731160021865,7,0,2
refused,2,0.11246120564557192,0.13560456607433216,0.1883349521149014,1.2160305370775493,0.13705062909386723,1140,0.6283214054851687,70,1,0
platinum,31,0.855877949001347,0.9653597655618157,0.9261096502151558,4.141774393527102,0.8824076030656098,22336,0.1693855668647383,5,0,3
refused,3,0.17209140136083284,0.0809425048771895,0.2957320995592656,1.0349834973440126,0.27481460286229303,254,0.8122514756388775,64,0,0
platinum,20,0.8637698598720163,0.9815732260925032,0.7328406580163361,4.976725238662579,0.7946390648975012,11875,0.23919995387107154,1,0,3
silver,15,0.4587294233563312,0.5991681613887395,0.355002089293204,2.67126344852951,0.39921434332278294,6293,0.5482367522208841,21,0,1
gold,27,0.6955348687081423,0.7416489861780129,0.6259367190518406,4.0254185230929,0.5649493405677377,14361,0.4209903382166278,6,0,2
gold,16,0.833138719604828,0.6566249368104653,0.6383440228269377,3.8216701966572058,0.7220599732019508,7096,0.16660493676542856,7,0,2
platinum,49,0.9898021513385401,0.9652411391587932,0.8627090994939215,4.375259904442666,0.7139632086123844,32440,0.07190818226091955,2,0,3
platinum,54,0.8614300569398744,0.9249522542086502,0.8875913980641843,4.00033250612049,0.7452402946536042,19429,0.08925733599250305,0,0,3
gold,34,0.6126041934005523,0.788862047859517,0.56456195868957,3.4046549884875428,0.690574185850838,9482,0.24692132052172536,6,0,2
platinum,36,0.9635621803063684,0.9366367712890963,0.724457946865728,4.4047984290852,0.6839011790734726,42272,0.14101850720837944,3,0,3
gold,35,0.6040608608023634,0.5718616254499714,0.5208626174703764,4.011773838035695,0.5925512598067885,8218,0.30663794802965305,7,0,2
gold,26,0.6246060472753422,0.62950990292363,0.6685890964912394,3.270797499662466,0.7338226854206493,7484,0.2123311888319185,8,0,2
gold,16,0.8244838233609342,0.699357310643355,0.6641015008464218,3.6548996157353226,0.7378776442827701,7819,0.3922036863601106,6,0,2
platinum,43,0.9006170250807877,0.8177086821227236,0.9756033390980513,4.221063371453728,0.8777801824522835,44324,0.12406468822059039,3,0,3
refused,1,0.030534256866581136,0.11176141427424534,0.08076995357229484,1.7682917151394089,0.2207983102196109,607,0.8979704900781935,86,1,0
gold,13,0.6632565852300633,0.6121512211533267,0.563380827544125,3.4467685182876573,0.47331372551751766,15471,0.34434669144733077,9,0,2
refused,0,0.19498792332621762,0.07500512228465708,0.18668741275129247,1.46618786880197,0.019110930745297895,1504,0.8022164599093163,52,1,0
platinum,51,0.873546652407429,0.9176527513939863,0.7693392737282939,4.514657586573511,0.8236739227317306,25038,0.24621460069061896,6,0,3
refused,4,0.2757097529846458,0.3460136766868327,0.16218506531237978,1.31544284015426,0.29457861730505297,902,0.8891999838374995,47,1,0
gold,24,0.6148967743382859,0.7832169225316583,0.652425924090065,3.3182742270032097,0.6689667353110793,5096,0.16474578861741312,9,0,2
silver,12,0.5110769784260352,0.5497585046377146,0.2602133518600794,2.939674052342167,0.5410193611060492,1013,0.6710561009124176,12,0,1
refused,1,0.15023464838592432,0.051645173992069755,0.2807015589245177,1.3565940434173804,0.24759454290910293,1468,0.8786964000838603,18,1,0
silver,14,0.593943017089801,0.44165935158545255,0.3704890624998306,3.458726843414239,0.3155269385989179,5621,0.5088765366100466,5,1,1
gold,26,0.7419935743290201,0.6547748682292713,0.5565530914120197,3.6396663481136535,0.6244766513549266,7985,0.2374764384483472,10,0,2
refused,2,0.29549921161424914,0.18834029392308255,0.008055586210242693,1.9040594041092964,0.07788422960217611,203,0.7978893992411583,30,1,0
gold,22,0.7414362376533223,0.7718672350532206,0.6278215693989413,3.258555488730876,0.7367940176478217,9175,0.3935668930704951,9,0,2
refused,0,0.2461304062472682,0.22669896720385777,0.20885259019073027,1.6440759949983001,0.15873706170623497,1006,0.8868060150655765,49,1,0
platinum,35,0.937714915892373,0.8151866820739244,0.7711083571325008,4.450619656729758,0.6236375560313013,10276,0.1913866876289652,4,0,3
gold,23,0.6540831944077068,0.7806509392734895,0.5911133563980218,3.635440338026949,0.4878850417753707,7389,0.44359622440138957,2,0,2
platinum,41,0.9624367449964109,0.9131553239933121,0.8950882557620361,4.074629814337082,0.8958921328342162,36421,0.07222123472729142,0,0,3
platinum,58,0.8825213659879737,0.8392226199386906,0.7631048739756605,4.957322887894588,0.8210054459130901,20913,0.06488544579402258,2,0,3
silver,9,0.46492408439995553,0.5778474991577605,0.2639488119073913,3.204641863820953,0.3800066860653644,4438,0.46001020755364225,13,0,1
gold,19,0.7507875300307367,0.754717317630118,0.6403130531205884,4.003727684851349,0.5520668983353771,17878,0.1736941798098695,12,0,2
gold,35,0.6531118192988682,0.7945551671316397,0.6759675495882935,3.2837698946864333,0.47583483315191216,18285,0.2541862998458024,6,0,2
gold,12,0.6825711668755211,0.5974688322739801,0.5695644694866092,3.6147126766515125,0.5748854785633064,17598,0.24423294572681123,2,0,2
silver,15,0.6474295074674263,0.47789654663475295,0.5167557099522628,3.211333326498951,0.362126026126886,2846,0.5908996346288027,5,1,1
refused,3,0.19014414298225965,0.2627090768775624,0.2689169664258078,1.839023787772419,0.28391455424641615,1632,0.6312822627644379,66,1,0
refused,3,0.36864063986297463,0.03620614084252721,0.15417635787043218,1.6184763671246873,0.19504252039408923,1417,0.6520890463832555,75,1,0
silver,16,0.4914620379764496,0.5340777992761434,0.3770275694940505,2.5759088345558885,0.36251631606566087,7861,0.6855753253791428,5,0,1
gold,16,0.6813027990690528,0.6441691101073657,0.678786702133998,3.3038386884153725,0.7209820866716743,17934,0.3000893623181976,4,0,2
silver,9,0.5501571033927682,0.30556750095705765,0.33076301736268665,2.824046827166403,0.48258940551925095,6624,0.6339510988811139,19,0,1
gold,28,0.7666304941732587,0.5591782358707666,0.6474862882854244,3.0664317803260914,0.46558982943935406,16528,0.28597850501451694,13,0,2
gold,35,0.6461147627649708,0.5530007568181707,0.6824416473563051,3.9196215366688683,0.5225293522439045,9368,0.16217879559071202,9,0,2
silver,13,0.5730886035802241,0.5014374093901084,0.28801650128580314,3.4511024453528445,0.33255220807077496,4024,0.4714598088639726,13,0,1
refused,5,0.32242099207468783,0.24171532005278942,0.21796763616727857,1.7043320709902994,0.15173499003601484,431,0.9241330030303342,36,0,0
silver,15,0.3873515763097077,0.3421491944582405,0.4925147293718348,2.156519919988341,0.49689418759428716,1477,0.6815294595713488,25,0,1
silver,10,0.5157510428784632,0.46008153033669286,0.4806851401478188,2.670373681785415,0.3639038749294713,7593,0.5957124839687498,19,0,1
platinum,39,0.8595267744385002,0.8969556734300692,0.8410547778089995,4.691618055569319,0.6489735593435764,20485,0.011227824748903964,5,0,3
platinum,38,0.9423776746584871,0.9387435214806676,0.7317502281485752,4.593538569123147,0.9066354095886573,47822,0.03415022591279315,1,0,3
gold,13,0.778679708375509,0.5998049214592691,0.6287815914135529,3.181692532723302,0.5735839645836791,17328,0.23771730715432213,4,0,2
gold,14,0.7531989588841276,0.5884459263783041,0.63943325085807,3.9480998999657255,0.546185971965068,10563,0.20389359475923952,7,0,2
silver,10,0.3751537154013443,0.31312975415949557,0.5160720173176527,2.4387110498353364,0.302184340481258,6965,0.43226007549134676,27,0,1
silver,9,0.5640372081302132,0.501875347286093,0.3677355654605524,2.1880718430147206,0.3805272780098573,3082,0.4986392220939361,14,0,1
refused,4,0.1377467553273016,0.21308073237447364,0.10287888281945502,1.521741705679172,0.022387236425730872,1091,0.9138416501377873,21,0,0
silver,6,0.6081110411841442,0.38100061343417413,0.3318031157183444,2.6466230697252358,0.298532006915411,5387,0.37912619595902464,14,1,1
platinum,52,0.9935201327689684,0.833104102073458,0.7306580859081157,4.592811991653423,0.6186002345760262,11141,0.11449893975089287,4,0,3
silver,14,0.6064238396092175,0.3524098890671344,0.5027434114604694,2.4909697832445317,0.39100606287180906,3279,0.40747593537957105,19,1,1
gold,27,0.6989843065489875,0.658423582830095,0.6638991370772105,3.774285173463998,0.5684421848634769,6523,0.38816800852862166,4,0,2
gold,31,0.7432605501547539,0.7890729703783403,0.677484907074072,3.752199485298081,0.6484398615970955,18391,0.4057291252707357,13,0,2
silver,16,0.4969795259734582,0.38546136205064296,0.4460906568153187,3.2665482368196446,0.5475142686362311,1465,0.4664290753167679,19,1,1
gold,31,0.6733383553602524,0.6210460739279322,0.6668649591498796,3.9581442060614287,0.7303232383713645,10241,0.3615919927607782,4,0,2
platinum,19,0.9707567001279043,0.8180673921155216,0.8077453088998694,4.499333834978618,0.7742021817592637,16142,0.1048619984893284,3,0,3
platinum,41,0.9012819500074603,0.9267517127440354,0.988636591777615,4.399905206804156,0.6211215841874113,32190,0.09001261647524458,0,0,3
platinum,48,0.9800822471612085,0.9769996713046563,0.7377224535419946,4.616499726895084,0.7321632015503096,25271,0.12722263889776397,2,0,3
gold,23,0.6250613909307191,0.7262602265883982,0.6921492605542711,3.8404174666398836,0.5931329453081778,9242,0.36458012475277335,6,0,2
platinum,36,0.9526857321819749,0.9030495848629452,0.7738208976393994,4.758676390111005,0.713824920705159,15793,0.1959399606210268,1,0,3
silver,14,0.45440400612904785,0.4058632051513002,0.4582680448125114,2.009124966372439,0.3650743757629774,2225,0.4672672098284688,23,0,1
platinum,44,0.9605651058764528,0.9774920965027006,0.8602726617929335,4.313727691194096,0.9193376752897313,19569,0.24529445919057363,2,0,3
gold,29,0.6333024810341572,0.5774657784351958,0.5918687311187912,3.2490137944618547,0.7027603525055405,13160,0.26901828014051576,3,0,2
platinum,19,0.9645046634505866,0.9799334890584346,0.971954115833374,4.184585129537033,0.6595998944596974,34995,0.09245331399679416,0,0,3
gold,34,0.6208812286700047,0.6422840484523011,0.5278900472410321,3.5027195735807353,0.6977664679280444,8026,0.2393262461016733,6,0,2
refused,0,0.2935439480822261,0.13196272536448844,0.26522570897293846,2.2600426761967234,0.009989335069551597,1307,0.8739412013312831,80,1,0
silver,12,0.5231125585970076,0.5528361738341787,0.4896619933552075,2.4870184345067017,0.4179658468380212,3896,0.5749812280740065,16,0,1
silver,14,0.5971941167471196,0.47763697090530555,0.359362591026666,3.3937043505826523,0.31000487837974794,4730,0.35046677382177716,17,0,1
silver,14,0.40784083840298196,0.3881768186914514,0.3584353254323625,3.0606441142416676,0.3809843686605179,2781,0.44971801806461775,10,1,1
gold,34,0.8488922251226719,0.7106987676265774,0.525669985322939,3.783273748532669,0.5808140922355738,16696,0.34574541852184726,12,0,2
silver,12,0.5598633421296639,0.3955813113847963,0.5449241337859001,2.79783643648865,0.3903746895836633,7053,0.5771655635438748,11,0,1
silver,9,0.5274528596404948,0.30080045040278586,0.521299854259762,2.27534486742099,0.3080900276140641,1508,0.42419353227974144,23,0,1
refused,4,0.10570395113986226,0.10151774930352131,0.08319688258832332,1.4748916801146694,0.12157703417163229,1305,0.975362412643716,33,1,0
gold,17,0.7285238606378149,0.7615310526325579,0.5953966785235307,3.622038556002385,0.7289765289436994,15797,0.23808971752796226,9,0,2
refused,0,0.1583701628694516,0.025374507901769087,0.26200952686761525,1.4502398146689675,0.12009755499833652,1771,0.7136651222819497,72,1,0
gold,15,0.7678177063072831,0.5800908940524966,0.6214648833586132,3.451165466314967,0.7294633221319561,5565,0.17627267202485242,6,0,2
gold,29,0.8348921472562914,0.6683589148437554,0.5709096417657215,4.058929429617098,0.5104197308381663,13899,0.41048910544839834,13,0,2
platinum,50,0.9124958586607719,0.965021466284532,0.8836773957643473,4.602553163842865,0.6675416826710744,29218,0.05716919490090219,2,0,3
refused,4,0.256871764780126,0.05729837837816761,0.0812842424496828,1.9895544093403856,0.23511670723016767,1096,0.6651011544856655,60,1,0
gold,31,0.7290708247994184,0.7644837284993322,0.5287735932686659,3.6061386668928077,0.6215692567376861,9268,0.3566999954965705,12,0,2
gold,31,0.7548474923416255,0.7985825756714288,0.6906614335164745,4.051119626623446,0.4756225448424796,7982,0.44158525357794176,8,0,2
silver,8,0.5501639875225722,0.363173757151483,0.4126613166157945,2.302271188136163,0.3257342558829579,4682,0.5644993765478615,12,0,1
refused,0,0.2171953614985622,0.34336351933842413,0.142591102400286,1.4440951445622927,0.10275705221002875,654,0.8069101610693066,40,0,0
gold,15,0.7654444331179096,0.6646296405467539,0.6725919246626036,3.0538326691532602,0.5218109509026139,9529,0.26554878833176215,12,0,2
gold,25,0.6592309984741809,0.686601768553033,0.6274604313076048,3.029780653734179,0.7077974853211428,12829,0.32586244985715274,9,0,2
gold,25,0.8051740401916948,0.5990735755777667,0.5456662504737222,3.342484882156107,0.6005097498019274,10167,0.4034375213597735,4,0,2
silver,12,0.5924233003101876,0.5165065173684491,0.5164026538007914,2.415079996313449,0.2984762505274205,6265,0.4269735918137809,15,0,1
gold,32,0.8124898326258013,0.5515117607959946,0.5536286459223841,3.939508337109087,0.46163983641866624,6631,0.42930779789252027,12,0,2
gold,20,0.6853296614875131,0.7883507198455237,0.6503596327173866,3.7713679093034083,0.7202280487352197,12972,0.22020158614811097,12,0,2
platinum,20,0.986570691760491,0.8270002554842414,0.8239093523943091,4.9562221906489485,0.872667792960648,24482,0.017251898153204076,5,0,3
platinum,38,0.971036946557617,0.9248203088363676,0.8713956825758722,4.29527828922031,0.8781662593312213,26977,0.0130887550468681,4,0,3
silver,6,0.5549054955482483,0.32846121380255394,0.2539693837580855,2.4771661136124754,0.3893556594435157,7699,0.38217827757229317,8,1,1
gold,31,0.8458918016284157,0.5516160894474277,0.6435352315586998,3.450985462809529,0.6921321060958538,8988,0.3238897374605455,6,0,2
silver,8,0.4411199267265636,0.3930121256194243,0.4377799110546121,3.433792520562107,0.479500697197517,2691,0.5065829379233235,6,0,1
platinum,21,0.9272854082296316,0.9614860503633522,0.7437269704734255,4.746207257481839,0.7518011613498874,22306,0.07604967990907022,6,0,3
gold,29,0.7489199560403823,0.699328094582678,0.5584497913478775,4.028340155843265,0.7169246970886141,9184,0.19023588681293704,4,0,2
silver,7,0.5560815067000109,0.4691410173334932,0.40372996977079456,3.1702878942020476,0.41146011742294614,3155,0.35711929087366034,10,0,1
platinum,59,0.9323382969833466,0.9050063001720536,0.7446975567910584,4.011031614262466,0.7111288291126938,15738,0.10113184639346742,4,0,3
gold,33,0.794955221002517,0.577170634843673,0.5271322934320756,3.1033629258588435,0.4560365165559222,9150,0.38296724153556605,6,0,2
silver,15,0.4214863329344204,0.42239744504087606,0.32704404430517175,3.013617882746275,0.4195368012949151,6453,0.46014114085496427,28,1,1
silver,16,0.5715451916558317,0.5401081960969789,0.4590979702212402,2.5252841085962663,0.4698766778891708,7283,0.5567293293130243,9,0,1
platinum,46,0.9900537735639812,0.8183398670222861,0.8045721001725912,4.320059832520983,0.6659298701387047,33071,0.00629835348980734,5,0,3
gold,25,0.6224692129340401,0.6779451141423702,0.641524117148107,3.420851745590501,0.5146077848563826,15516,0.42398991348001014,6,0,2
silver,7,0.5741025498790878,0.5850542132454124,0.4493004533386834,2.072003453945194,0.2714203603260721,3669,0.5585795585057465,7,0,1
silver,12,0.48081247487388507,0.46560971275195495,0.25854514316478144,2.854738215998201,0.3776517198519066,6428,0.5596465317208592,23,0,1
platinum,49,0.9222500481946173,0.8619873852537222,0.7556376624029962,4.06310903307915,0.6904588206359763,35833,0.15773044755729085,3,0,3
silver,17,0.6021660070253793,0.5897981227224978,0.4744435807309424,3.256636168025509,0.4170471132647413,5905,0.5216608338051207,29,0,1
gold,18,0.8050168755139123,0.7791222877788786,0.667767867353054,4.120095752428146,0.7096935109118196,11264,0.19034703194865069,9,0,2
silver,7,0.539156342674452,0.49186862941018816,0.25723355179791935,2.104678676000697,0.3768610347190413,1514,0.5838829559420703,29,0,1
silver,15,0.47327647090815167,0.39363583960176135,0.34402400945610107,2.227041427087915,0.2756400404462444,1460,0.4381157852909068,29,0,1
platinum,41,0.8580227945121053,0.9680879263960847,0.70030884395369,4.669602616133962,0.9379157745144086,13134,0.0058987411613822816,6,0,3
silver,10,0.626396890129044,0.3615165280256507,0.328738093420205,2.6020956744690413,0.5086897650922373,1076,0.45436905435282526,8,0,1
platinum,49,0.9219373152631375,0.8000475047151769,0.7052547972586186,4.99241540048947,0.8950262996371308,33782,0.08390261356746068,4,0,3
silver,11,0.5274797968750219,0.4719083880695165,0.39807183798069434,3.3642759746675788,0.44970212086878736,6116,0.6894739507480802,20,0,1
gold,33,0.7730028139866636,0.5936023167778749,0.6895372354128559,3.4875986771565213,0.7108623506577655,17697,0.36569722705596996,2,0,2
platinum,31,0.8849842108636792,0.8425361568682452,0.7273493471218575,4.2436567160638665,0.873501642230817,17069,0.08629805212355263,2,0,3
silver,6,0.5737214945123569,0.3215038139026004,0.4873548002166804,2.1504297087183586,0.33743172499063834,3816,0.549069185883007,28,0,1
gold,15,0.6245019211951852,0.694201979909564,0.69987006009444,3.5092464312643616,0.6005806742342582,9784,0.3314405285531892,7,0,2
refused,3,0.07545260404639512,0.04965980575934504,0.12472471575964976,1.4225747129998163,0.2354197238592137,987,0.8434281351454602,20,1,0
gold,35,0.6601676286892882,0.7831416771764903,0.6260037361237655,3.7283677395291184,0.5802146605434542,17103,0.20156211076177405,6,0,2
silver,7,0.3949514402563904,0.3990335393565723,0.3017323237879692,2.403091204197186,0.38859985220926246,7094,0.6517951052735287,12,0,1
silver,17,0.427772040617081,0.5852138249992087,0.47966450622979473,2.2076639516983105,0.3864730434603528,6698,0.532217862810008,14,0,1
gold,20,0.6270111398441017,0.7815148899545664,0.5079594254671305,3.4588359972739537,0.555192807437144,16204,0.37164041498045697,12,0,2
silver,15,0.5678546404839384,0.46501162229958115,0.4399205829595322,2.0361991680388303,0.2656113513083681,6121,0.368264747188227,25,0,1
silver,8,0.35550151670319496,0.5423795533688158,0.3900432718012174,2.0238400897100055,0.4960460976056944,3441,0.6855442094778894,13,1,1
